# Blender 5.2.1 LTS
# www.blender.org
o twintails
v -1.845903 0.208017 0.062474
v -1.229138 1.434847 -0.097146
v -1.649213 0.353264 -0.565677
v -1.146003 1.604536 -0.713951
v -1.131500 0.565055 -0.019077
v -0.982429 1.655926 -0.205293
v -1.105514 0.596927 -0.582955
v -0.897517 1.531727 -0.702278
v -1.887503 0.235065 -0.287528
v -1.449711 0.778029 0.083657
v -1.172721 1.819758 -0.472647
v -1.314004 0.974317 -0.719491
v -1.414904 0.326569 -0.579280
v -0.979161 1.682733 -0.782336
v -0.979706 0.969568 -0.672250
v -1.067907 0.594331 -0.320620
v -0.920011 1.586457 -0.438767
v -0.997162 0.991842 -0.033924
v -1.550193 0.231083 0.121963
v -1.092542 1.580622 -0.082415
v -0.977055 2.042566 -0.513109
v -1.540497 0.154433 -0.266586
v -1.233054 0.746446 0.225012
v -0.932172 1.020818 -0.365346
v -1.118728 0.900975 -0.807956
v -1.436743 1.127331 -0.380391
v -0.864576 2.008081 -0.381907
v -0.832852 1.863034 -0.684771
v -0.856460 1.961477 -0.720912
v -0.828892 2.010336 -0.525862
v -0.869074 2.076569 -0.370296
v -0.818940 2.186796 -0.548111
v -0.763095 2.063670 -0.417765
v -0.714178 2.034420 -0.511593
v -0.737047 2.129702 -0.379301
v -0.695319 2.205072 -0.500902
v -0.681471 2.072243 -0.511066
v -0.700588 2.151893 -0.400478
v -0.662867 2.204755 -0.496928
v -1.914560 0.194638 -0.084682
v -1.297478 1.158353 0.001088
v -1.156305 1.762023 -0.627539
v -1.505676 0.596285 -0.647438
v -1.574776 0.291586 -0.572384
v -0.925600 1.567897 -0.778310
v -1.038655 0.743446 -0.634644
v -1.078079 0.597364 -0.483725
v -0.945730 1.641526 -0.315895
v -1.051152 0.727391 -0.007453
v -1.299579 0.403223 0.061537
v -1.179656 1.467491 -0.062393
v -1.779444 0.286592 -0.458766
v -1.691731 0.418035 0.098317
v -1.204271 1.656456 -0.265058
v -1.198573 1.350216 -0.733064
v -1.231241 0.462064 -0.590818
v -1.079347 1.638936 -0.752084
v -0.936733 1.253924 -0.693853
v -1.089475 0.578884 -0.144941
v -0.899687 1.542740 -0.577647
v -0.989284 1.330295 -0.105936
v -1.766835 0.159270 0.115271
v -1.035612 1.600129 -0.107046
v -1.030065 1.892022 -0.306357
v -0.968773 1.959617 -0.671446
v -0.971046 1.901549 -0.260788
v -1.074937 1.964494 -0.495878
v -1.580248 0.151581 -0.062379
v -1.495662 0.200876 -0.435078
v -1.797142 0.086277 -0.265392
v -1.272575 0.355477 -0.290309
v -1.362341 0.700014 0.211643
v -1.100690 0.872528 0.125561
v -1.400075 0.435284 0.224521
v -1.151675 1.131094 0.120328
v -0.944504 1.032305 -0.199723
v -0.944723 0.999149 -0.530475
v -0.964176 0.801497 -0.343200
v -0.928511 1.299703 -0.397212
v -1.037739 0.930061 -0.766697
v -1.218091 0.907808 -0.793931
v -1.267496 0.569302 -0.714923
v -1.034190 1.278180 -0.825339
v -1.386056 1.092282 -0.580567
v -1.467136 0.975177 -0.136499
v -1.707435 0.634430 -0.328829
v -1.269477 1.539665 -0.431964
v -0.838404 1.912723 -0.714463
v -0.849348 1.996988 -0.440047
v -0.829389 1.927912 -0.618118
v -0.874388 2.029214 -0.353239
v -0.843464 2.154800 -0.442277
v -0.842807 2.075167 -0.658067
v -0.802833 2.123147 -0.565637
v -0.893788 2.120825 -0.534656
v -0.855949 1.738984 -0.698037
v -0.884423 1.820181 -0.485587
v -0.898031 1.877057 -0.752628
v -0.934859 1.883862 -0.307573
v -0.744591 2.060910 -0.453601
v -0.752770 2.094987 -0.406288
v -0.710503 2.190452 -0.450499
v -0.699068 2.142811 -0.516645
v -0.801328 2.050862 -0.408984
v -0.792369 2.137059 -0.406427
v -0.773271 2.072606 -0.505776
v -0.755644 2.213389 -0.513943
v -0.677542 2.192992 -0.449719
v -0.666584 2.147336 -0.513109
v -0.679093 2.204913 -0.498915
v -0.697920 2.039104 -0.510044
v -0.720312 2.132402 -0.380507
v -1.241739 1.489009 -0.611442
v -0.972189 1.259995 -0.788136
v -0.947292 1.338675 -0.249532
v -1.241184 1.083424 0.112085
v -1.303243 0.347853 -0.098611
v -1.120928 1.793318 -0.282487
v -0.862092 1.765330 -0.598279
v -0.932612 2.036070 -0.377788
v -1.064186 1.891788 -0.651745
v -1.833007 0.076860 -0.062950
v -1.710150 0.148236 -0.432674
v -1.260383 0.381087 -0.457664
v -1.577678 0.373962 0.211793
v -1.203857 0.582520 0.137457
v -1.061499 1.237874 0.033446
v -0.978814 0.790758 -0.170698
v -0.983056 0.788768 -0.509149
v -0.923979 1.267496 -0.553861
v -1.139648 0.651552 -0.697839
v -1.392184 0.554433 -0.703972
v -1.120930 1.290395 -0.804330
v -1.620126 0.641396 -0.519729
v -1.737169 0.531947 -0.100809
v -1.297205 1.375178 -0.203665
v -0.802282 2.084376 -0.391019
v -0.821616 2.031881 -0.642133
v -0.875371 1.775107 -0.756417
v -0.892968 2.035910 -0.671021
v -0.963501 1.871448 -0.250876
v -0.908654 1.864707 -0.387396
v -0.721802 2.116978 -0.452455
v -0.790111 2.042881 -0.454293
v -0.757602 2.153409 -0.528877
v -0.771662 2.196287 -0.460112
v -0.682837 2.143459 -0.514731
v -0.694192 2.190769 -0.449044
v 1.838594 0.208017 0.062474
v 1.221829 1.434847 -0.097146
v 1.641904 0.353264 -0.565677
v 1.138695 1.604536 -0.713951
v 1.124191 0.565055 -0.019077
v 0.975120 1.655926 -0.205293
v 1.098205 0.596927 -0.582955
v 0.890208 1.531727 -0.702278
v 1.880194 0.235065 -0.287528
v 1.442402 0.778029 0.083657
v 1.165412 1.819758 -0.472647
v 1.306695 0.974317 -0.719491
v 1.407595 0.326569 -0.579280
v 0.971852 1.682733 -0.782336
v 0.972397 0.969568 -0.672250
v 1.060598 0.594331 -0.320620
v 0.912702 1.586457 -0.438767
v 0.989853 0.991842 -0.033924
v 1.542884 0.231083 0.121963
v 1.085233 1.580622 -0.082415
v 0.969746 2.042566 -0.513109
v 1.533188 0.154433 -0.266586
v 1.225745 0.746446 0.225012
v 0.924863 1.020818 -0.365346
v 1.111419 0.900975 -0.807956
v 1.429434 1.127331 -0.380391
v 0.857267 2.008081 -0.381907
v 0.825543 1.863034 -0.684771
v 0.849151 1.961477 -0.720912
v 0.821583 2.010336 -0.525862
v 0.861765 2.076569 -0.370296
v 0.811631 2.186796 -0.548111
v 0.755787 2.063670 -0.417765
v 0.706869 2.034420 -0.511593
v 0.729738 2.129702 -0.379301
v 0.688010 2.205072 -0.500902
v 0.674162 2.072243 -0.511066
v 0.693279 2.151893 -0.400478
v 0.655558 2.204755 -0.496928
v 1.907251 0.194638 -0.084682
v 1.290169 1.158353 0.001088
v 1.148996 1.762023 -0.627539
v 1.498367 0.596285 -0.647438
v 1.567467 0.291586 -0.572384
v 0.918291 1.567897 -0.778310
v 1.031346 0.743446 -0.634644
v 1.070770 0.597364 -0.483725
v 0.938421 1.641526 -0.315895
v 1.043843 0.727391 -0.007453
v 1.292270 0.403223 0.061537
v 1.172347 1.467491 -0.062393
v 1.772135 0.286592 -0.458766
v 1.684422 0.418035 0.098317
v 1.196962 1.656456 -0.265058
v 1.191264 1.350216 -0.733064
v 1.223932 0.462064 -0.590818
v 1.072038 1.638936 -0.752084
v 0.929424 1.253924 -0.693853
v 1.082166 0.578884 -0.144941
v 0.892378 1.542740 -0.577647
v 0.981975 1.330295 -0.105936
v 1.759526 0.159270 0.115271
v 1.028303 1.600129 -0.107046
v 1.022756 1.892022 -0.306357
v 0.961464 1.959617 -0.671446
v 0.963737 1.901549 -0.260788
v 1.067628 1.964494 -0.495878
v 1.572939 0.151581 -0.062379
v 1.488353 0.200876 -0.435078
v 1.789833 0.086277 -0.265392
v 1.265266 0.355477 -0.290309
v 1.355032 0.700014 0.211643
v 1.093382 0.872528 0.125561
v 1.392766 0.435284 0.224521
v 1.144367 1.131094 0.120328
v 0.937195 1.032305 -0.199723
v 0.937414 0.999149 -0.530475
v 0.956867 0.801497 -0.343200
v 0.921202 1.299703 -0.397212
v 1.030430 0.930061 -0.766697
v 1.210782 0.907808 -0.793931
v 1.260187 0.569302 -0.714923
v 1.026881 1.278180 -0.825339
v 1.378747 1.092282 -0.580567
v 1.459827 0.975177 -0.136499
v 1.700126 0.634430 -0.328829
v 1.262168 1.539665 -0.431964
v 0.831095 1.912723 -0.714463
v 0.842039 1.996988 -0.440047
v 0.822080 1.927912 -0.618118
v 0.867079 2.029214 -0.353239
v 0.836155 2.154800 -0.442277
v 0.835498 2.075167 -0.658067
v 0.795524 2.123147 -0.565637
v 0.886479 2.120825 -0.534656
v 0.848640 1.738984 -0.698037
v 0.877114 1.820181 -0.485587
v 0.890722 1.877057 -0.752628
v 0.927550 1.883862 -0.307573
v 0.737282 2.060910 -0.453601
v 0.745461 2.094987 -0.406288
v 0.703194 2.190452 -0.450499
v 0.691760 2.142811 -0.516645
v 0.794019 2.050862 -0.408984
v 0.785060 2.137059 -0.406427
v 0.765962 2.072606 -0.505776
v 0.748335 2.213389 -0.513943
v 0.670233 2.192992 -0.449719
v 0.659275 2.147336 -0.513109
v 0.671784 2.204913 -0.498915
v 0.690611 2.039104 -0.510044
v 0.713004 2.132402 -0.380507
v 1.234430 1.489009 -0.611442
v 0.964880 1.259995 -0.788136
v 0.939983 1.338675 -0.249532
v 1.233875 1.083424 0.112085
v 1.295934 0.347853 -0.098611
v 1.113619 1.793318 -0.282487
v 0.854783 1.765330 -0.598279
v 0.925303 2.036070 -0.377788
v 1.056877 1.891788 -0.651745
v 1.825698 0.076860 -0.062950
v 1.702842 0.148236 -0.432674
v 1.253075 0.381087 -0.457664
v 1.570369 0.373962 0.211793
v 1.196548 0.582520 0.137457
v 1.054190 1.237874 0.033446
v 0.971505 0.790758 -0.170698
v 0.975747 0.788768 -0.509149
v 0.916670 1.267496 -0.553861
v 1.132339 0.651552 -0.697839
v 1.384875 0.554433 -0.703972
v 1.113621 1.290395 -0.804330
v 1.612817 0.641396 -0.519729
v 1.729860 0.531947 -0.100809
v 1.289896 1.375178 -0.203665
v 0.794973 2.084376 -0.391019
v 0.814307 2.031881 -0.642133
v 0.868062 1.775107 -0.756417
v 0.885659 2.035910 -0.671021
v 0.956192 1.871448 -0.250876
v 0.901345 1.864707 -0.387396
v 0.714493 2.116978 -0.452455
v 0.782802 2.042881 -0.454293
v 0.750293 2.153409 -0.528877
v 0.764353 2.196287 -0.460112
v 0.675528 2.143459 -0.514731
v 0.686883 2.190769 -0.449044
v -0.969515 0.395381 0.080928
v -0.288948 1.046601 0.080928
v -0.969515 0.395381 -0.080928
v -0.288948 1.046601 -0.080928
v -0.839094 0.284749 0.080929
v -0.249911 0.880092 0.080928
v -0.839094 0.284749 -0.080928
v -0.249911 0.880092 -0.080928
v -0.994331 0.416090 -0.000000
v -0.702874 0.703983 0.080928
v -0.296579 1.078009 -0.000000
v -0.702874 0.703983 -0.080928
v -0.904473 0.339866 -0.117833
v -0.269683 0.963287 -0.117833
v -0.572452 0.593351 -0.080928
v -0.814615 0.263643 -0.000000
v -0.242788 0.848565 -0.000000
v -0.572452 0.593351 0.080928
v -0.904473 0.339866 0.117833
v -0.269683 0.963287 0.117833
v -0.269683 0.963287 -0.000000
v -0.607525 0.797876 -0.080928
v -0.637832 0.648468 0.117833
v -0.547973 0.572245 -0.000000
v -0.637832 0.648468 -0.117833
v -0.727690 0.724692 -0.000000
v -0.512177 0.891768 0.080928
v -0.512177 0.891768 -0.080928
v -0.427738 0.753020 -0.080928
v -0.427738 0.753020 0.080928
v -0.470169 0.822265 0.117833
v -0.411992 0.726670 -0.000000
v -0.470169 0.822265 -0.117833
v -0.528346 0.917861 -0.000000
v -0.971714 0.352136 0.056788
v -0.971714 0.352136 -0.056787
v -0.880197 0.274506 0.056788
v -0.880197 0.274506 -0.056787
v -0.989128 0.366668 -0.000000
v -0.926074 0.313182 -0.082683
v -0.863020 0.259696 -0.000000
v -0.926074 0.313182 0.082683
v -0.945153 0.301734 -0.000000
v -0.500095 0.673186 -0.080928
v -0.500095 0.673186 0.080928
v -0.554000 0.735367 0.117833
v -0.479983 0.649458 -0.000000
v -0.554000 0.735367 -0.117833
v -0.628018 0.821276 -0.000000
v -0.607525 0.797876 0.080928
v 0.969515 0.395381 0.080928
v 0.288948 1.046601 0.080928
v 0.969515 0.395381 -0.080928
v 0.288948 1.046601 -0.080928
v 0.839094 0.284749 0.080929
v 0.249911 0.880092 0.080928
v 0.839094 0.284749 -0.080928
v 0.249911 0.880092 -0.080928
v 0.994331 0.416090 -0.000000
v 0.702874 0.703983 0.080928
v 0.296579 1.078009 -0.000000
v 0.702874 0.703983 -0.080928
v 0.904473 0.339866 -0.117833
v 0.269683 0.963287 -0.117833
v 0.572452 0.593351 -0.080928
v 0.814615 0.263643 -0.000000
v 0.242788 0.848565 -0.000000
v 0.572452 0.593351 0.080928
v 0.904473 0.339866 0.117833
v 0.269683 0.963287 0.117833
v 0.269683 0.963287 -0.000000
v 0.607525 0.797876 -0.080928
v 0.637832 0.648468 0.117833
v 0.547973 0.572245 -0.000000
v 0.637832 0.648468 -0.117833
v 0.727690 0.724692 -0.000000
v 0.512177 0.891768 0.080928
v 0.512177 0.891768 -0.080928
v 0.427738 0.753020 -0.080928
v 0.427738 0.753020 0.080928
v 0.470169 0.822265 0.117833
v 0.411992 0.726670 -0.000000
v 0.470169 0.822265 -0.117833
v 0.528346 0.917861 -0.000000
v 0.971714 0.352136 0.056788
v 0.971714 0.352136 -0.056787
v 0.880197 0.274506 0.056788
v 0.880197 0.274506 -0.056787
v 0.989128 0.366668 -0.000000
v 0.926074 0.313182 -0.082683
v 0.863020 0.259696 -0.000000
v 0.926074 0.313182 0.082683
v 0.945153 0.301734 -0.000000
v 0.500095 0.673186 -0.080928
v 0.500095 0.673186 0.080928
v 0.554000 0.735367 0.117833
v 0.479983 0.649458 -0.000000
v 0.554000 0.735367 -0.117833
v 0.628018 0.821276 -0.000000
v 0.607525 0.797876 0.080928
v -0.317489 0.260096 0.266628
v -0.408262 0.246757 -0.267732
v 0.317489 0.260096 0.266628
v 0.408262 0.246757 -0.267732
v -0.492045 0.186152 -0.005142
v 0.000000 0.168942 -0.300912
v 0.492045 0.186152 -0.005142
v 0.000000 0.182961 0.316387
v 0.000000 0.018733 -0.000382
v -0.415669 0.208657 0.158906
v -0.337570 0.496781 -0.244793
v -0.257610 0.192472 -0.294695
v 0.337570 0.496781 -0.244793
v 0.481101 0.201448 -0.169011
v 0.255586 0.513110 0.262391
v 0.192178 0.206095 0.300582
v -0.481101 0.201448 -0.169011
v -0.255586 0.513110 0.262391
v 0.257610 0.192472 -0.294695
v 0.415669 0.208657 0.158906
v -0.192178 0.206095 0.300582
v 0.000000 0.057003 0.177536
v 0.000000 0.050691 -0.174581
v -0.303222 0.060157 -0.003186
v 0.303221 0.060157 -0.003186
v 0.000000 0.498664 0.304936
v 0.425882 0.487688 0.002377
v 0.000000 0.478679 -0.299009
v -0.425882 0.487688 0.002377
v 0.255414 0.093526 0.168518
v -0.255414 0.093526 0.168518
v -0.297338 0.087408 -0.173602
v 0.297338 0.087408 -0.173602
v -0.133456 0.505562 0.318018
v 0.133456 0.505562 0.318018
v 0.361576 0.499725 0.149377
v 0.418787 0.490478 -0.141185
v 0.190667 0.486203 -0.290551
v -0.190667 0.486203 -0.290551
v -0.418787 0.490478 -0.141185
v -0.361576 0.499725 0.149377
v -0.382785 1.041517 0.144473
v -0.192605 0.905309 0.320162
v -0.236181 1.156871 0.144473
v -0.056397 1.067636 0.294105
v -0.314681 1.122680 0.144473
v -0.311570 0.973413 0.235360
v -0.129579 0.996629 0.320162
v -0.186701 1.109079 0.212863
v -0.244736 1.063463 0.235360
v -0.392424 1.055046 0.062463
v -0.253319 1.170399 0.062463
v -0.324320 1.136209 0.062463
v -0.395118 1.050566 -0.033036
v -0.256059 1.165919 -0.033036
v -0.327014 1.131729 -0.033036
v -0.372290 1.041570 -0.137396
v -0.240697 1.156923 -0.137396
v -0.304186 1.122733 -0.137396
v -0.330503 1.031196 -0.238410
v -0.211363 1.144877 -0.224559
v -0.262399 1.112359 -0.238410
v -0.195611 1.029358 -0.323830
v -0.144633 1.144711 -0.268544
v -0.160034 1.110521 -0.304256
v 0.000000 1.035442 -0.340000
v 0.000000 1.147885 -0.268544
v 0.000000 1.115442 -0.306049
v 0.382785 1.041517 0.144473
v 0.192605 0.905309 0.320162
v 0.236181 1.156871 0.144473
v 0.056397 1.067636 0.294105
v 0.314681 1.122680 0.144473
v 0.311570 0.973413 0.235360
v 0.129579 0.996629 0.320162
v 0.186701 1.109079 0.212863
v 0.244736 1.063463 0.235360
v 0.392424 1.055046 0.062463
v 0.253319 1.170399 0.062463
v 0.324320 1.136209 0.062463
v 0.395118 1.050566 -0.033036
v 0.256059 1.165919 -0.033036
v 0.327014 1.131729 -0.033036
v 0.372290 1.041570 -0.137396
v 0.240697 1.156923 -0.137396
v 0.304186 1.122733 -0.137396
v 0.330503 1.031196 -0.238410
v 0.211363 1.144877 -0.224559
v 0.262399 1.112359 -0.238410
v 0.195611 1.029358 -0.323830
v 0.144633 1.144711 -0.268544
v 0.160034 1.110521 -0.304256
v -0.500104 1.238061 -0.369765
v -0.509319 2.245669 -0.465275
v 0.500104 1.238061 -0.369765
v 0.509319 2.245669 -0.465275
v -0.569627 1.202078 0.014975
v -0.580434 2.351325 -0.081207
v -0.636678 1.739785 -0.528661
v 0.000000 1.130851 -0.415624
v 0.000000 2.352390 -0.526214
v 0.636678 1.739785 -0.528661
v 0.481127 1.179840 0.012109
v 0.580434 2.351325 -0.081207
v 0.000000 2.577203 -0.092885
v 0.000000 1.023108 0.024546
v 0.797879 1.763611 -0.040929
v 0.000000 1.735786 -0.693837
v -0.797879 1.763611 -0.040929
v -0.562481 1.472475 0.303041
v -0.564061 2.311826 -0.312730
v -0.589449 1.437009 -0.460543
v -0.299485 1.164370 -0.401953
v 0.304252 2.318170 -0.509063
v 0.589449 1.437009 -0.460543
v 0.546363 1.185621 -0.212057
v 0.534975 2.322342 0.202901
v -0.546363 1.185621 -0.212057
v -0.534975 2.322342 0.202901
v -0.594216 2.043190 -0.520166
v 0.299485 1.164370 -0.401953
v -0.304252 2.318170 -0.509063
v 0.594216 2.043190 -0.520166
v 0.557516 1.364053 0.238091
v 0.564061 2.311826 -0.312730
v 0.000000 2.533083 0.185623
v 0.000000 2.514554 -0.327569
v 0.316605 2.519967 -0.090237
v -0.316605 2.519967 -0.090237
v 0.000000 1.094282 0.246046
v 0.000000 1.049086 -0.203687
v -0.301972 1.076935 0.020741
v 0.301972 1.076935 0.020741
v 0.722439 1.760532 0.258572
v 0.773848 1.748169 -0.309675
v 0.731481 1.443901 -0.012623
v 0.746114 2.084051 -0.064594
v 0.358917 1.736405 -0.655241
v -0.358917 1.736405 -0.655241
v 0.000000 1.397649 -0.597925
v 0.000000 2.076202 -0.661429
v -0.773848 1.748169 -0.309675
v -0.722439 1.760532 0.258572
v -0.731481 1.443901 -0.012623
v -0.746114 2.084051 -0.064594
v -0.722214 2.060315 -0.319875
v 0.336247 2.061424 -0.629536
v 0.688072 2.068860 0.224207
v 0.289521 1.145060 0.239132
v -0.283917 2.461956 0.187879
v 0.283917 2.461956 0.187879
v 0.310427 2.463764 -0.321207
v -0.310427 2.463764 -0.321207
v -0.289521 1.145060 0.239132
v -0.298456 1.097274 -0.203146
v 0.298456 1.097274 -0.203146
v 0.691684 1.575798 0.293037
v 0.710243 1.435766 -0.262578
v 0.722214 2.060315 -0.319875
v 0.335223 1.413129 -0.567000
v -0.335223 1.413129 -0.567000
v -0.336247 2.061424 -0.629536
v -0.710243 1.435766 -0.262578
v -0.685897 1.485314 0.282238
v -0.688072 2.068860 0.224207
v -0.724935 1.942893 -0.308322
v -0.874847 2.030117 -0.410267
v -0.566734 1.923735 -0.557351
v -0.716647 2.010959 -0.659296
v -0.609904 2.202649 -0.255230
v -0.759816 2.289873 -0.357174
v -0.451703 2.183491 -0.504259
v -0.601616 2.270716 -0.606203
v -0.672286 1.873582 -0.445046
v -0.799891 1.986505 -0.359295
v -0.822199 1.960806 -0.546990
v -0.641691 1.967347 -0.608324
v -0.475436 2.049522 -0.583984
v -0.625349 2.136747 -0.685929
v -0.526660 2.227104 -0.555231
v -0.504352 2.252802 -0.367535
v -0.654264 2.340026 -0.469480
v -0.684860 2.246261 -0.306202
v -0.701202 2.076862 -0.228597
v -0.851114 2.164086 -0.330542
v -0.776158 2.120474 -0.279570
v -0.579308 2.296414 -0.418508
v -0.550392 2.093134 -0.634956
v -0.747242 1.917194 -0.496018
v 0.724935 1.942893 -0.308322
v 0.874847 2.030117 -0.410267
v 0.566734 1.923735 -0.557351
v 0.716647 2.010959 -0.659296
v 0.609904 2.202649 -0.255230
v 0.759816 2.289873 -0.357174
v 0.451703 2.183491 -0.504259
v 0.601616 2.270716 -0.606203
v 0.672286 1.873582 -0.445046
v 0.799891 1.986505 -0.359295
v 0.822199 1.960806 -0.546990
v 0.641691 1.967347 -0.608324
v 0.475436 2.049522 -0.583984
v 0.625349 2.136747 -0.685929
v 0.526660 2.227104 -0.555231
v 0.504352 2.252802 -0.367535
v 0.654264 2.340026 -0.469480
v 0.684860 2.246261 -0.306202
v 0.701202 2.076862 -0.228597
v 0.851114 2.164086 -0.330542
v 0.776158 2.120474 -0.279570
v 0.579308 2.296414 -0.418508
v 0.550392 2.093134 -0.634956
v 0.747242 1.917194 -0.496018
v -0.705125 1.960476 -0.322408
v -0.855037 2.047700 -0.424353
v -0.569747 1.944082 -0.535513
v -0.719659 2.031306 -0.637457
v -0.606891 2.182302 -0.277068
v -0.756804 2.269526 -0.379013
v -0.471513 2.165908 -0.490173
v -0.621425 2.253132 -0.592117
v -0.660345 1.900546 -0.439535
v -0.780081 2.004088 -0.373381
v -0.810258 1.987770 -0.541479
v -0.644703 1.987694 -0.586485
v -0.491489 2.051466 -0.558715
v -0.641401 2.138690 -0.660659
v -0.546469 2.209520 -0.541145
v -0.516293 2.225838 -0.373047
v -0.666205 2.313062 -0.474991
v -0.681848 2.225914 -0.328041
v -0.685149 2.074918 -0.253866
v -0.835062 2.162142 -0.355811
v -0.760105 2.118530 -0.304839
v -0.591249 2.269450 -0.424019
v -0.566445 2.095078 -0.609687
v -0.735302 1.944158 -0.490507
v 0.705125 1.960476 -0.322408
v 0.855037 2.047700 -0.424353
v 0.569747 1.944082 -0.535513
v 0.719659 2.031306 -0.637457
v 0.606891 2.182302 -0.277068
v 0.756804 2.269526 -0.379013
v 0.471513 2.165908 -0.490173
v 0.621425 2.253132 -0.592117
v 0.660345 1.900546 -0.439535
v 0.780081 2.004088 -0.373381
v 0.810258 1.987770 -0.541479
v 0.644703 1.987694 -0.586485
v 0.491489 2.051466 -0.558715
v 0.641401 2.138690 -0.660659
v 0.546469 2.209520 -0.541145
v 0.516293 2.225838 -0.373047
v 0.666205 2.313062 -0.474991
v 0.681848 2.225914 -0.328041
v 0.685149 2.074918 -0.253866
v 0.835062 2.162142 -0.355811
v 0.760105 2.118530 -0.304839
v 0.591249 2.269450 -0.424019
v 0.566445 2.095078 -0.609687
v 0.735302 1.944158 -0.490507
v -0.738441 1.991491 0.232208
v 0.748991 2.002004 0.231323
v -0.477326 2.414507 0.196610
v 0.477326 2.414507 0.196610
v -0.677778 2.222710 0.212750
v 0.226827 2.166013 0.576175
v 0.677778 2.222710 0.212750
v 0.000000 2.574829 0.183118
v -0.050074 2.402290 0.426046
v -0.374495 2.104062 0.484775
v -0.743716 1.694501 0.257200
v -0.495821 1.779134 0.492307
v -0.672503 1.304905 0.282590
v -0.556484 1.405418 0.423324
v -0.625027 1.172274 0.247702
v -0.585497 1.293266 0.348718
v 0.200451 1.914802 0.605220
v -0.240421 1.728095 0.577760
v 0.174076 1.694146 0.578000
v -0.040410 1.456292 0.598016
v 0.147701 1.546274 0.576921
v 0.095862 1.398217 0.589381
v 0.755584 1.837509 0.242411
v 0.510360 1.788873 0.471752
v 0.759980 1.620736 0.235109
v 0.646632 1.536742 0.385023
v 0.762989 1.453340 0.154935
v 0.713747 1.358395 0.305770
v -0.725703 1.987915 0.217209
v 0.736629 1.998274 0.216049
v -0.469613 2.402348 0.182729
v 0.469717 2.401576 0.183385
v -0.667072 2.215285 0.197576
v 0.223187 2.157338 0.558526
v 0.666754 2.215123 0.197887
v -0.000433 2.558569 0.171480
v -0.048461 2.388932 0.411249
v -0.366790 2.097004 0.467721
v -0.729641 1.694387 0.242991
v -0.482451 1.777133 0.477568
v -0.659609 1.309879 0.268133
v -0.542667 1.407564 0.409025
v -0.613152 1.179583 0.233364
v -0.573622 1.300575 0.334380
v 0.202469 1.912715 0.585432
v -0.238789 1.726472 0.557893
v 0.173714 1.694351 0.558005
v -0.041407 1.456352 0.578041
v 0.145567 1.546073 0.557037
v 0.093728 1.398016 0.569496
v 0.741765 1.836007 0.228031
v 0.497449 1.785846 0.456780
v 0.744011 1.620189 0.223081
v 0.630570 1.536250 0.373116
v 0.745246 1.453987 0.145728
v 0.696004 1.359042 0.296563
v 0.592092 1.030498 0.283736
v 0.565690 0.960305 0.143926
v 0.658776 1.585305 0.257445
v 0.701726 1.528454 0.149939
v 0.607488 1.205938 0.317082
v 0.572353 0.921407 0.250959
v 0.581589 1.366490 0.097398
v 0.706507 1.535110 0.250798
v 0.673772 1.243210 0.253147
v 0.507156 0.835268 0.148934
v 0.510876 0.814773 0.215819
v 0.576082 1.035052 0.272649
v 0.547777 0.965753 0.150958
v 0.648230 1.585056 0.240453
v 0.684413 1.533317 0.158692
v 0.592989 1.208918 0.303631
v 0.553989 0.927820 0.255608
v 0.564135 1.370821 0.106149
v 0.688788 1.537510 0.241838
v 0.654489 1.246564 0.249037
v 0.489548 0.843871 0.152923
v 0.493267 0.823376 0.219808
v -0.628118 1.091953 0.172014
v -0.482463 0.884419 0.248297
v -0.721219 1.498441 0.125815
v -0.536208 1.508810 0.406293
v -0.645702 1.234482 0.132448
v -0.570676 0.946245 0.222876
v -0.533016 1.206323 0.370093
v -0.657183 1.569728 0.287082
v -0.594854 1.210055 0.283389
v -0.609873 1.094234 0.164146
v -0.469430 0.890419 0.234364
v -0.703028 1.502428 0.118523
v -0.521000 1.511085 0.393505
v -0.627473 1.237822 0.124930
v -0.556261 0.951519 0.210054
v -0.518726 1.210347 0.356692
v -0.640180 1.572947 0.277056
v -0.578501 1.213769 0.272491
v -0.451108 1.338670 0.357936
v -0.449320 2.281318 0.298527
v 0.451108 1.338670 0.357936
v 0.449320 2.281318 0.298527
v -0.564467 1.812043 0.416926
v 0.564467 1.812043 0.416926
v 0.000000 1.241316 0.417419
v 0.000000 2.402167 0.353217
v 0.000000 1.840536 0.580139
v -0.503539 1.262925 0.219227
v -0.523241 2.094232 0.370320
v 0.512228 2.320845 0.144995
v 0.526848 1.530803 0.405517
v 0.268783 1.274112 0.400526
v -0.265175 2.362735 0.337300
v -0.526848 1.530803 0.405517
v -0.512228 2.320845 0.144995
v 0.503539 1.262925 0.219227
v 0.523241 2.094232 0.370320
v -0.268783 1.274112 0.400526
v 0.265175 2.362735 0.337300
v 0.000000 2.522386 0.142202
v 0.000000 1.072455 0.236631
v -0.313141 1.832126 0.540395
v 0.313141 1.832126 0.540395
v 0.000000 1.513797 0.542196
v 0.000000 2.158546 0.509968
v 0.707699 1.787768 0.211569
v -0.707699 1.787768 0.211569
v 0.657807 2.080957 0.178891
v -0.290791 2.134737 0.477382
v 0.275306 1.120740 0.230056
v -0.280894 2.470723 0.139719
v 0.280894 2.470723 0.139719
v -0.275306 1.120740 0.230056
v -0.295613 1.524593 0.510133
v 0.295613 1.524593 0.510133
v 0.290791 2.134737 0.477382
v 0.652219 1.497371 0.220840
v -0.652219 1.497371 0.220840
v -0.657807 2.080957 0.178891
v -0.805773 1.265986 -0.199780
v -0.863481 1.497842 -0.219291
v -0.599825 1.208151 -0.304207
v -0.711208 1.655659 -0.341867
v -0.805773 1.285624 0.033582
v -0.863481 1.517480 0.014071
v -0.599825 1.246054 0.146207
v -0.711208 1.693563 0.108548
v -0.711988 1.210551 -0.273006
v -0.834627 1.377579 -0.261049
v -0.807949 1.596098 -0.305451
v -0.655516 1.423538 -0.422464
v -0.577092 1.135769 -0.071314
v -0.733940 1.765945 -0.124345
v -0.655516 1.478176 0.226804
v -0.711988 1.243207 0.115044
v -0.807949 1.628754 0.082599
v -0.834627 1.405887 0.075340
v -0.793995 1.228484 -0.079116
v -0.875259 1.554981 -0.106592
v -0.827534 1.691113 -0.118048
v -0.692403 1.148191 -0.072360
v -0.857522 1.379565 -0.091830
v -0.759969 1.443189 0.184482
v -0.655516 1.450857 -0.097830
v -0.759969 1.396116 -0.374889
v 0.805773 1.265986 -0.199780
v 0.863481 1.497842 -0.219291
v 0.599825 1.208151 -0.304207
v 0.711208 1.655659 -0.341867
v 0.805773 1.285624 0.033582
v 0.863481 1.517480 0.014071
v 0.599825 1.246054 0.146207
v 0.711208 1.693563 0.108548
v 0.711988 1.210551 -0.273006
v 0.834627 1.377579 -0.261049
v 0.807949 1.596098 -0.305451
v 0.655516 1.423538 -0.422464
v 0.577092 1.135769 -0.071314
v 0.733940 1.765945 -0.124345
v 0.655516 1.478176 0.226804
v 0.711988 1.243207 0.115044
v 0.807949 1.628754 0.082599
v 0.834627 1.405887 0.075340
v 0.793995 1.228484 -0.079116
v 0.875259 1.554981 -0.106592
v 0.827534 1.691113 -0.118048
v 0.692403 1.148191 -0.072360
v 0.857522 1.379565 -0.091830
v 0.759969 1.443189 0.184482
v 0.655516 1.450857 -0.097830
v 0.759969 1.396116 -0.374889
v 0.400487 0.306180 0.709886
v 0.225050 0.302981 0.111431
v 0.394080 0.068813 0.712335
v 0.213841 0.084852 -0.009237
v 0.606442 0.300373 0.664513
v 0.437361 0.326582 -0.099015
v 0.600036 0.063006 0.666962
v 0.464061 0.095932 -0.106248
v 0.346986 0.184260 0.723362
v 0.308155 0.297059 0.372181
v 0.171549 0.159143 -0.001635
v 0.301748 0.069000 0.372290
v 0.495852 0.022990 0.689669
v 0.359877 0.055917 -0.083541
v 0.526020 0.064673 0.326544
v 0.653536 0.175617 0.655827
v 0.497327 0.208543 -0.117384
v 0.532427 0.292732 0.326435
v 0.504670 0.346195 0.687179
v 0.373497 0.340036 0.089468
v 0.430654 0.338554 0.349102
v 0.579521 0.177284 0.315409
v 0.421837 0.024658 0.349251
v 0.254654 0.184448 0.383316
v 0.421451 0.336295 0.801465
v 0.415044 0.070714 0.811008
v 0.627407 0.331410 0.755860
v 0.621000 0.065828 0.765403
v 0.367950 0.204698 0.817374
v 0.516817 0.018291 0.790002
v 0.674501 0.197426 0.749495
v 0.525634 0.383833 0.776867
v 0.451565 0.313665 0.866915
v 0.446367 0.098201 0.874657
v 0.618655 0.309701 0.829917
v 0.613457 0.094237 0.837659
v 0.408160 0.206901 0.879822
v 0.528934 0.055671 0.857615
v 0.656862 0.201001 0.824752
v 0.536088 0.352231 0.846959
v 0.533190 0.205576 0.884212
v 0.197431 0.307264 -0.074057
v 0.187586 0.143393 -0.187008
v 0.383904 0.326543 -0.234353
v 0.392796 0.141146 -0.234287
v 0.150441 0.180929 -0.173363
v 0.301291 0.120763 -0.218055
v 0.422014 0.240053 -0.244067
v 0.327813 0.339809 -0.093347
v 0.261340 0.244204 -0.291480
v 0.508764 0.196863 0.105099
v -0.400487 0.306180 0.709886
v -0.225050 0.302981 0.111431
v -0.394080 0.068813 0.712335
v -0.213841 0.084852 -0.009237
v -0.606442 0.300373 0.664513
v -0.437361 0.326582 -0.099015
v -0.600036 0.063006 0.666962
v -0.464061 0.095932 -0.106248
v -0.346986 0.184260 0.723362
v -0.308155 0.297059 0.372181
v -0.171549 0.159143 -0.001635
v -0.301748 0.069000 0.372290
v -0.495852 0.022990 0.689669
v -0.359877 0.055917 -0.083541
v -0.526020 0.064673 0.326544
v -0.653536 0.175617 0.655827
v -0.497327 0.208543 -0.117384
v -0.532427 0.292732 0.326435
v -0.504670 0.346195 0.687179
v -0.373497 0.340036 0.089468
v -0.430654 0.338554 0.349102
v -0.579521 0.177284 0.315409
v -0.421837 0.024658 0.349251
v -0.254654 0.184448 0.383316
v -0.421451 0.336295 0.801465
v -0.415044 0.070714 0.811008
v -0.627407 0.331410 0.755860
v -0.621000 0.065828 0.765403
v -0.367950 0.204698 0.817374
v -0.516817 0.018291 0.790002
v -0.674501 0.197426 0.749495
v -0.525634 0.383833 0.776867
v -0.451565 0.313665 0.866915
v -0.446367 0.098201 0.874657
v -0.618655 0.309701 0.829917
v -0.613457 0.094237 0.837659
v -0.408160 0.206901 0.879822
v -0.528934 0.055671 0.857615
v -0.656862 0.201001 0.824752
v -0.536088 0.352231 0.846959
v -0.533190 0.205576 0.884212
v -0.197431 0.307264 -0.074057
v -0.187586 0.143393 -0.187008
v -0.383904 0.326543 -0.234353
v -0.392796 0.141146 -0.234287
v -0.150441 0.180929 -0.173363
v -0.301291 0.120763 -0.218055
v -0.422014 0.240053 -0.244067
v -0.327813 0.339809 -0.093347
v -0.261340 0.244204 -0.291480
v -0.508764 0.196863 0.105099
v -0.425119 0.518500 0.318551
v -0.228237 1.028654 0.254474
v -0.477226 0.462331 -0.412872
v -0.279607 1.020548 -0.280085
v 0.429548 0.505692 0.377355
v 0.228237 1.028654 0.254474
v 0.523145 0.493414 -0.350831
v 0.279607 1.020548 -0.280085
v -0.544042 0.486542 -0.066250
v -0.256763 0.755638 0.288621
v -0.336221 1.106285 -0.001172
v -0.336475 0.720467 -0.335669
v 0.000000 1.045805 -0.327802
v 0.336475 0.720467 -0.335669
v 0.535505 0.486684 -0.021936
v 0.336221 1.106285 -0.001172
v 0.256763 0.755638 0.288621
v 0.000000 1.066939 0.282049
v 0.000000 1.193991 0.001650
v 0.000000 0.754234 0.363781
v 0.408417 0.756203 -0.036515
v 0.000000 0.720830 -0.408299
v -0.408417 0.756203 -0.036515
v -0.523644 0.470979 0.136320
v -0.239828 0.918880 0.279763
v -0.324498 1.076883 -0.169943
v -0.371912 0.550540 -0.307475
v -0.314862 0.483774 -0.531662
v 0.169526 1.040783 -0.313971
v 0.374134 0.557554 -0.304518
v 0.556409 0.452121 -0.188729
v 0.289469 1.078802 0.159056
v 0.304689 0.600733 0.267751
v 0.273786 0.488560 0.505469
v -0.134498 1.055495 0.277390
v -0.565788 0.444714 -0.262025
v -0.293522 0.614251 0.280686
v -0.289469 1.078802 0.159056
v -0.305024 0.903392 -0.314356
v 0.332279 0.428081 -0.485650
v -0.169526 1.040783 -0.313971
v 0.305024 0.903392 -0.314356
v 0.500756 0.473639 0.176705
v 0.324498 1.076883 -0.169943
v 0.239828 0.918880 0.279763
v -0.264320 0.492551 0.441372
v 0.134498 1.055495 0.277390
v 0.000000 1.161530 0.165558
v 0.000000 1.150327 -0.181437
v 0.196093 1.179968 0.002836
v -0.196093 1.179968 0.002836
v -0.134721 0.754033 0.352177
v 0.134721 0.754033 0.352177
v -0.000434 0.558401 0.381905
v 0.000000 0.928730 0.339335
v 0.352985 0.759697 0.146285
v 0.407788 0.738059 -0.208996
v 0.456780 0.597240 -0.028678
v 0.387383 0.946264 -0.017519
v 0.189524 0.718050 -0.395287
v -0.189524 0.718050 -0.395287
v 0.004731 0.526982 -0.465391
v 0.000000 0.900046 -0.393277
v -0.407788 0.738059 -0.208996
v -0.352985 0.759697 0.146285
v -0.464665 0.596562 -0.048815
v -0.387383 0.946264 -0.017519
v -0.378500 0.928689 -0.187304
v 0.170870 0.898660 -0.377379
v 0.333435 0.935694 0.154155
v -0.125805 0.922758 0.331624
v -0.168732 1.146356 0.164504
v 0.168732 1.146356 0.164504
v 0.189009 1.139786 -0.175074
v -0.189009 1.139786 -0.175074
v -0.164566 0.595320 0.341494
v 0.158649 0.584176 0.335187
v 0.125805 0.922758 0.331624
v 0.454809 0.631684 0.169331
v 0.489614 0.588593 -0.201536
v 0.378500 0.928689 -0.187304
v 0.207405 0.524995 -0.372931
v -0.205863 0.545391 -0.378338
v -0.170870 0.898660 -0.377379
v -0.497596 0.578956 -0.229069
v -0.439695 0.617269 0.153109
v -0.333435 0.935694 0.154155
v -0.355368 0.596809 -0.249468
v -0.241387 0.612742 0.257570
v 0.000000 0.598646 0.317865
v 0.000000 0.579147 -0.344970
v -0.423362 0.587937 0.009957
v -0.121394 0.605377 0.301196
v -0.226242 0.586488 -0.317783
v -0.424529 0.590659 -0.137726
v -0.358902 0.599682 0.159473
v -0.062105 0.602083 0.311387
v -0.178671 0.609059 0.284307
v -0.318239 0.606212 0.208522
v -0.404287 0.593809 0.081672
v -0.423874 0.589298 -0.060081
v -0.402653 0.593734 -0.205966
v -0.293975 0.591649 -0.290106
v -0.114175 0.582817 -0.338142
v 0.355368 0.596809 -0.249468
v 0.241387 0.612742 0.257570
v 0.423362 0.587937 0.009957
v 0.121394 0.605377 0.301196
v 0.226242 0.586488 -0.317783
v 0.424529 0.590659 -0.137726
v 0.358902 0.599682 0.159473
v 0.062105 0.602083 0.311387
v 0.178671 0.609059 0.284307
v 0.318239 0.606212 0.208522
v 0.404287 0.593809 0.081672
v 0.423874 0.589298 -0.060081
v 0.402653 0.593734 -0.205966
v 0.293975 0.591649 -0.290106
v 0.114175 0.582817 -0.338142
v -0.354100 0.539752 -0.249468
v -0.240119 0.555685 0.257570
v 0.001268 0.541589 0.317865
v 0.001268 0.522090 -0.344970
v -0.422094 0.530880 0.009957
v -0.120126 0.548320 0.301196
v -0.224975 0.529431 -0.317783
v -0.423261 0.533602 -0.137726
v -0.357634 0.542625 0.159473
v -0.060837 0.545026 0.311387
v -0.177403 0.552002 0.284307
v -0.316971 0.549155 0.208522
v -0.403019 0.536752 0.081672
v -0.422606 0.532241 -0.060081
v -0.401385 0.536677 -0.205966
v -0.292707 0.534592 -0.290106
v -0.112907 0.525761 -0.338142
v 0.356636 0.539752 -0.249468
v 0.242655 0.555685 0.257570
v 0.424630 0.530880 0.009957
v 0.122662 0.548320 0.301196
v 0.227510 0.529431 -0.317783
v 0.425797 0.533602 -0.137726
v 0.360170 0.542625 0.159473
v 0.063373 0.545026 0.311387
v 0.179939 0.552002 0.284307
v 0.319507 0.549155 0.208522
v 0.405555 0.536752 0.081672
v 0.425142 0.532241 -0.060081
v 0.403921 0.536677 -0.205966
v 0.295243 0.534592 -0.290106
v 0.115443 0.525761 -0.338142
v -0.593491 0.072112 -0.362381
v -0.510641 0.383919 0.548574
v 0.001427 0.191659 0.495115
v -0.054338 0.123472 -0.439671
v -0.675441 0.074090 -0.000527
v -0.249071 0.274294 0.561414
v -0.494721 0.239321 -0.583638
v -0.821105 0.178373 -0.274709
v -0.690137 0.221550 0.304592
v -0.133142 0.221390 0.517969
v -0.365310 0.346837 0.577200
v -0.639289 0.284172 0.422869
v -0.742353 0.158932 0.125789
v -0.731175 0.113782 -0.141212
v -0.725782 0.118405 -0.391807
v -0.485012 0.112293 -0.478650
v -0.243737 0.198519 -0.593980
v 0.732019 0.264159 -0.514941
v 0.513173 0.384159 0.548581
v 0.679847 0.075500 0.009939
v 0.251499 0.275631 0.562988
v 0.452709 0.118287 -0.430388
v 0.744052 0.114478 -0.295321
v 0.694710 0.223148 0.304260
v 0.135272 0.222814 0.520202
v 0.367776 0.348463 0.578090
v 0.640370 0.282250 0.422800
v 0.754951 0.168716 0.125290
v 0.667507 0.072350 -0.145955
v 0.809301 0.210267 -0.405897
v 0.593312 0.177497 -0.489147
v 0.199082 0.100861 -0.415699
v -0.182135 0.415996 0.437653
v -0.279135 0.425231 0.408848
v 0.535345 0.296026 -0.102995
v 0.542682 0.298127 0.009969
v -0.178216 0.381871 -0.489956
v -0.024295 0.331286 -0.400867
v -0.359981 0.406302 -0.473684
v -0.390920 0.332104 -0.386502
v 0.612804 0.382653 -0.307706
v 0.550198 0.413037 -0.384917
v 0.184517 0.416746 0.438472
v 0.100884 0.378517 0.406564
v 0.453219 0.347598 -0.360385
v 0.281487 0.425967 0.409560
v -0.625374 0.359791 -0.206130
v -0.565832 0.316422 -0.104548
v 0.154982 0.310262 -0.361141
v 0.338705 0.318652 -0.357833
v -0.565351 0.329664 -0.301214
v -0.519313 0.375540 0.229629
v -0.487317 0.425788 0.314171
v 0.573016 0.316995 -0.220863
v -0.578974 0.353069 0.103185
v -0.098349 0.378067 0.405793
v 0.001331 0.362709 0.398969
v 0.522190 0.375303 0.229074
v 0.488708 0.424052 0.313928
v -0.378521 0.472674 0.402389
v 0.586713 0.358776 0.104063
v -0.539740 0.297627 0.003942
v 0.381071 0.472913 0.402481
v -0.465855 0.299942 -0.299929
v -0.211979 0.347420 0.504134
v 0.600650 0.183078 -0.124469
v -0.210865 0.290344 -0.542296
v -0.427292 0.323562 -0.529924
v 0.711236 0.296597 -0.356769
v 0.214464 0.348435 0.505189
v 0.525477 0.261539 -0.421000
v -0.723449 0.269232 -0.240259
v 0.176890 0.205178 -0.387192
v 0.395877 0.216773 -0.389330
v -0.604951 0.299038 0.267478
v 0.658018 0.215498 -0.258574
v -0.115987 0.299017 0.460848
v 0.608160 0.299096 0.266966
v -0.326418 0.375942 0.486573
v 0.611087 0.186703 0.009889
v -0.039981 0.227166 -0.418500
v -0.436945 0.221524 -0.431963
v 0.641409 0.338944 -0.450078
v 0.118368 0.299899 0.462284
v 0.328882 0.376785 0.487270
v -0.647922 0.214777 -0.123381
v -0.645496 0.223957 -0.346534
v -0.565274 0.357048 0.368669
v -0.661259 0.256353 0.114082
v 0.001372 0.276711 0.446292
v 0.566200 0.354907 0.368487
v -0.445891 0.429564 0.475848
v 0.671391 0.264112 0.114279
v -0.607317 0.185671 0.001785
v 0.448420 0.430343 0.475905
v -0.529115 0.184853 -0.330832
v -0.229513 0.480734 0.336889
v 0.476113 0.410638 0.010140
v 0.000212 0.435035 -0.406567
v -0.370416 0.453750 -0.352018
v 0.458569 0.486350 -0.319266
v 0.082483 0.459396 0.354615
v 0.232070 0.480810 0.336963
v -0.486092 0.419475 -0.084231
v -0.484633 0.434570 -0.254775
v -0.405996 0.490377 0.259715
v -0.494273 0.448070 0.093554
v 0.001295 0.450736 0.355382
v 0.407864 0.489196 0.259472
v -0.311397 0.515261 0.328286
v 0.500062 0.451947 0.094892
v -0.474151 0.410784 0.006017
v 0.313909 0.515463 0.328398
v -0.404177 0.416178 -0.270102
v -0.152614 0.484441 0.370839
v 0.473987 0.411189 -0.081362
v -0.145812 0.463453 -0.423026
v -0.292758 0.477020 -0.402730
v 0.513701 0.468047 -0.258657
v 0.155219 0.484653 0.371010
v 0.373831 0.440367 -0.323778
v -0.526558 0.449624 -0.172347
v 0.134267 0.417204 -0.342702
v 0.282609 0.425451 -0.347560
v -0.434104 0.451925 0.190874
v 0.491802 0.420675 -0.180805
v -0.079909 0.459212 0.354273
v 0.436917 0.451815 0.190432
v -0.980878 0.410016 0.104532
v -0.980878 0.410016 -0.104531
v -0.812418 0.267119 0.104532
v -0.812418 0.267119 -0.104531
v -1.012932 0.436765 -0.000000
v -0.708811 0.712315 0.086409
v -0.708811 0.712315 -0.086409
v -0.896866 0.338311 -0.152199
v -0.569557 0.594191 -0.086409
v -0.780800 0.239857 -0.000000
v -0.569557 0.594191 0.086409
v -0.896866 0.338311 0.152199
v -0.614076 0.805738 -0.089150
v -0.639364 0.653041 0.125813
v -0.543420 0.571655 -0.000000
v -0.639364 0.653041 -0.125813
v -0.735307 0.734426 -0.000000
v -1.040077 0.337014 0.103804
v -1.040077 0.337014 -0.103804
v -0.872790 0.195110 0.103804
v -0.872790 0.195110 -0.103804
v -1.071908 0.363577 -0.000000
v -0.956650 0.265807 -0.151140
v -0.841391 0.168038 -0.000000
v -0.956650 0.265807 0.151140
v -0.495732 0.668380 -0.089150
v -0.495732 0.668380 0.089150
v -0.555113 0.736879 0.129804
v -0.473576 0.642242 -0.000000
v -0.555113 0.736879 -0.129804
v -0.636651 0.831516 -0.000000
v -0.614076 0.805738 0.089150
v 0.980878 0.410016 0.104532
v 0.980878 0.410016 -0.104531
v 0.812418 0.267119 0.104532
v 0.812418 0.267119 -0.104531
v 1.012932 0.436765 -0.000000
v 0.708811 0.712315 0.086409
v 0.708811 0.712315 -0.086409
v 0.896866 0.338311 -0.152199
v 0.569557 0.594191 -0.086409
v 0.780800 0.239857 -0.000000
v 0.569557 0.594191 0.086409
v 0.896866 0.338311 0.152199
v 0.614076 0.805738 -0.089150
v 0.639364 0.653041 0.125813
v 0.543420 0.571655 -0.000000
v 0.639364 0.653041 -0.125813
v 0.735307 0.734426 -0.000000
v 1.040077 0.337014 0.103804
v 1.040077 0.337014 -0.103804
v 0.872790 0.195110 0.103804
v 0.872790 0.195110 -0.103804
v 1.071908 0.363577 -0.000000
v 0.956650 0.265807 -0.151140
v 0.841391 0.168038 -0.000000
v 0.956650 0.265807 0.151140
v 0.495732 0.668380 -0.089150
v 0.495732 0.668380 0.089150
v 0.555113 0.736879 0.129804
v 0.473576 0.642242 -0.000000
v 0.555113 0.736879 -0.129804
v 0.636651 0.831516 -0.000000
v 0.614076 0.805738 0.089150
v -0.243533 0.526782 0.479532
v 0.255059 0.538193 0.485727
v -0.076230 1.071954 0.298324
v 0.076230 1.071954 0.298324
v -0.076230 0.975882 0.331526
v 0.005700 0.375636 0.569018
v 0.076230 0.975882 0.331526
v 0.000000 1.070428 0.311839
v 0.000000 0.975882 0.339226
v -0.245281 0.523996 0.459254
v 0.242192 0.530202 0.471388
v -0.073660 1.065946 0.279422
v 0.073660 1.065946 0.279422
v -0.074423 0.971813 0.312028
v -0.002244 0.370850 0.551101
v 0.074423 0.971813 0.312028
v 0.000000 1.064370 0.292779
v 0.000000 0.971658 0.319677
v -0.076230 1.076617 0.308560
v 0.076230 1.076617 0.308560
v -0.076230 0.980545 0.341762
v 0.076230 0.980545 0.341762
v 0.000000 1.075091 0.322075
v 0.000000 0.980545 0.349462
v 0.006425 0.688174 0.481768
vn -0.9107 0.4082 -0.0636
vn -0.8788 0.2692 -0.3940
vn -0.8353 0.3079 -0.4555
vn -0.9405 0.3369 -0.0437
vn -0.8119 0.3647 -0.4559
vn -0.6943 0.2463 -0.6762
vn -0.6985 0.2020 -0.6865
vn -0.6514 0.1747 -0.7383
vn 0.1362 -0.0020 -0.9907
vn 0.6989 -0.2633 -0.6650
vn 0.2006 -0.2112 -0.9566
vn 0.6271 -0.0479 -0.7774
vn 0.7405 -0.1370 -0.6579
vn 0.9682 -0.1494 -0.2004
vn 0.9625 -0.1408 -0.2318
vn 0.9197 -0.2181 -0.3264
vn 0.9962 -0.0156 0.0860
vn 0.9807 -0.0386 0.1917
vn 0.9961 -0.0859 0.0178
vn 0.9801 -0.0512 0.1919
vn 0.9766 0.0384 0.2116
vn 0.9107 0.0368 0.4113
vn 0.9059 0.0957 0.4126
vn 0.9037 -0.0240 0.4274
vn 0.2916 0.0205 0.9563
vn -0.4699 0.3807 0.7964
vn -0.3800 0.2642 0.8865
vn 0.1581 0.3096 0.9376
vn -0.5485 0.4551 0.7014
vn -0.7492 0.4003 0.5277
vn -0.6887 0.4318 0.5824
vn 0.4212 -0.9060 -0.0416
vn 0.6597 -0.7352 0.1556
vn 0.4132 -0.8925 0.1809
vn 0.6805 -0.7327 0.0052
vn 0.8239 -0.5503 0.1352
vn 0.7896 -0.5375 0.2961
vn 0.6582 -0.6609 0.3605
vn 0.3667 -0.7333 0.5726
vn -0.7091 0.7049 0.0185
vn -0.5809 0.6369 0.5069
vn -0.6791 0.7328 -0.0433
vn -0.8790 0.4768 -0.0009
vn -0.6459 0.5803 0.4960
vn -0.8343 0.4356 0.3380
vn -0.1483 0.4853 0.8617
vn 0.9723 -0.1536 0.1760
vn 0.9530 -0.1552 0.2604
vn 0.9896 -0.1091 0.0942
vn 0.9711 -0.1732 -0.1642
vn 0.9848 -0.1154 -0.1294
vn 0.9888 -0.1279 0.0772
vn 0.9282 -0.3720 -0.0074
vn -0.6147 0.6685 0.4186
vn -0.6883 0.7087 -0.1551
vn -0.1343 0.5543 0.8214
vn -0.1328 0.5576 0.8194
vn -0.5025 0.7689 0.3953
vn -0.1839 0.8379 -0.5139
vn -0.1334 0.1943 -0.9718
vn -0.6330 0.5119 -0.5808
vn -0.5477 0.5438 -0.6358
vn -0.4757 0.2587 -0.8407
vn -0.3313 -0.9036 -0.2715
vn -0.9885 -0.0833 0.1266
vn -0.9457 -0.0569 -0.3201
vn -0.3737 -0.9091 0.1842
vn -0.2511 -0.5640 0.7867
vn -0.7872 -0.0065 0.6167
vn -0.1171 -0.5388 -0.8343
vn -0.7446 -0.0814 -0.6625
vn -0.5101 -0.1181 -0.8520
vn 0.3867 -0.8597 -0.3338
vn -0.2203 -0.7823 -0.5827
vn 0.3072 -0.6933 -0.6519
vn 0.6570 -0.7301 -0.1879
vn 0.5872 -0.6677 -0.4575
vn 0.8192 -0.5561 -0.1404
vn 0.8354 -0.5497 -0.0042
vn -0.2814 -0.0621 0.9576
vn 0.3082 -0.3572 0.8817
vn -0.6749 0.4014 0.6192
vn 0.7020 -0.4049 0.5859
vn 0.8671 -0.3028 0.3955
vn 0.7260 -0.0388 0.6866
vn 0.6739 0.2005 0.7111
vn 0.5712 0.2783 0.7722
vn 0.9443 -0.2755 0.1799
vn 0.9556 -0.2948 -0.0036
vn 0.8260 -0.4049 -0.3922
vn 0.7544 -0.5687 -0.3277
vn 0.9292 -0.3308 -0.1647
vn 0.9814 -0.1454 -0.1257
vn 0.9964 -0.0816 -0.0225
vn 0.2036 -0.4553 -0.8668
vn 0.5705 -0.4856 -0.6623
vn -0.5726 0.0739 -0.8165
vn -0.2438 -0.2277 -0.9427
vn -0.3475 -0.0203 -0.9375
vn -0.3996 0.1248 -0.9082
vn -0.8884 0.4382 -0.1364
vn -0.7892 0.2996 -0.5360
vn -0.8329 0.4859 0.2648
vn -0.8300 0.4571 0.3198
vn -0.7780 0.3987 0.4856
vn -0.8873 0.3752 0.2680
vn 0.3766 -0.0474 0.9252
vn -0.1298 0.5216 0.8432
vn 0.6320 -0.0170 0.7747
vn 0.5471 -0.6358 0.5444
vn 0.5226 -0.6506 0.5510
vn 0.5106 -0.4233 0.7484
vn 0.2219 0.2242 0.9489
vn 0.8369 0.0485 -0.5451
vn 0.3300 0.3617 -0.8719
vn 0.9566 0.0554 -0.2859
vn 0.2423 0.6237 -0.7432
vn 0.8144 0.0533 -0.5778
vn 0.6265 -0.0315 -0.7788
vn -0.0272 0.2756 -0.9609
vn -0.4408 0.6029 -0.6650
vn 0.6454 0.1932 0.7391
vn 0.9105 -0.1599 0.3813
vn 0.9622 -0.0164 0.2720
vn 0.9290 -0.1788 0.3241
vn 0.8257 -0.5109 0.2393
vn 0.7914 -0.4282 0.4363
vn 0.2904 -0.6340 -0.7168
vn 0.9137 -0.2452 0.3241
vn 0.5478 -0.7804 0.3017
vn 0.4860 -0.0040 -0.8740
vn 0.3101 0.7730 0.5535
vn 0.5555 -0.8306 0.0403
vn 0.3893 -0.6277 -0.6741
vn 0.3862 0.0260 -0.9221
vn 0.4558 0.8003 -0.3896
vn 0.5683 -0.0447 -0.8216
vn -0.2109 0.8708 0.4442
vn 0.0326 0.9043 -0.4256
vn 0.3663 0.7343 0.5716
vn 0.5388 -0.0203 -0.8422
vn 0.1029 -0.0603 -0.9929
vn 0.4327 -0.5300 -0.7293
vn 0.4729 0.7958 -0.3781
vn 0.0962 0.0859 -0.9916
vn 0.0580 0.8621 -0.5035
vn 0.0735 0.1380 -0.9877
vn 0.0452 -0.0505 -0.9977
vn -0.0781 0.8857 0.4576
vn 0.3538 0.7445 0.5661
vn -0.0904 0.7742 0.6264
vn -0.1533 0.7812 0.6052
vn -0.0961 0.9184 0.3837
vn 0.0729 0.8458 -0.5285
vn 0.9107 0.4082 -0.0636
vn 0.8788 0.2692 -0.3940
vn 0.9405 0.3369 -0.0437
vn 0.8119 0.3647 -0.4559
vn 0.8790 0.4768 -0.0009
vn 0.6943 0.2463 -0.6762
vn 0.8353 0.3079 -0.4555
vn 0.6985 0.2020 -0.6865
vn -0.6989 -0.2633 -0.6650
vn -0.1362 -0.0020 -0.9907
vn -0.2006 -0.2112 -0.9566
vn -0.6271 -0.0479 -0.7774
vn 0.1334 0.1943 -0.9718
vn -0.7405 -0.1370 -0.6579
vn -0.9682 -0.1494 -0.2004
vn -0.9197 -0.2181 -0.3264
vn -0.9807 -0.0386 0.1917
vn -0.9962 -0.0156 0.0860
vn -0.9961 -0.0859 0.0178
vn -0.9766 0.0384 0.2116
vn -0.9801 -0.0512 0.1919
vn -0.9107 0.0368 0.4113
vn -0.9622 -0.0164 0.2720
vn -0.9059 0.0957 0.4126
vn -0.2916 0.0205 0.9563
vn 0.4699 0.3807 0.7964
vn -0.1581 0.3096 0.9376
vn 0.5485 0.4551 0.7014
vn 0.1483 0.4853 0.8617
vn 0.7492 0.4003 0.5277
vn 0.6887 0.4318 0.5824
vn 0.3800 0.2642 0.8865
vn -0.4212 -0.9060 -0.0416
vn -0.6597 -0.7352 0.1556
vn -0.6805 -0.7327 0.0052
vn -0.8239 -0.5503 0.1352
vn -0.8354 -0.5497 -0.0042
vn -0.7896 -0.5375 0.2961
vn -0.3667 -0.7333 0.5726
vn -0.4132 -0.8925 0.1809
vn 0.5809 0.6369 0.5069
vn 0.7091 0.7049 0.0185
vn 0.6791 0.7328 -0.0433
vn 0.6459 0.5803 0.4960
vn 0.8343 0.4356 0.3380
vn -0.9723 -0.1536 0.1760
vn -0.9896 -0.1091 0.0942
vn -0.9711 -0.1732 -0.1642
vn -0.9848 -0.1154 -0.1294
vn -0.9530 -0.1552 0.2604
vn -0.9888 -0.1279 0.0772
vn 0.6147 0.6685 0.4186
vn 0.1343 0.5543 0.8214
vn 0.1328 0.5576 0.8194
vn 0.6883 0.7087 -0.1551
vn 0.5025 0.7689 0.3953
vn 0.6330 0.5119 -0.5808
vn 0.4757 0.2587 -0.8407
vn 0.5477 0.5438 -0.6358
vn 0.9885 -0.0833 0.1266
vn 0.3313 -0.9036 -0.2715
vn 0.9457 -0.0569 -0.3201
vn 0.2511 -0.5640 0.7867
vn 0.3737 -0.9091 0.1842
vn 0.7872 -0.0065 0.6167
vn 0.7446 -0.0814 -0.6625
vn 0.1171 -0.5388 -0.8343
vn 0.5101 -0.1181 -0.8520
vn -0.3867 -0.8597 -0.3338
vn -0.3072 -0.6933 -0.6519
vn 0.2203 -0.7823 -0.5827
vn -0.6570 -0.7301 -0.1879
vn -0.5872 -0.6677 -0.4575
vn -0.8192 -0.5561 -0.1404
vn -0.7544 -0.5687 -0.3277
vn 0.2814 -0.0621 0.9576
vn -0.3082 -0.3572 0.8817
vn 0.6749 0.4014 0.6192
vn -0.7020 -0.4049 0.5859
vn -0.8671 -0.3028 0.3955
vn -0.7260 -0.0388 0.6866
vn -0.9037 -0.0240 0.4274
vn -0.6582 -0.6609 0.3605
vn -0.6739 0.2005 0.7111
vn -0.5712 0.2783 0.7722
vn -0.9443 -0.2755 0.1799
vn -0.9556 -0.2948 -0.0036
vn -0.8260 -0.4049 -0.3922
vn -0.9292 -0.3308 -0.1647
vn -0.9814 -0.1454 -0.1257
vn -0.9625 -0.1408 -0.2318
vn -0.9964 -0.0816 -0.0225
vn -0.2036 -0.4553 -0.8668
vn -0.5705 -0.4856 -0.6623
vn 0.5726 0.0739 -0.8165
vn 0.2438 -0.2277 -0.9427
vn 0.6514 0.1747 -0.7383
vn 0.3475 -0.0203 -0.9375
vn 0.3996 0.1248 -0.9082
vn 0.8884 0.4382 -0.1364
vn 0.7892 0.2996 -0.5360
vn 0.8329 0.4859 0.2648
vn 0.8300 0.4571 0.3198
vn 0.8873 0.3752 0.2680
vn 0.7780 0.3987 0.4856
vn -0.3766 -0.0474 0.9252
vn -0.6320 -0.0170 0.7747
vn -0.5471 -0.6358 0.5444
vn -0.7914 -0.4282 0.4363
vn -0.5226 -0.6506 0.5510
vn 0.1298 0.5216 0.8432
vn -0.5106 -0.4233 0.7484
vn -0.8369 0.0485 -0.5451
vn -0.9566 0.0554 -0.2859
vn -0.3300 0.3617 -0.8719
vn -0.8144 0.0533 -0.5778
vn -0.2423 0.6237 -0.7432
vn -0.9282 -0.3720 -0.0074
vn -0.6265 -0.0315 -0.7788
vn 0.0272 0.2756 -0.9609
vn 0.4408 0.6029 -0.6650
vn -0.6454 0.1932 0.7391
vn -0.9105 -0.1599 0.3813
vn -0.8257 -0.5109 0.2393
vn -0.9290 -0.1788 0.3241
vn -0.2904 -0.6340 -0.7168
vn -0.9137 -0.2452 0.3241
vn -0.4860 -0.0040 -0.8740
vn -0.3102 0.7729 0.5535
vn -0.4152 0.8168 -0.4005
vn -0.2219 0.2242 0.9489
vn -0.5478 -0.7804 0.3017
vn -0.5555 -0.8306 0.0403
vn -0.3893 -0.6277 -0.6741
vn -0.3862 0.0260 -0.9221
vn 0.1839 0.8379 -0.5139
vn -0.4559 0.8003 -0.3896
vn -0.0326 0.9043 -0.4256
vn -0.5683 -0.0445 -0.8216
vn 0.2109 0.8708 0.4442
vn -0.3663 0.7343 0.5715
vn -0.1029 -0.0603 -0.9929
vn -0.5388 -0.0203 -0.8422
vn -0.4326 -0.5300 -0.7293
vn -0.0962 0.0859 -0.9916
vn -0.4729 0.7958 -0.3782
vn -0.0735 0.1380 -0.9877
vn -0.0580 0.8621 -0.5035
vn -0.0452 -0.0505 -0.9977
vn 0.0781 0.8857 0.4576
vn -0.3538 0.7445 0.5661
vn 0.0904 0.7742 0.6264
vn -0.3271 0.3645 0.8719
vn 0.1533 0.7812 0.6052
vn 0.0961 0.9184 0.3837
vn -0.6331 0.7741 -0.0000
vn 0.3597 0.7465 -0.5597
vn -0.4719 0.5709 -0.6719
vn -0.0162 0.0171 -0.9997
vn 0.8123 -0.2772 -0.5131
vn 0.4778 -0.5385 -0.6941
vn 0.8963 -0.4434 -0.0000
vn 0.4778 -0.5385 0.6941
vn 0.6723 -0.7403 -0.0000
vn 0.5790 0.2130 0.7870
vn -0.4719 0.5709 0.6719
vn -0.0162 0.0171 0.9997
vn -0.7427 0.1619 0.6498
vn -0.9548 -0.2972 -0.0000
vn -0.8373 -0.3948 0.3782
vn 0.9736 0.2283 -0.0000
vn 0.3597 0.7465 0.5597
vn 0.8123 -0.2772 0.5131
vn 0.5790 0.2130 -0.7870
vn -0.2331 -0.2710 0.9339
vn -0.5427 -0.6461 0.5367
vn -0.2331 -0.2710 -0.9339
vn -0.8373 -0.3948 -0.3782
vn -0.7427 0.1619 -0.6498
vn 0.4795 -0.8775 -0.0000
vn -0.2522 -0.8929 0.3731
vn -0.1409 -0.9900 -0.0000
vn -0.5280 0.4945 0.6904
vn 0.2795 -0.7046 0.6522
vn -0.0026 0.0051 1.0000
vn 0.5379 -0.4734 0.6975
vn 0.5379 -0.4734 -0.6975
vn 0.2795 -0.7046 -0.6522
vn -0.0026 0.0051 -1.0000
vn -0.5280 0.4945 -0.6904
vn -0.7274 0.6862 -0.0000
vn -0.9442 0.3294 -0.0000
vn -0.6995 0.7146 -0.0000
vn -0.5119 0.5173 0.6858
vn -0.5119 0.5173 -0.6858
vn 0.0053 0.0004 -1.0000
vn 0.5393 -0.4889 -0.6856
vn 0.7477 -0.6640 -0.0000
vn 0.0053 0.0004 1.0000
vn 0.5393 -0.4889 0.6856
vn -0.6642 -0.7476 -0.0000
vn -0.2522 -0.8929 -0.3731
vn -0.5427 -0.6461 -0.5367
vn 0.7536 -0.6573 -0.0000
vn 0.6331 0.7741 -0.0000
vn -0.3597 0.7465 -0.5597
vn -0.2743 0.9616 -0.0000
vn 0.0162 0.0171 -0.9997
vn -0.8123 -0.2772 -0.5131
vn -0.5790 0.2130 -0.7870
vn -0.4778 -0.5385 0.6941
vn -0.8963 -0.4434 -0.0000
vn -0.6723 -0.7403 -0.0000
vn 0.4719 0.5709 0.6719
vn -0.5790 0.2130 0.7870
vn 0.0162 0.0171 0.9997
vn 0.7427 0.1619 0.6498
vn 0.9548 -0.2972 -0.0000
vn 0.9442 0.3294 -0.0000
vn -0.9736 0.2283 -0.0000
vn -0.3597 0.7465 0.5597
vn -0.8123 -0.2772 0.5131
vn 0.2331 -0.2710 0.9339
vn 0.8373 -0.3948 0.3782
vn 0.8373 -0.3948 -0.3782
vn 0.2331 -0.2710 -0.9339
vn 0.7427 0.1619 -0.6498
vn -0.4795 -0.8775 -0.0000
vn 0.2522 -0.8929 0.3731
vn -0.2795 -0.7046 0.6522
vn 0.5280 0.4945 0.6904
vn 0.0026 0.0051 1.0000
vn -0.5379 -0.4734 0.6975
vn -0.7536 -0.6573 -0.0000
vn -0.5379 -0.4734 -0.6975
vn -0.2795 -0.7046 -0.6522
vn -0.4778 -0.5385 -0.6941
vn 0.0026 0.0051 -1.0000
vn 0.5280 0.4945 -0.6904
vn 0.4719 0.5709 -0.6719
vn 0.7274 0.6862 -0.0000
vn 0.6995 0.7146 -0.0000
vn 0.5119 0.5173 0.6858
vn 0.5119 0.5173 -0.6858
vn -0.5393 -0.4889 -0.6856
vn -0.0053 0.0004 1.0000
vn -0.5393 -0.4889 0.6856
vn -0.7477 -0.6640 -0.0000
vn -0.0053 0.0004 -1.0000
vn 0.6642 -0.7476 -0.0000
vn 0.1409 -0.9900 -0.0000
vn 0.5427 -0.6461 -0.5367
vn 0.2522 -0.8929 -0.3731
vn 0.5427 -0.6461 0.5367
vn -0.0000 -0.9998 0.0192
vn 0.3305 -0.8120 0.4812
vn -0.0000 -0.8904 0.4551
vn 0.3680 -0.9277 0.0631
vn 0.7743 -0.3167 0.5478
vn 0.5559 -0.1593 0.8158
vn 0.2346 -0.3916 0.8897
vn -0.0000 -0.4305 0.9026
vn -0.3680 -0.9277 0.0631
vn -0.7743 -0.3167 0.5478
vn -0.9120 -0.3803 0.1536
vn -0.3305 -0.8120 0.4812
vn -0.2346 -0.3916 0.8897
vn -0.5559 -0.1593 0.8158
vn -0.5480 -0.1438 -0.8240
vn -0.3071 -0.8563 -0.4153
vn -0.8648 -0.3488 -0.3613
vn -0.1763 -0.3707 -0.9119
vn -0.0000 -0.8994 -0.4370
vn 0.1763 -0.3707 -0.9119
vn -0.0000 -0.4084 -0.9128
vn 0.5480 -0.1438 -0.8240
vn 0.3071 -0.8563 -0.4153
vn 0.9120 -0.3803 0.1536
vn -0.1483 0.0411 0.9881
vn 0.1483 0.0411 0.9881
vn 0.9612 0.2031 0.1865
vn 0.8254 0.1832 0.5340
vn 0.9149 0.2467 -0.3196
vn 0.8648 -0.3488 -0.3613
vn 0.1512 0.0427 -0.9876
vn 0.5075 0.1842 -0.8417
vn -0.5075 0.1842 -0.8417
vn -0.1512 0.0427 -0.9876
vn -0.9612 0.2031 0.1865
vn -0.9149 0.2467 -0.3196
vn -0.8254 0.1832 0.5340
vn -0.3544 0.4632 0.8123
vn -0.2513 0.6449 0.7218
vn -0.3795 0.5139 0.7693
vn -0.3437 0.7993 0.4929
vn -0.5422 0.7046 0.4577
vn -0.6753 0.5537 0.4872
vn -0.4359 0.3095 0.8451
vn -0.4881 0.3623 0.7941
vn -0.4228 0.9009 0.0980
vn -0.6082 0.7889 0.0884
vn -0.7628 0.6400 0.0923
vn -0.4397 0.8930 -0.0963
vn -0.6186 0.7781 -0.1088
vn -0.7611 0.6387 -0.1131
vn -0.6104 0.7494 -0.2566
vn -0.7348 0.6166 -0.2827
vn -0.4642 0.8590 -0.2159
vn -0.5336 0.6546 -0.5355
vn -0.6512 0.5465 -0.5265
vn -0.4000 0.8051 -0.4380
vn -0.2369 0.5473 -0.8027
vn -0.3388 0.3600 -0.8692
vn -0.1909 0.7516 -0.6314
vn -0.0000 0.5874 -0.8093
vn -0.0000 0.3548 -0.9349
vn 0.2513 0.6449 0.7218
vn 0.3544 0.4632 0.8123
vn 0.3795 0.5139 0.7693
vn 0.3437 0.7993 0.4929
vn 0.5422 0.7046 0.4577
vn 0.6753 0.5537 0.4872
vn 0.4881 0.3623 0.7941
vn 0.4359 0.3095 0.8451
vn 0.4228 0.9009 0.0980
vn 0.7628 0.6400 0.0923
vn 0.6082 0.7889 0.0884
vn 0.4397 0.8930 -0.0963
vn 0.6186 0.7781 -0.1088
vn 0.6104 0.7494 -0.2566
vn 0.7348 0.6166 -0.2827
vn 0.7611 0.6387 -0.1131
vn 0.5336 0.6546 -0.5355
vn 0.4642 0.8590 -0.2159
vn 0.6512 0.5465 -0.5265
vn 0.2369 0.5473 -0.8027
vn 0.4000 0.8051 -0.4380
vn 0.3388 0.3600 -0.8692
vn 0.1909 0.7516 -0.6314
vn -0.9973 -0.0167 0.0712
vn -0.8895 0.3222 -0.3241
vn -0.9477 -0.0454 -0.3159
vn -0.9341 0.3551 0.0371
vn -0.6675 0.6719 -0.3209
vn -0.5239 0.5511 -0.6495
vn -0.6228 0.2634 -0.7367
vn -0.6609 -0.0764 -0.7466
vn -0.0000 -0.0911 -0.9958
vn 0.2433 0.2613 -0.9341
vn 0.2626 -0.0905 -0.9607
vn -0.0000 0.2723 -0.9622
vn 0.2325 0.6174 -0.7515
vn 0.5239 0.5511 -0.6495
vn 0.6228 0.2634 -0.7367
vn 0.6609 -0.0764 -0.7466
vn 0.9977 -0.0124 0.0659
vn 0.9181 0.3341 0.2132
vn 0.9697 -0.0026 0.2442
vn 0.9341 0.3551 0.0371
vn 0.6748 0.7150 0.1830
vn 0.3372 -0.9357 0.1033
vn -0.0000 -0.9519 0.3063
vn -0.0000 -0.9952 0.0980
vn 0.5810 -0.7876 0.2051
vn 0.3727 -0.8673 0.3299
vn -0.0000 0.9994 -0.0354
vn -0.3540 0.9142 0.1972
vn -0.0000 0.9877 0.1565
vn -0.7016 0.7125 0.0093
vn -0.3616 0.9323 -0.0031
vn 0.7016 0.7125 0.0093
vn 0.3540 0.9142 0.1972
vn 0.3616 0.9323 -0.0031
vn 0.3142 0.8582 -0.4059
vn 0.6675 0.6719 -0.3209
vn -0.0000 0.6306 -0.7761
vn -0.0000 0.8952 -0.4457
vn -0.3142 0.8582 -0.4059
vn -0.2325 0.6174 -0.7515
vn -0.6428 -0.7351 0.2154
vn -0.3632 -0.8464 0.3894
vn -0.3405 -0.6813 0.6480
vn -0.2854 -0.9515 0.1152
vn -0.4951 -0.6757 -0.5461
vn -0.2411 -0.9471 -0.2117
vn -0.5921 -0.7783 -0.2090
vn -0.0000 -0.7928 -0.6095
vn -0.2328 -0.7806 -0.5800
vn -0.0000 -0.9728 -0.2317
vn 0.2646 -0.9455 -0.1896
vn 0.4951 -0.6757 -0.5461
vn 0.2328 -0.7806 -0.5800
vn 0.8916 -0.4341 0.1290
vn 0.6932 -0.6383 0.3347
vn 0.9075 -0.3171 0.2754
vn 0.8781 -0.3942 -0.2713
vn 0.5931 -0.7926 -0.1415
vn 0.6151 -0.3927 -0.6837
vn 0.9477 -0.0454 -0.3159
vn 0.8895 0.3222 -0.3241
vn -0.0000 -0.4240 -0.9057
vn 0.2408 -0.4134 -0.8781
vn -0.2408 -0.4134 -0.8781
vn -0.6151 -0.3927 -0.6837
vn -0.2626 -0.0905 -0.9607
vn -0.2433 0.2613 -0.9341
vn -0.9255 -0.3719 0.0713
vn -0.8781 -0.3942 -0.2713
vn -0.9742 -0.0167 0.2252
vn -0.7718 -0.4840 0.4123
vn -0.6748 0.7150 0.1830
vn -0.9181 0.3341 0.2132
vn -0.3980 -0.8988 -0.1837
vn -0.3951 -0.2493 -0.8842
vn 0.1004 -0.6782 -0.7280
vn -0.0505 0.2214 -0.9739
vn 0.6603 0.5861 -0.4695
vn 0.5351 -0.0648 -0.8423
vn -0.1554 0.9725 -0.1736
vn -0.1004 0.6782 0.7280
vn 0.3980 0.8988 0.1837
vn -0.8841 0.3224 0.3383
vn -0.6603 -0.5861 0.4695
vn -0.5351 0.0648 0.8423
vn -0.0378 -0.7281 0.6844
vn 0.0505 -0.2214 0.9739
vn 0.3951 0.2493 0.8842
vn -0.5503 0.7993 0.2413
vn 0.7766 0.4302 0.4603
vn 0.9831 0.1781 -0.0415
vn 0.8841 -0.3224 -0.3383
vn 0.5503 -0.7993 -0.2413
vn 0.1554 -0.9725 0.1736
vn -0.7766 -0.4302 -0.4603
vn 0.3980 -0.8988 -0.1837
vn 0.3951 -0.2493 -0.8842
vn 0.7766 -0.4302 -0.4603
vn -0.6603 0.5861 -0.4695
vn 0.0505 0.2214 -0.9739
vn -0.5351 -0.0648 -0.8423
vn 0.1004 0.6782 0.7280
vn 0.1554 0.9725 -0.1736
vn -0.3980 0.8988 0.1837
vn 0.6603 -0.5861 0.4695
vn 0.8841 0.3224 0.3383
vn 0.5351 0.0648 0.8423
vn 0.0378 -0.7281 0.6844
vn -0.0505 -0.2214 0.9739
vn -0.3951 0.2493 0.8842
vn 0.5503 0.7993 0.2413
vn -0.7766 0.4302 0.4603
vn -0.9831 0.1781 -0.0415
vn -0.0378 0.7281 -0.6844
vn -0.8841 -0.3224 -0.3383
vn -0.5503 -0.7993 -0.2413
vn -0.1004 -0.6782 -0.7280
vn -0.1554 -0.9725 0.1736
vn 0.9831 -0.1781 0.0415
vn -0.6545 0.7552 0.0364
vn -0.3743 0.8757 -0.3052
vn -0.6604 -0.5858 0.4698
vn -0.9174 0.3892 0.0832
vn 0.1007 -0.6780 -0.7281
vn -0.8376 -0.1705 -0.5190
vn -0.1945 0.6995 -0.6877
vn -0.2901 0.3133 -0.9043
vn 0.9928 0.0086 0.1198
vn 0.9174 -0.3893 -0.0832
vn 0.6545 -0.7552 -0.0363
vn -0.5328 -0.0643 -0.8438
vn 0.3743 -0.8757 0.3051
vn 0.1945 -0.6995 0.6877
vn -0.9928 -0.0087 -0.1197
vn 0.2901 -0.3133 0.9043
vn 0.5328 0.0644 0.8438
vn -0.1007 0.6780 0.7281
vn 0.8376 0.1705 0.5190
vn 0.6604 0.5858 -0.4698
vn 0.6545 0.7552 0.0364
vn 0.1007 0.6780 0.7281
vn 0.9174 0.3892 0.0832
vn 0.6604 -0.5858 0.4698
vn 0.8376 -0.1705 -0.5190
vn -0.1007 -0.6780 -0.7281
vn 0.1945 0.6995 -0.6877
vn -0.6604 0.5858 -0.4698
vn -0.9928 0.0086 0.1198
vn -0.9174 -0.3893 -0.0832
vn -0.6545 -0.7552 -0.0363
vn 0.5328 -0.0643 -0.8438
vn -0.3743 -0.8757 0.3051
vn -0.1945 -0.6995 0.6877
vn 0.9928 -0.0087 -0.1197
vn -0.2901 -0.3133 0.9043
vn -0.5328 0.0644 0.8438
vn -0.8376 0.1705 0.5190
vn 0.0378 0.7281 -0.6844
vn -0.9831 -0.1781 0.0415
vn 0.3743 0.8757 -0.3052
vn 0.2901 0.3133 -0.9043
vn 0.8546 0.5173 0.0448
vn 0.5289 0.8464 -0.0624
vn 0.2700 0.2369 0.9333
vn -0.5449 0.8382 -0.0218
vn -0.8600 0.5060 0.0659
vn -0.3836 0.1783 0.9061
vn -0.9849 0.1605 0.0650
vn 0.9772 0.1943 0.0855
vn -0.0097 -0.0796 0.9968
vn -0.0807 0.6679 0.7399
vn -0.9972 -0.0732 0.0145
vn 0.0053 -0.3556 0.9346
vn -0.9554 -0.2844 0.0790
vn 0.1230 -0.6188 0.7759
vn 0.6035 -0.0259 0.7969
vn -0.6913 -0.2686 0.6707
vn 0.7281 -0.1403 0.6710
vn -0.4380 -0.5649 0.6993
vn 0.7760 -0.1949 0.5998
vn 0.0661 -0.2542 0.9649
vn 0.9978 0.0542 0.0390
vn 0.2373 -0.3306 0.9135
vn 0.9972 0.0364 -0.0658
vn 0.8430 -0.2801 -0.4592
vn 0.0171 0.9879 -0.1541
vn 0.1628 0.0402 -0.9858
vn -0.0512 -0.6987 -0.7136
vn 0.0382 0.0155 -0.9991
vn -0.0447 0.0632 -0.9970
vn 0.3371 -0.5674 -0.7513
vn -0.2022 0.0425 -0.9784
vn -0.1350 -0.0855 -0.9872
vn 0.1611 -0.0586 -0.9852
vn 0.9687 -0.2482 -0.0041
vn 0.0806 -0.6681 -0.7397
vn 0.9735 -0.2282 0.0104
vn -0.0466 -0.0888 -0.9950
vn 0.9644 -0.1274 -0.2319
vn -0.0857 0.0900 -0.9922
vn 0.8030 -0.1137 -0.5850
vn 0.6803 -0.0739 -0.7292
vn -0.6149 -0.4171 -0.6692
vn 0.6112 -0.1826 -0.7701
vn -0.5039 -0.6191 -0.6023
vn 0.0324 -0.0220 -0.9992
vn -0.8625 -0.4988 -0.0858
vn -0.1495 0.1880 -0.9707
vn -0.2174 -0.2240 -0.9500
vn -0.9058 -0.4080 0.1140
vn -0.0157 -0.0188 -0.9997
vn -0.2937 -0.9559 0.0080
vn 0.3529 -0.5383 -0.7653
vn 0.2742 -0.7690 -0.5775
vn 0.3843 -0.7299 0.5654
vn -0.5556 -0.8307 -0.0361
vn 0.4839 -0.7440 0.4608
vn 0.1867 0.0687 -0.9800
vn 0.8679 0.3732 0.3278
vn 0.9846 -0.1482 0.0925
vn 0.0185 -0.0510 0.9985
vn 0.0697 0.8712 0.4860
vn 0.2438 -0.2549 0.9357
vn 0.4892 -0.2419 -0.8380
vn 0.7211 -0.4732 0.5061
vn 0.1912 -0.6529 -0.7329
vn -0.0641 0.7098 -0.7014
vn -0.9102 0.2817 -0.3037
vn -0.9842 0.1476 -0.0975
vn -0.9839 0.1526 0.0926
vn -0.9714 0.1304 0.1983
vn -0.5549 -0.0034 0.8319
vn -0.8494 0.2191 -0.4800
vn -0.8524 -0.1415 -0.5033
vn -0.3470 0.8701 -0.3499
vn 0.7174 0.3245 -0.6165
vn -0.4540 0.7423 -0.4929
vn 0.2632 -0.9219 0.2843
vn -0.7564 -0.4129 0.5073
vn -0.8629 -0.1516 0.4821
vn -0.0307 0.3569 0.9336
vn -0.6544 0.6397 0.4032
vn -0.8833 0.2795 -0.3764
vn -0.8387 -0.2586 -0.4793
vn -0.8852 -0.3363 -0.3214
vn -0.7579 -0.6520 0.0213
vn -0.0930 -0.2033 0.9747
vn 0.8645 0.1511 -0.4795
vn 0.8550 0.4949 0.1550
vn 0.9919 0.0141 0.1263
vn 0.1820 0.5116 -0.8397
vn 0.4538 -0.0211 -0.8909
vn 0.3563 -0.1670 -0.9193
vn 0.0589 -0.2666 -0.9620
vn 0.7452 -0.5205 -0.4169
vn 0.0813 -0.9245 0.3723
vn 0.3821 0.8865 -0.2609
vn 0.7872 0.3370 0.5165
vn 0.5516 0.6033 0.5760
vn 0.6297 0.3420 0.6975
vn 0.6569 0.0488 0.7524
vn 0.8222 0.0300 0.5685
vn -0.0000 0.0548 0.9985
vn -0.2821 0.3681 0.8860
vn -0.2884 0.0567 0.9558
vn -0.0000 0.3858 0.9226
vn -0.2769 0.7004 0.6578
vn -0.5516 0.6033 0.5760
vn -0.6297 0.3420 0.6975
vn -0.6569 0.0488 0.7524
vn 0.2629 -0.7185 0.6439
vn 0.5189 -0.5142 0.6829
vn 0.2409 -0.5766 0.7807
vn -0.0000 -0.5933 0.8049
vn -0.0000 -0.7308 0.6826
vn -0.3028 0.8307 0.4673
vn -0.0000 0.7327 0.6806
vn -0.0000 0.8689 0.4950
vn 0.3028 0.8307 0.4673
vn 0.2769 0.7004 0.6578
vn 0.6292 0.6506 0.4253
vn -0.2629 -0.7185 0.6439
vn -0.2409 -0.5766 0.7807
vn -0.5189 -0.5142 0.6829
vn -0.5907 -0.5930 0.5471
vn -0.0000 -0.2683 0.9633
vn -0.2563 -0.2548 0.9324
vn -0.6134 -0.2522 0.7484
vn 0.2563 -0.2548 0.9324
vn 0.6134 -0.2522 0.7484
vn 0.2884 0.0567 0.9558
vn 0.2821 0.3681 0.8860
vn 0.7741 -0.2822 0.5667
vn 0.5907 -0.5930 0.5471
vn -0.7741 -0.2822 0.5667
vn -0.8222 0.0300 0.5685
vn -0.7872 0.3370 0.5165
vn -0.7291 0.3484 -0.5891
vn 0.4599 0.0488 -0.8866
vn -0.5732 -0.2132 -0.7912
vn 0.9706 0.2399 -0.0202
vn 0.3031 0.7758 0.5534
vn 0.4599 0.1963 0.8660
vn -0.5732 -0.0780 0.8157
vn -0.9555 0.0805 0.2837
vn -0.8776 -0.1902 0.4400
vn -0.9691 -0.2458 0.0207
vn -0.9555 0.0319 -0.2931
vn -0.8776 -0.2610 -0.4020
vn -0.3444 -0.9355 0.0787
vn -0.7963 -0.4953 0.3473
vn -0.7624 -0.6448 0.0543
vn -0.9861 0.1658 -0.0140
vn -0.7919 0.6084 -0.0512
vn -0.7291 0.4419 0.5226
vn 0.3031 0.6724 -0.6753
vn 0.2348 0.9686 -0.0815
vn -0.7963 -0.5464 -0.2597
vn -0.4103 -0.7521 -0.5158
vn 0.6891 -0.7221 0.0608
vn 0.6260 -0.5284 -0.5735
vn -0.4103 -0.6553 0.6342
vn 0.6260 -0.4252 0.6537
vn -0.4599 0.0488 -0.8866
vn 0.7291 0.3484 -0.5891
vn 0.5732 -0.2132 -0.7912
vn -0.9706 0.2399 -0.0202
vn -0.3031 0.7758 0.5534
vn -0.2348 0.9686 -0.0815
vn 0.5732 -0.0780 0.8157
vn 0.9555 0.0805 0.2837
vn 0.7291 0.4419 0.5226
vn 0.9691 -0.2458 0.0207
vn 0.9555 0.0319 -0.2931
vn 0.9861 0.1658 -0.0140
vn 0.3444 -0.9355 0.0787
vn 0.7963 -0.4953 0.3473
vn 0.4103 -0.6553 0.6342
vn 0.7919 0.6084 -0.0512
vn -0.3031 0.6724 -0.6753
vn 0.7963 -0.5464 -0.2597
vn 0.4103 -0.7521 -0.5158
vn -0.6891 -0.7221 0.0608
vn -0.6260 -0.5284 -0.5735
vn -0.6260 -0.4252 0.6537
vn 0.7624 -0.6448 0.0543
vn 0.8776 -0.1902 0.4400
vn -0.4599 0.1963 0.8660
vn 0.8776 -0.2610 -0.4020
vn -0.9773 -0.1701 0.1260
vn -0.6679 -0.7272 0.1584
vn -0.9654 0.0166 0.2603
vn 0.0234 -0.9700 -0.2419
vn 0.6487 -0.7469 -0.1464
vn -0.0012 -0.9998 -0.0210
vn 0.8501 0.4524 -0.2694
vn 0.6974 0.7033 -0.1381
vn 0.9819 -0.0075 -0.1891
vn 0.0069 0.9993 0.0363
vn -0.6313 0.7546 0.1789
vn 0.0424 0.9990 -0.0151
vn -0.0171 0.9805 -0.1960
vn 0.7241 0.6857 -0.0743
vn 0.7007 0.6609 -0.2688
vn 0.3901 -0.5516 -0.7373
vn 0.6554 -0.6698 -0.3489
vn 0.8994 0.3433 -0.2705
vn 0.1542 0.9871 0.0439
vn 0.9716 0.1427 -0.1890
vn 0.5676 0.8068 -0.1640
vn 0.6716 0.1494 -0.7257
vn 0.2540 0.7832 -0.5675
vn -0.7005 0.6958 0.1586
vn -0.1321 0.9854 -0.1071
vn -0.6858 0.7251 -0.0630
vn -0.9732 -0.0011 0.2301
vn -0.6588 -0.6630 0.3555
vn -0.9284 0.0596 0.3667
vn -0.0272 -0.9996 -0.0038
vn 0.7173 -0.6912 0.0877
vn 0.0254 -0.9772 0.2110
vn 0.9742 -0.0609 -0.2175
vn 0.6587 -0.7406 -0.1330
vn -0.7032 0.7089 0.0542
vn -0.6861 -0.7081 0.1671
vn -0.6048 -0.7959 -0.0260
vn 0.9999 0.0048 -0.0124
vn 0.6528 0.4667 0.5967
vn 0.8226 0.0023 0.5687
vn 0.1397 -0.6523 0.7450
vn -0.3658 -0.4319 0.8244
vn 0.0329 0.9994 0.0058
vn -0.6541 0.7296 0.1995
vn 0.2041 0.0311 0.9785
vn 0.1612 0.7036 0.6921
vn -0.3503 0.5085 0.7866
vn -0.5553 0.0441 0.8305
vn 0.6336 -0.4459 0.6323
vn -0.3465 0.2286 -0.9098
vn -0.5640 -0.6835 -0.4634
vn -0.1365 -0.7700 -0.6232
vn 0.8455 0.4685 -0.2561
vn -0.9443 -0.1044 -0.3122
vn 0.6679 -0.7272 0.1584
vn 0.9773 -0.1701 0.1260
vn 0.9654 0.0166 0.2603
vn -0.6487 -0.7469 -0.1464
vn -0.0234 -0.9700 -0.2419
vn 0.0012 -0.9998 -0.0210
vn -0.6974 0.7033 -0.1381
vn -0.8501 0.4524 -0.2694
vn -0.9819 -0.0075 -0.1891
vn 0.6313 0.7546 0.1789
vn -0.0069 0.9993 0.0363
vn -0.0424 0.9990 -0.0151
vn -0.7241 0.6857 -0.0743
vn 0.0171 0.9805 -0.1960
vn -0.7007 0.6609 -0.2688
vn -0.3901 -0.5516 -0.7373
vn -0.6554 -0.6698 -0.3489
vn -0.1542 0.9871 0.0439
vn -0.8995 0.3433 -0.2704
vn -0.9716 0.1427 -0.1890
vn -0.5676 0.8068 -0.1640
vn -0.6716 0.1494 -0.7257
vn 0.7005 0.6958 0.1586
vn 0.1321 0.9854 -0.1071
vn 0.9732 -0.0011 0.2301
vn 0.6588 -0.6630 0.3555
vn 0.6861 -0.7081 0.1671
vn 0.0272 -0.9996 -0.0038
vn -0.7173 -0.6912 0.0877
vn -0.6587 -0.7406 -0.1330
vn -0.9742 -0.0609 -0.2175
vn 0.7032 0.7089 0.0542
vn 0.6048 -0.7959 -0.0260
vn -0.9999 0.0048 -0.0124
vn -0.6528 0.4667 0.5967
vn -0.1397 -0.6523 0.7450
vn -0.0254 -0.9772 0.2110
vn -0.0329 0.9994 0.0058
vn 0.6541 0.7296 0.1995
vn 0.9284 0.0596 0.3667
vn -0.2041 0.0311 0.9785
vn -0.8226 0.0023 0.5687
vn 0.3503 0.5085 0.7866
vn 0.5553 0.0441 0.8305
vn 0.3658 -0.4319 0.8244
vn -0.6336 -0.4459 0.6323
vn -0.1612 0.7036 0.6921
vn 0.3465 0.2286 -0.9098
vn 0.6858 0.7251 -0.0630
vn 0.9443 -0.1044 -0.3122
vn -0.2540 0.7832 -0.5675
vn 0.1365 -0.7700 -0.6232
vn 0.5640 -0.6835 -0.4634
vn -0.8455 0.4685 -0.2561
vn -0.9648 0.2476 0.0889
vn -0.9208 0.2566 -0.2938
vn -0.9096 0.2684 -0.3171
vn -0.9723 0.2072 0.1081
vn -0.6967 0.6355 -0.3328
vn -0.5364 0.5141 -0.6693
vn -0.6273 0.2548 -0.7359
vn -0.6355 0.0979 -0.7659
vn -0.0441 0.1479 -0.9880
vn 0.2353 0.2493 -0.9394
vn 0.2794 0.0761 -0.9572
vn -0.0000 0.6298 -0.7767
vn -0.0000 0.2486 -0.9686
vn 0.5364 0.5141 -0.6693
vn 0.6273 0.2548 -0.7359
vn 0.6329 0.0940 -0.7685
vn 0.9723 0.2072 0.1081
vn 0.8229 0.3022 0.4811
vn 0.9671 0.2458 0.0653
vn 0.7610 0.6447 0.0730
vn 0.8736 0.1623 0.4588
vn 0.5307 0.4216 0.7353
vn 0.6190 0.1684 0.7671
vn 0.6397 0.0892 0.7634
vn 0.0054 0.0708 0.9975
vn -0.2285 0.2346 0.9449
vn -0.2630 0.0509 0.9634
vn -0.0000 0.2628 0.9649
vn -0.1991 0.5668 0.7995
vn -0.5307 0.4216 0.7353
vn -0.6190 0.1684 0.7671
vn -0.6439 0.1073 0.7576
vn -0.0000 0.9999 -0.0127
vn -0.2615 0.8588 0.4406
vn -0.0000 0.9060 0.4234
vn -0.2826 0.9591 0.0152
vn -0.6911 0.5541 0.4641
vn -0.0000 0.6037 0.7972
vn 0.2826 0.9591 0.0152
vn 0.6911 0.5541 0.4641
vn 0.2615 0.8588 0.4406
vn 0.1991 0.5668 0.7995
vn 0.2359 0.8872 -0.3966
vn 0.6967 0.6355 -0.3328
vn 0.2002 0.6135 -0.7639
vn -0.0000 0.9091 -0.4166
vn -0.2002 0.6135 -0.7639
vn -0.2359 0.8872 -0.3966
vn -0.7610 0.6447 0.0730
vn -0.1971 0.7386 0.6447
vn 0.0187 0.3725 0.9278
vn -0.2134 0.4229 0.8807
vn -0.4870 0.5046 0.7129
vn -0.5233 0.6829 0.5097
vn 0.3958 0.5976 0.6973
vn 0.1401 0.8796 0.4547
vn 0.4312 0.7749 0.4622
vn 0.2148 0.5264 0.8226
vn 0.2656 0.0295 0.9636
vn 0.2285 0.2346 0.9449
vn 0.8996 0.4330 0.0573
vn 0.9248 0.3459 0.1583
vn 0.8266 0.5488 0.1252
vn 0.7947 0.5066 0.3343
vn 0.4429 0.7756 -0.4498
vn 0.7992 0.5582 -0.2229
vn 0.8988 0.4378 -0.0222
vn 0.4026 0.5195 -0.7537
vn 0.9160 0.2498 -0.3140
vn 0.9208 0.2566 -0.2938
vn 0.1488 0.8128 -0.5633
vn -0.0030 0.4494 -0.8933
vn 0.3249 0.4615 -0.8255
vn -0.4114 0.5893 -0.6953
vn -0.1786 0.9252 -0.3347
vn -0.4397 0.7879 -0.4312
vn -0.2356 0.5775 -0.7817
vn -0.2282 0.0275 -0.9732
vn -0.2353 0.2493 -0.9394
vn -0.8350 0.5436 0.0856
vn -0.7526 0.5783 -0.3147
vn -0.8444 0.4849 -0.2279
vn -0.8822 0.4645 0.0768
vn -0.7893 0.5107 0.3409
vn -0.8502 0.4939 0.1821
vn -0.8479 0.2550 0.4648
vn -0.8736 0.1623 0.4588
vn -0.8167 -0.0182 0.5767
vn -0.6089 0.5344 0.5862
vn -0.6572 -0.0146 0.7536
vn 0.9997 0.0222 0.0083
vn 0.9596 0.2622 -0.1015
vn 0.9880 0.0220 -0.1526
vn -0.9209 -0.0205 0.3892
vn -0.7927 0.4202 0.4416
vn 0.8003 0.4906 -0.3447
vn 0.8401 0.0187 -0.5421
vn -0.0015 -0.0000 1.0000
vn -0.1077 0.2225 0.9690
vn 0.0008 0.2030 0.9792
vn 0.6109 0.5429 0.5762
vn 0.8177 0.0182 0.5753
vn 0.6564 0.0146 0.7543
vn -0.3404 0.4624 0.8187
vn -0.3412 -0.0076 0.9400
vn -0.4674 -0.0104 0.8840
vn 0.9214 0.0205 0.3880
vn 0.7864 0.4349 0.4387
vn 0.8460 0.4089 0.3423
vn 0.1072 0.2268 0.9680
vn 0.1372 0.0030 0.9905
vn -0.9905 -0.0220 0.1359
vn -0.8577 0.3815 0.3446
vn 0.3389 0.0075 0.9408
vn 0.3422 0.4695 0.8139
vn 0.4659 0.0103 0.8848
vn -0.9756 0.2179 0.0260
vn -0.9604 0.2740 0.0511
vn -0.6483 0.2770 -0.7092
vn -0.8416 -0.0187 -0.5398
vn -0.6176 -0.0137 -0.7864
vn -0.1384 -0.0031 0.9904
vn -0.1268 0.3488 0.9286
vn 0.9906 0.0220 0.1351
vn 0.9543 0.2961 0.0403
vn -0.4733 -0.0105 -0.8808
vn -0.3092 0.3917 0.8666
vn -0.2297 -0.0051 0.9733
vn 0.9788 0.2048 0.0068
vn -0.0009 -0.0000 -1.0000
vn -0.0443 0.4174 -0.9076
vn -0.1216 -0.0027 -0.9926
vn -0.2849 -0.0063 -0.9585
vn -0.4216 0.4657 -0.7781
vn 0.4757 0.4200 -0.7729
vn 0.6161 0.0137 -0.7876
vn 0.1270 0.3551 0.9261
vn 0.2275 0.0051 0.9738
vn -0.1936 0.5082 -0.8392
vn 0.4695 0.0104 -0.8829
vn 0.3074 0.4008 0.8631
vn -0.9997 -0.0222 0.0075
vn -0.9291 0.3657 -0.0547
vn 0.1827 0.1050 -0.9775
vn 0.0001 0.3120 -0.9501
vn 0.4074 0.2651 -0.8739
vn 0.2816 0.0063 -0.9595
vn -0.7423 0.3288 -0.5838
vn -0.9880 -0.0220 -0.1530
vn 0.1197 0.0027 -0.9928
vn 0.2210 0.1452 -0.9644
vn 0.2789 0.7693 0.5748
vn 0.3598 0.5639 0.7433
vn 0.2801 0.5804 0.7646
vn 0.7825 0.4847 -0.3908
vn 0.8551 0.4891 0.1719
vn 0.7791 0.4874 -0.3944
vn 0.4040 0.1616 -0.9004
vn 0.3536 0.3589 -0.8638
vn 0.3931 0.1393 -0.9089
vn -0.8880 0.4528 -0.0797
vn -0.7873 0.6047 -0.1204
vn -0.8762 0.4576 -0.1515
vn 0.7098 0.6287 0.3176
vn 0.3201 0.7981 -0.5105
vn 0.1417 0.7451 -0.6517
vn -0.3871 0.4688 0.7940
vn -0.2782 0.5852 0.7617
vn -0.3713 0.4923 0.7872
vn 0.3248 0.3791 -0.8664
vn -0.5942 0.6661 -0.4507
vn -0.4286 0.3148 -0.8469
vn -0.3990 0.2947 -0.8683
vn -0.2757 0.7702 0.5751
vn -0.3581 0.5701 0.7395
vn -0.3591 0.8033 0.4752
vn -0.6955 0.7179 0.0306
vn -0.6868 0.4773 0.5482
vn -0.7135 0.4847 0.5059
vn 0.0649 0.2611 -0.9631
vn -0.2720 0.2896 -0.9177
vn -0.1502 0.2885 -0.9456
vn -0.1244 0.4686 -0.8746
vn -0.6816 0.7270 -0.0825
vn 0.0270 0.2854 -0.9580
vn -0.6917 0.7221 -0.0113
vn -0.6978 0.7160 -0.0200
vn -0.6742 0.7385 -0.0121
vn 0.8412 0.4884 0.2323
vn 0.7265 0.4037 0.5561
vn -0.7452 0.6013 -0.2881
vn -0.7007 0.7130 -0.0230
vn 0.6989 0.3902 0.5994
vn 0.7115 0.5983 0.3685
vn -0.0081 0.5047 0.8632
vn 0.3806 0.4643 0.7998
vn -0.0099 0.4978 0.8672
vn 0.6906 0.7232 -0.0112
vn 0.6750 0.7373 0.0269
vn 0.6736 0.7391 -0.0075
vn -0.1832 0.9107 0.3703
vn 0.3614 0.7993 0.4801
vn 0.7271 0.6160 -0.3031
vn 0.6793 0.7337 0.0171
vn 0.7228 0.5665 -0.3958
vn -0.3606 0.8859 0.2917
vn -0.8327 0.5342 -0.1456
vn -0.7433 0.5592 -0.3671
vn 0.1880 0.9160 0.3544
vn 0.3725 0.8837 0.2834
vn -0.8374 0.5402 -0.0837
vn -0.1632 0.3813 -0.9099
vn -0.3309 0.4332 -0.8384
vn 0.3636 0.4868 0.7942
vn -0.5977 0.4461 -0.6661
vn -0.8935 0.4110 -0.1810
vn -0.3976 0.4503 -0.7994
vn 0.8525 0.4576 -0.2525
vn 0.7346 0.6478 -0.2017
vn 0.7983 0.4909 -0.3490
vn 0.0615 0.6721 0.7379
vn 0.2931 0.4900 0.8210
vn 0.1571 0.5029 0.8500
vn -0.3269 0.5844 -0.7427
vn 0.1024 0.8917 0.4409
vn 0.5816 0.8078 0.0960
vn 0.0681 0.8753 0.4787
vn -0.8029 0.5123 0.3048
vn -0.8342 0.5280 -0.1589
vn -0.8627 0.4847 -0.1444
vn -0.1211 0.7624 0.6356
vn -0.7497 0.6336 -0.1911
vn -0.7462 0.6657 -0.0038
vn -0.0026 0.4561 0.8899
vn -0.2985 0.4940 0.8166
vn -0.1594 0.5062 0.8476
vn -0.5773 0.8112 0.0937
vn -0.0964 0.8883 0.4490
vn -0.0636 0.8735 0.4827
vn 0.7337 0.6794 -0.0076
vn 0.6658 0.7427 0.0710
vn 0.1230 0.7588 0.6396
vn -0.0582 0.7464 0.6629
vn 0.6340 0.7733 0.0076
vn 0.6658 0.7316 0.1466
vn -0.0054 0.4811 0.8767
vn 0.6599 0.7281 0.1853
vn 0.7605 0.4345 0.4826
vn 0.7038 0.6566 0.2712
vn -0.6773 0.7348 0.0361
vn -0.6772 0.7258 0.1211
vn 0.8668 0.4833 0.1224
vn 0.8114 0.4878 0.3221
vn 0.8977 0.4353 0.0675
vn -0.6315 0.7754 0.0047
vn 0.0986 0.2579 -0.9611
vn 0.0994 0.2047 -0.9738
vn 0.1913 0.1346 -0.9723
vn -0.7048 0.7069 0.0597
vn -0.7007 0.7085 0.0837
vn 0.0177 0.3966 -0.9178
vn -0.0088 0.2322 -0.9726
vn 0.3498 0.0774 -0.9336
vn 0.2281 0.2065 -0.9515
vn -0.7433 0.5020 0.4423
vn 0.0567 0.7488 0.6604
vn -0.1902 0.6563 0.7301
vn 0.1352 0.7567 -0.6396
vn -0.2590 0.2917 -0.9208
vn 0.3003 0.4521 -0.8399
vn -0.2121 0.8083 -0.5493
vn 0.1601 0.6374 -0.7537
vn -0.0599 0.6770 0.7335
vn 0.1117 0.7173 -0.6877
vn -0.7741 0.5387 -0.3326
vn -0.4837 0.6738 -0.5587
vn 0.1883 0.6536 0.7330
vn -0.2046 0.5160 -0.8318
vn -0.5365 0.4752 0.6974
vn -0.7787 0.6275 -0.0000
vn -0.5589 0.4463 0.6989
vn 0.0174 0.0199 0.9996
vn -0.0046 -0.0108 0.9999
vn 0.0174 0.0199 -0.9996
vn -0.5589 0.4463 -0.6989
vn -0.5365 0.4752 -0.6974
vn 0.7891 -0.6142 -0.0000
vn 0.5470 -0.4657 0.6956
vn 0.7643 -0.6448 -0.0000
vn 0.0026 0.0245 0.9997
vn 0.5459 -0.4594 0.7006
vn 0.5708 -0.4347 0.6966
vn 0.7646 -0.6445 -0.0000
vn 0.5708 -0.4347 -0.6966
vn 0.5459 -0.4594 -0.7006
vn 0.0026 0.0245 -0.9997
vn -0.7556 0.6551 -0.0000
vn -0.5177 0.5087 -0.6879
vn -0.5177 0.5087 0.6879
vn 0.5470 -0.4657 -0.6956
vn -0.0046 -0.0108 -0.9999
vn -0.7053 0.7089 -0.0000
vn -0.7168 0.6973 -0.0000
vn 0.4900 -0.5174 -0.7015
vn 0.7059 -0.7083 -0.0000
vn -0.5255 0.5071 0.6832
vn 0.4900 -0.5174 0.7015
vn -0.5255 0.5071 -0.6832
vn 0.5365 0.4752 0.6974
vn 0.7787 0.6275 -0.0000
vn 0.7556 0.6551 -0.0000
vn -0.0174 0.0199 0.9996
vn 0.5589 0.4463 0.6989
vn 0.5589 0.4463 -0.6989
vn -0.0174 0.0199 -0.9996
vn 0.5365 0.4752 -0.6974
vn -0.7891 -0.6142 -0.0000
vn -0.5470 -0.4657 0.6956
vn -0.5708 -0.4347 0.6966
vn -0.0026 0.0245 0.9997
vn -0.5459 -0.4594 0.7006
vn -0.7646 -0.6445 -0.0000
vn -0.5708 -0.4347 -0.6966
vn -0.5459 -0.4594 -0.7006
vn -0.0026 0.0245 -0.9997
vn 0.5177 0.5087 -0.6879
vn 0.7168 0.6973 -0.0000
vn 0.5177 0.5087 0.6879
vn -0.5470 -0.4657 -0.6956
vn 0.0046 -0.0108 -0.9999
vn 0.0046 -0.0108 0.9999
vn 0.7053 0.7089 -0.0000
vn -0.4900 -0.5174 -0.7015
vn 0.0385 -0.0088 -0.9992
vn -0.7059 -0.7083 -0.0000
vn 0.5255 0.5071 0.6832
vn 0.0385 -0.0088 0.9992
vn -0.4900 -0.5174 0.7015
vn 0.5255 0.5071 -0.6832
vn 0.7039 0.6472 -0.2927
vn 0.6210 -0.3330 0.7095
vn 0.9310 -0.0091 0.3649
vn -0.7981 -0.1195 0.5905
vn 0.1035 -0.5995 0.7936
vn -0.0127 0.3657 0.9307
vn 0.9404 -0.0947 0.3266
vn -0.7039 0.6472 -0.2927
vn -0.6210 -0.3330 0.7095
vn -0.5857 0.7686 0.2575
vn 0.5809 -0.1744 -0.7951
vn -0.0000 0.4856 -0.8742
vn 0.4650 0.3652 -0.8065
vn -0.7568 -0.3859 -0.5276
vn 0.0043 -0.3198 -0.9475
vn -0.1166 -0.9577 -0.2630
vn 0.5157 -0.5403 -0.6649
vn -0.5820 -0.1599 -0.7973
vn -0.4650 0.3652 -0.8065
vn -0.9300 -0.0115 0.3675
vn -0.0000 0.9310 -0.3649
vn -0.0000 0.8807 0.4736
vn 0.5857 0.7686 0.2575
vn -0.0000 -0.9100 0.4146
vn -0.0000 -0.4024 0.9155
vn -0.0012 0.4439 0.8961
vn 0.4151 0.8169 -0.4005
vn 0.3270 0.3645 0.8719
vn -0.0729 0.8458 -0.5285
vn 0.2743 0.9616 -0.0000
vn -0.0000 0.0362 0.9993
vn -0.5579 0.1502 0.8162
vn 0.5579 0.1502 0.8162
vn -0.0000 0.0061 -1.0000
vn -0.2907 0.5791 0.7617
vn -0.0000 0.7563 -0.6542
vn 0.2907 0.5791 0.7617
vn -0.6292 0.6506 0.4253
vn 0.6170 0.2163 -0.7567
vn -0.6169 0.2163 -0.7567
vn -0.1294 0.4744 -0.8707
vn -0.0385 -0.0088 -0.9992
vn -0.0385 -0.0088 0.9992
vn -0.7643 -0.6448 -0.0000
vt 0.943872 0.778020
vt 0.951541 0.802717
vt 0.944907 0.759697
vt 0.960651 0.808910
vt 0.955897 0.842810
vt 0.932567 0.821582
vt 0.939254 0.781478
vt 0.945941 0.741373
vt 0.950823 0.788286
vt 0.965521 0.752257
vt 0.961833 0.748190
vt 0.943567 0.827911
vt 0.955279 0.788156
vt 0.949386 0.822363
vt 0.959229 0.786106
vt 0.969071 0.749849
vt 0.905575 0.786155
vt 0.909905 0.750215
vt 0.926381 0.754636
vt 0.891702 0.824215
vt 0.883852 0.786957
vt 0.823752 0.840888
vt 0.863347 0.787783
vt 0.902942 0.734677
vt 0.910399 0.698368
vt 0.934144 0.734900
vt 0.925360 0.691678
vt 0.911252 0.745331
vt 0.944238 0.782959
vt 0.957160 0.729673
vt 0.941881 0.690192
vt 0.950049 0.656362
vt 0.932309 0.678385
vt 0.928235 0.643824
vt 0.950865 0.686792
vt 0.933503 0.706851
vt 0.921998 0.700052
vt 0.915845 0.676277
vt 0.896723 0.628466
vt 0.971597 0.908477
vt 0.940499 0.867169
vt 0.955921 0.935561
vt 0.987273 0.881393
vt 0.957642 0.842660
vt 0.979856 0.825273
vt 0.915876 0.804861
vt 0.917929 0.854239
vt 0.895631 0.863533
vt 0.919383 0.820996
vt 0.937964 0.847937
vt 0.938437 0.868009
vt 0.926566 0.883962
vt 0.908500 0.909936
vt 0.934819 0.905349
vt 0.948579 0.930632
vt 0.914553 0.870444
vt 0.922292 0.922985
vt 0.936087 0.954620
vt 0.949883 0.986254
vt 0.937748 0.833459
vt 0.952987 0.867183
vt 0.946835 0.884510
vt 0.935158 0.827521
vt 0.949729 0.628416
vt 0.931642 0.579882
vt 0.949924 0.600209
vt 0.928803 0.611198
vt 0.905041 0.594011
vt 0.913359 0.559555
vt 0.981303 0.663559
vt 0.968598 0.629322
vt 0.987273 0.658435
vt 0.965685 0.666473
vt 0.966762 0.646252
vt 0.975332 0.668684
vt 0.966152 0.693397
vt 0.979208 0.698193
vt 0.964824 0.719075
vt 0.949118 0.713967
vt 0.915448 0.645262
vt 0.903561 0.663417
vt 0.926937 0.639071
vt 0.909361 0.692125
vt 0.915723 0.714171
vt 0.906671 0.716523
vt 0.888235 0.763649
vt 0.878865 0.812890
vt 0.926632 0.727090
vt 0.941460 0.733590
vt 0.976077 0.738776
vt 0.983082 0.727702
vt 0.958196 0.736952
vt 0.946517 0.756063
vt 0.931155 0.786010
vt 0.970534 0.710880
vt 0.973191 0.723795
vt 0.964471 0.699432
vt 0.968474 0.703942
vt 0.956238 0.744319
vt 0.945525 0.785473
vt 0.946958 0.681691
vt 0.956543 0.693718
vt 0.937199 0.657679
vt 0.942876 0.734106
vt 0.972439 0.769154
vt 0.960884 0.777630
vt 0.921023 0.915329
vt 0.934637 0.927409
vt 0.908717 0.913576
vt 0.905487 0.908683
vt 0.915832 0.913200
vt 0.928684 0.914388
vt 0.955028 0.919209
vt 0.950899 0.874062
vt 0.975772 0.872612
vt 0.942653 0.907260
vt 0.962828 0.929433
vt 0.929828 0.935876
vt 0.948831 0.849102
vt 0.956760 0.853036
vt 0.954382 0.903920
vt 0.888980 0.863445
vt 0.859447 0.872528
vt 0.866687 0.829341
vt 0.877256 0.868701
vt 0.901821 0.907051
vt 0.895141 0.904167
vt 0.876857 0.915271
vt 0.924182 0.910211
vt 0.896345 0.914235
vt 0.914263 0.904612
vt 0.953349 0.906581
vt 0.899083 0.910643
vt 0.892679 0.912603
vt 0.917655 0.943053
vt 0.938242 0.972375
vt 0.907550 0.943823
vt 0.940187 0.949107
vt 0.936194 0.961671
vt 0.946635 0.945792
vt 0.891878 0.705382
vt 0.891963 0.698674
vt 0.895753 0.698690
vt 0.888004 0.712074
vt 0.888303 0.705346
vt 0.886366 0.711857
vt 0.884298 0.705350
vt 0.888172 0.698658
vt 0.888303 0.718007
vt 0.891878 0.718043
vt 0.891963 0.723996
vt 0.888172 0.723980
vt 0.884298 0.718011
vt 0.880423 0.712041
vt 0.951669 0.893954
vt 0.895753 0.724012
vt 0.373099 0.038257
vt 0.388295 0.068845
vt 0.373099 0.068845
vt 0.373099 0.099434
vt 0.388295 0.130022
vt 0.373099 0.130022
vt 0.388295 0.160610
vt 0.373099 0.191199
vt 0.373099 0.160610
vt 0.388295 0.221787
vt 0.373099 0.252376
vt 0.373099 0.221787
vt 0.327119 0.007669
vt 0.327119 0.038257
vt 0.418884 0.160610
vt 0.449472 0.191199
vt 0.418884 0.191199
vt 0.388295 0.191199
vt 0.449472 0.130022
vt 0.418884 0.130022
vt 0.327119 0.221787
vt 0.327119 0.252376
vt 0.327119 0.099434
vt 0.327119 0.068845
vt 0.327119 0.160610
vt 0.327119 0.191199
vt 0.357707 0.252376
vt 0.357707 0.221787
vt 0.357707 0.191199
vt 0.357707 0.130022
vt 0.327119 0.130022
vt 0.357707 0.099434
vt 0.357707 0.068845
vt 0.388295 0.099434
vt 0.357707 0.038257
vt 0.388295 0.007669
vt 0.373099 0.007669
vt 0.365403 0.038257
vt 0.365403 0.007669
vt 0.365403 0.068845
vt 0.365403 0.099434
vt 0.365403 0.130022
vt 0.365403 0.160610
vt 0.365403 0.221787
vt 0.365403 0.191199
vt 0.365403 0.252376
vt 0.296530 0.160610
vt 0.296530 0.191199
vt 0.265942 0.191199
vt 0.265942 0.160610
vt 0.265942 0.130022
vt 0.296530 0.130022
vt 0.357707 0.160610
vt 0.357707 0.007669
vt 0.556629 0.038257
vt 0.571826 0.068845
vt 0.571826 0.038257
vt 0.556629 0.099434
vt 0.571826 0.130022
vt 0.571826 0.099434
vt 0.556629 0.191199
vt 0.571826 0.160610
vt 0.556629 0.160610
vt 0.556629 0.252376
vt 0.571826 0.221787
vt 0.556629 0.221787
vt 0.510649 0.007669
vt 0.510649 0.038257
vt 0.602414 0.160610
vt 0.633002 0.191199
vt 0.633002 0.160610
vt 0.571826 0.191199
vt 0.602414 0.130022
vt 0.633002 0.130022
vt 0.510649 0.221787
vt 0.510649 0.252376
vt 0.510649 0.068845
vt 0.510649 0.099434
vt 0.510649 0.160610
vt 0.510649 0.191199
vt 0.541237 0.252376
vt 0.541237 0.221787
vt 0.541237 0.191199
vt 0.541237 0.160610
vt 0.541237 0.130022
vt 0.510649 0.130022
vt 0.556629 0.130022
vt 0.541237 0.099434
vt 0.541237 0.068845
vt 0.556629 0.068845
vt 0.541237 0.038257
vt 0.541237 0.007669
vt 0.571826 0.007669
vt 0.556629 0.007669
vt 0.548933 0.038257
vt 0.548933 0.007669
vt 0.548933 0.068845
vt 0.548933 0.130022
vt 0.548933 0.221787
vt 0.548933 0.191199
vt 0.548933 0.252376
vt 0.548933 0.160610
vt 0.548933 0.099434
vt 0.480060 0.160610
vt 0.449472 0.160610
vt 0.480060 0.130022
vt 0.391997 0.900784
vt 0.381543 0.915495
vt 0.381357 0.900389
vt 0.391506 0.917647
vt 0.381114 0.927658
vt 0.370785 0.923985
vt 0.369725 0.913445
vt 0.369191 0.899937
vt 0.392757 0.883931
vt 0.383136 0.873177
vt 0.393711 0.872046
vt 0.382663 0.885338
vt 0.370725 0.886507
vt 0.372563 0.876074
vt 0.409716 0.873829
vt 0.402365 0.883896
vt 0.402379 0.872190
vt 0.412818 0.883932
vt 0.402596 0.901177
vt 0.411511 0.919133
vt 0.414042 0.901602
vt 0.407669 0.928978
vt 0.401084 0.918394
vt 0.391576 0.929569
vt 0.334549 0.878333
vt 0.333042 0.918915
vt 0.387719 0.964826
vt 0.362271 0.955879
vt 0.410328 0.959930
vt 0.400230 0.930069
vt 0.443168 0.929963
vt 0.429566 0.949093
vt 0.433044 0.855393
vt 0.445190 0.875479
vt 0.392478 0.836601
vt 0.414662 0.843159
vt 0.366437 0.843637
vt 0.066957 0.503782
vt 0.068084 0.542857
vt 0.050942 0.537064
vt 0.062919 0.565404
vt 0.043131 0.565325
vt 0.019186 0.559739
vt 0.042392 0.494126
vt 0.026111 0.528710
vt 0.059606 0.585780
vt 0.040975 0.584089
vt 0.016099 0.579987
vt 0.055646 0.608917
vt 0.036752 0.606007
vt 0.011649 0.602920
vt 0.036236 0.631460
vt 0.010754 0.629137
vt 0.053419 0.634789
vt 0.038645 0.657199
vt 0.013341 0.655881
vt 0.053401 0.657426
vt 0.053351 0.681147
vt 0.033223 0.689207
vt 0.063163 0.674091
vt 0.082532 0.705008
vt 0.068372 0.721067
vt 0.895349 0.821859
vt 0.911428 0.847178
vt 0.893000 0.841998
vt 0.920961 0.830611
vt 0.926284 0.858198
vt 0.917950 0.864529
vt 0.906636 0.860066
vt 0.891617 0.856089
vt 0.886848 0.888397
vt 0.900054 0.907623
vt 0.884007 0.905847
vt 0.903692 0.891056
vt 0.914848 0.909791
vt 0.909138 0.920682
vt 0.897008 0.921495
vt 0.881448 0.920736
vt 0.874976 0.954909
vt 0.907095 0.986036
vt 0.865650 0.986036
vt 0.901831 0.953829
vt 0.944327 0.970768
vt 0.820388 0.904175
vt 0.792743 0.872000
vt 0.820489 0.877097
vt 0.826372 0.921754
vt 0.795752 0.910911
vt 0.953798 0.898967
vt 0.986278 0.863416
vt 0.984912 0.903966
vt 0.940775 0.848088
vt 0.951970 0.871914
vt 0.925803 0.943217
vt 0.973461 0.942732
vt 0.943691 0.924086
vt 0.928230 0.915490
vt 0.915137 0.929237
vt 0.919905 0.893608
vt 0.935546 0.896074
vt 0.934564 0.875332
vt 0.920058 0.876653
vt 0.847406 0.833982
vt 0.809454 0.836611
vt 0.843815 0.793394
vt 0.830033 0.851829
vt 0.862788 0.855772
vt 0.845416 0.861067
vt 0.856182 0.847817
vt 0.852149 0.882737
vt 0.857320 0.866507
vt 0.838071 0.880296
vt 0.838269 0.901183
vt 0.853531 0.911990
vt 0.851693 0.899873
vt 0.849122 0.945474
vt 0.822719 0.948195
vt 0.841484 0.982413
vt 0.859752 0.929255
vt 0.844632 0.917534
vt 0.865561 0.917039
vt 0.878538 0.934748
vt 0.897680 0.935239
vt 0.869460 0.885605
vt 0.867529 0.902735
vt 0.873018 0.868804
vt 0.875552 0.854783
vt 0.889532 0.870954
vt 0.905311 0.874184
vt 0.868590 0.824212
vt 0.873769 0.841706
vt 0.895262 0.787401
vt 0.858755 0.793495
vt 0.967261 0.827349
vt 0.936149 0.800742
vt 0.615292 0.929155
vt 0.611450 0.949244
vt 0.600815 0.945298
vt 0.612088 0.960955
vt 0.617466 0.980966
vt 0.600704 0.966499
vt 0.634439 0.969496
vt 0.654181 0.963822
vt 0.639062 0.979316
vt 0.642024 0.946930
vt 0.637006 0.928300
vt 0.653563 0.941645
vt 0.641628 0.916516
vt 0.664507 0.937325
vt 0.664507 0.967485
vt 0.642833 0.959272
vt 0.645021 0.992012
vt 0.612460 0.992744
vt 0.589670 0.970861
vt 0.590485 0.941542
vt 0.609305 0.916671
vt 0.620666 0.940532
vt 0.621137 0.969413
vt 0.633323 0.938958
vt 0.936389 0.952253
vt 0.909211 0.970620
vt 0.876228 0.919102
vt 0.794948 0.972626
vt 0.767430 0.954748
vt 0.805583 0.922266
vt 0.752290 0.930813
vt 0.951866 0.929568
vt 0.779845 0.890394
vt 0.846125 0.952287
vt 0.739023 0.898210
vt 0.752130 0.854656
vt 0.727611 0.852765
vt 0.742458 0.844993
vt 0.869498 0.890474
vt 0.815947 0.876007
vt 0.862876 0.865438
vt 0.834457 0.841562
vt 0.857563 0.848896
vt 0.925503 0.890367
vt 0.959440 0.911625
vt 0.954768 0.870548
vt 0.970896 0.888723
vt 0.981411 0.872296
vt 0.852105 0.986074
vt 0.725157 0.836694
vt 0.849179 0.832740
vt 0.969561 0.853967
vt 0.875510 0.911939
vt 0.855244 0.928439
vt 0.857788 0.900276
vt 0.849851 0.894927
vt 0.849851 0.932493
vt 0.855633 0.878011
vt 0.870701 0.871525
vt 0.859828 0.867200
vt 0.871481 0.857376
vt 0.865262 0.930212
vt 0.864697 0.855006
vt 0.898417 0.888906
vt 0.909018 0.919849
vt 0.891750 0.924652
vt 0.875528 0.915483
vt 0.882347 0.889034
vt 0.888609 0.875602
vt 0.897490 0.861836
vt 0.909018 0.889531
vt 0.906142 0.855006
vt 0.222549 0.941767
vt 0.174733 0.957318
vt 0.187224 0.928546
vt 0.198350 0.889264
vt 0.237325 0.892876
vt 0.119839 0.879001
vt 0.075005 0.912412
vt 0.079248 0.871627
vt 0.112958 0.921161
vt 0.069872 0.949230
vt 0.042892 0.935801
vt 0.040198 0.904551
vt 0.042138 0.863770
vt 0.183509 0.772562
vt 0.197205 0.818857
vt 0.170953 0.806437
vt 0.133509 0.795242
vt 0.139626 0.757758
vt 0.054934 0.982078
vt 0.106533 0.960527
vt 0.100521 0.997366
vt 0.148604 0.997366
vt 0.144884 0.961472
vt 0.191553 0.978654
vt 0.093314 0.757841
vt 0.094448 0.793951
vt 0.065609 0.797380
vt 0.052357 0.775184
vt 0.126811 0.836278
vt 0.087294 0.831376
vt 0.052717 0.825229
vt 0.165836 0.844195
vt 0.200574 0.849360
vt 0.160668 0.884915
vt 0.151724 0.924933
vt 0.234820 0.843855
vt 0.216826 0.802026
vt 0.021998 0.809121
vt 0.004037 0.854802
vt 0.002503 0.905854
vt 0.603584 0.884847
vt 0.631588 0.899605
vt 0.578148 0.901004
vt 0.631588 0.862305
vt 0.610918 0.840661
vt 0.631588 0.825004
vt 0.578148 0.823606
vt 0.593826 0.843970
vt 0.581539 0.836508
vt 0.581564 0.862305
vt 0.593826 0.880640
vt 0.581539 0.888102
vt 0.651652 0.862305
vt 0.659020 0.847309
vt 0.657228 0.862305
vt 0.596819 0.862305
vt 0.604535 0.862305
vt 0.603584 0.839762
vt 0.610918 0.883948
vt 0.609666 0.862305
vt 0.659020 0.877301
vt 0.652307 0.881897
vt 0.647119 0.862305
vt 0.646130 0.882094
vt 0.652307 0.842713
vt 0.572679 0.877301
vt 0.570887 0.862305
vt 0.572679 0.847309
vt 0.667880 0.836508
vt 0.646130 0.842515
vt 0.664489 0.823606
vt 0.664489 0.901004
vt 0.667880 0.888102
vt 0.791716 0.064162
vt 0.811368 0.154640
vt 0.791510 0.155319
vt 0.843527 0.053755
vt 0.861293 0.154297
vt 0.841459 0.154683
vt 0.707820 0.052766
vt 0.727074 0.154396
vt 0.707820 0.154838
vt 0.753713 0.093016
vt 0.777483 0.154306
vt 0.753332 0.154502
vt 0.753641 0.234483
vt 0.729437 0.255844
vt 0.727384 0.234377
vt 0.849791 0.021227
vt 0.863361 0.053369
vt 0.714741 0.103777
vt 0.730361 0.053372
vt 0.720464 0.020360
vt 0.735561 0.020226
vt 0.783698 0.091332
vt 0.755050 0.049477
vt 0.781386 0.047999
vt 0.911810 0.238436
vt 0.931455 0.263333
vt 0.906399 0.260415
vt 0.843344 0.235258
vt 0.863361 0.258161
vt 0.844061 0.258958
vt 0.968398 0.240852
vt 0.938339 0.261513
vt 0.939597 0.238344
vt 0.773969 0.235045
vt 0.995498 0.160994
vt 0.990905 0.240685
vt 0.946264 0.158234
vt 0.963574 0.058970
vt 0.975064 0.160742
vt 0.863178 0.234872
vt 0.817043 0.235956
vt 0.807065 0.064147
vt 0.937724 0.158694
vt 0.932822 0.240068
vt 0.887892 0.156065
vt 0.880959 0.236793
vt 0.891411 0.092911
vt 0.916712 0.157062
vt 0.971368 0.263165
vt 0.987902 0.278022
vt 0.967975 0.278496
vt 0.817292 0.259295
vt 0.840819 0.274939
vt 0.819101 0.275213
vt 0.756114 0.255531
vt 0.733089 0.272356
vt 0.775964 0.256570
vt 0.873437 0.258101
vt 0.953951 0.335547
vt 0.943176 0.304584
vt 0.964973 0.303113
vt 0.980000 0.319160
vt 0.980000 0.345991
vt 0.962014 0.365702
vt 0.925190 0.351125
vt 0.940217 0.367173
vt 0.923435 0.278984
vt 0.903108 0.276617
vt 0.941179 0.277156
vt 0.876367 0.274739
vt 0.754732 0.272102
vt 0.898026 0.005324
vt 0.891316 0.049728
vt 0.873437 0.052197
vt 0.752964 0.002123
vt 0.972077 0.026204
vt 0.985482 0.005324
vt 0.995930 0.027142
vt 0.804026 0.022768
vt 0.815804 0.002611
vt 0.831322 0.020761
vt 0.990731 0.060038
vt 0.926022 0.066459
vt 0.921715 0.026496
vt 0.995930 0.262581
vt 0.925190 0.324295
vt 0.959704 0.023054
vt 0.072744 0.348313
vt 0.097222 0.363851
vt 0.074713 0.374730
vt 0.096787 0.347049
vt 0.110231 0.358785
vt 0.111393 0.369258
vt 0.103378 0.378177
vt 0.085564 0.394877
vt 0.134962 0.413229
vt 0.153009 0.386685
vt 0.163688 0.408117
vt 0.134962 0.374064
vt 0.134962 0.389032
vt 0.158531 0.369258
vt 0.166546 0.378177
vt 0.184361 0.394877
vt 0.173138 0.347049
vt 0.189402 0.320859
vt 0.197180 0.348313
vt 0.159004 0.346554
vt 0.168629 0.330121
vt 0.153761 0.325458
vt 0.159752 0.316729
vt 0.173188 0.301188
vt 0.134962 0.287297
vt 0.122020 0.311226
vt 0.114637 0.290689
vt 0.134962 0.310085
vt 0.124248 0.324242
vt 0.116164 0.325458
vt 0.110172 0.316729
vt 0.096737 0.301188
vt 0.134962 0.346628
vt 0.123235 0.335247
vt 0.134962 0.335057
vt 0.121693 0.346367
vt 0.113501 0.334778
vt 0.134962 0.324010
vt 0.148231 0.346367
vt 0.156424 0.334778
vt 0.146690 0.335247
vt 0.145676 0.324242
vt 0.148687 0.358956
vt 0.159693 0.358785
vt 0.149071 0.372127
vt 0.134962 0.359918
vt 0.120854 0.372127
vt 0.121238 0.358956
vt 0.110920 0.346554
vt 0.063979 0.210162
vt 0.134962 0.243287
vt 0.098575 0.257209
vt 0.072967 0.279822
vt 0.031193 0.252353
vt 0.196957 0.279822
vt 0.205945 0.210162
vt 0.238732 0.252353
vt 0.171349 0.257209
vt 0.155287 0.290689
vt 0.147904 0.311226
vt 0.227442 0.351035
vt 0.257035 0.303533
vt 0.259667 0.354786
vt 0.217265 0.311850
vt 0.249212 0.444411
vt 0.227394 0.388566
vt 0.262464 0.403878
vt 0.215185 0.418154
vt 0.195211 0.374730
vt 0.172702 0.363851
vt 0.212802 0.479581
vt 0.134962 0.457689
vt 0.184643 0.440031
vt 0.054739 0.418154
vt 0.057122 0.479581
vt 0.020713 0.444411
vt 0.085282 0.440031
vt 0.106236 0.408117
vt 0.116915 0.386685
vt 0.010257 0.354786
vt 0.042531 0.388566
vt 0.007461 0.403878
vt 0.042483 0.351035
vt 0.052660 0.311850
vt 0.012890 0.303533
vt 0.080522 0.320859
vt 0.101295 0.330121
vt 0.668923 0.411713
vt 0.669860 0.397405
vt 0.676256 0.404699
vt 0.803728 0.450842
vt 0.812373 0.464991
vt 0.803199 0.462949
vt 0.660720 0.423604
vt 0.661068 0.405855
vt 0.807420 0.478098
vt 0.798837 0.472636
vt 0.732113 0.388263
vt 0.720852 0.379264
vt 0.732690 0.378636
vt 0.793833 0.401949
vt 0.793583 0.416040
vt 0.786737 0.408524
vt 0.685407 0.388392
vt 0.700487 0.393322
vt 0.689575 0.397725
vt 0.801077 0.428368
vt 0.801965 0.410956
vt 0.810129 0.425519
vt 0.744434 0.380137
vt 0.743027 0.389766
vt 0.656756 0.434489
vt 0.651939 0.419933
vt 0.763209 0.395504
vt 0.778901 0.391925
vt 0.773696 0.400793
vt 0.646407 0.445469
vt 0.647327 0.432752
vt 0.659677 0.482939
vt 0.659294 0.468635
vt 0.666225 0.475287
vt 0.721121 0.389023
vt 0.709309 0.380713
vt 0.804089 0.439493
vt 0.813686 0.438584
vt 0.676281 0.482055
vt 0.698085 0.383726
vt 0.710588 0.390567
vt 0.813492 0.451154
vt 0.728111 0.494932
vt 0.706519 0.502640
vt 0.707711 0.492798
vt 0.687910 0.487726
vt 0.671856 0.491214
vt 0.797418 0.487493
vt 0.790861 0.479116
vt 0.755795 0.382443
vt 0.753367 0.392037
vt 0.685055 0.497371
vt 0.780431 0.485764
vt 0.766704 0.386291
vt 0.656284 0.445807
vt 0.646531 0.460028
vt 0.749859 0.503614
vt 0.728166 0.504615
vt 0.784413 0.494804
vt 0.768684 0.490298
vt 0.650866 0.473302
vt 0.656310 0.458521
vt 0.748783 0.493865
vt 0.771157 0.499757
vt 0.666895 0.335370
vt 0.682640 0.312431
vt 0.689530 0.329419
vt 0.910758 0.439894
vt 0.886018 0.464278
vt 0.886629 0.439841
vt 0.724310 0.582360
vt 0.682926 0.558986
vt 0.725107 0.562649
vt 0.616348 0.538807
vt 0.625772 0.567895
vt 0.598232 0.554519
vt 0.879608 0.516321
vt 0.882776 0.546062
vt 0.861861 0.531433
vt 0.762251 0.311359
vt 0.779316 0.332940
vt 0.757789 0.328559
vt 0.675400 0.578081
vt 0.640188 0.550074
vt 0.855393 0.562849
vt 0.838270 0.545830
vt 0.801281 0.340590
vt 0.787468 0.316629
vt 0.812414 0.325186
vt 0.568911 0.481251
vt 0.546987 0.455617
vt 0.571756 0.453453
vt 0.768597 0.560977
vt 0.825163 0.573171
vt 0.811870 0.554636
vt 0.576662 0.506341
vt 0.543507 0.487741
vt 0.774928 0.580443
vt 0.598284 0.377436
vt 0.595225 0.348308
vt 0.613493 0.360570
vt 0.909966 0.468107
vt 0.886768 0.491781
vt 0.580930 0.403286
vt 0.577544 0.367723
vt 0.911307 0.499937
vt 0.903200 0.528420
vt 0.734716 0.325424
vt 0.708333 0.309168
vt 0.735433 0.307644
vt 0.871230 0.358652
vt 0.866140 0.387252
vt 0.852278 0.369473
vt 0.642542 0.344049
vt 0.656908 0.319025
vt 0.881600 0.414042
vt 0.887369 0.379128
vt 0.904992 0.410069
vt 0.628785 0.329146
vt 0.573866 0.428752
vt 0.557722 0.397604
vt 0.824719 0.351030
vt 0.839432 0.337285
vt 0.549612 0.427039
vt 0.572919 0.536091
vt 0.594345 0.523081
vt 0.711422 0.326727
vt 0.637688 0.496248
vt 0.634366 0.523064
vt 0.615921 0.509735
vt 0.838127 0.439280
vt 0.858010 0.418028
vt 0.862384 0.439692
vt 0.702369 0.363697
vt 0.714433 0.344264
vt 0.717453 0.361882
vt 0.625460 0.484645
vt 0.809813 0.364899
vt 0.814061 0.391566
vt 0.794835 0.378848
vt 0.621681 0.448751
vt 0.598249 0.430390
vt 0.622685 0.431806
vt 0.790190 0.356385
vt 0.604339 0.409002
vt 0.628015 0.414760
vt 0.733345 0.360947
vt 0.753440 0.345771
vt 0.749106 0.363082
vt 0.650295 0.385552
vt 0.656513 0.359123
vt 0.670489 0.374190
vt 0.834180 0.422032
vt 0.844819 0.395445
vt 0.676809 0.352050
vt 0.686822 0.368350
vt 0.833198 0.380416
vt 0.823630 0.403519
vt 0.734022 0.343180
vt 0.832419 0.491853
vt 0.862141 0.483443
vt 0.855996 0.504096
vt 0.619130 0.387238
vt 0.639851 0.396883
vt 0.861770 0.460324
vt 0.837069 0.475078
vt 0.837465 0.456012
vt 0.631875 0.372965
vt 0.784823 0.517628
vt 0.762267 0.541603
vt 0.756014 0.522472
vt 0.594422 0.474609
vt 0.620064 0.467731
vt 0.803236 0.511275
vt 0.798493 0.536006
vt 0.725949 0.542869
vt 0.727678 0.523383
vt 0.596635 0.451167
vt 0.779052 0.371855
vt 0.771680 0.349469
vt 0.820178 0.501850
vt 0.820985 0.528734
vt 0.690446 0.540099
vt 0.669998 0.514710
vt 0.698793 0.521513
vt 0.763974 0.366033
vt 0.840934 0.516709
vt 0.652573 0.507356
vt 0.654726 0.532126
vt 0.695891 0.346562
vt 0.600957 0.495579
vt 0.029259 0.151471
vt 0.059251 0.176606
vt 0.029311 0.176606
vt 0.006476 0.150871
vt 0.006687 0.176011
vt 0.191872 0.150253
vt 0.159876 0.175060
vt 0.159651 0.149898
vt 0.136078 0.146099
vt 0.157857 0.171163
vt 0.136108 0.171267
vt 0.013426 0.041979
vt 0.196506 0.040143
vt 0.225089 0.148889
vt 0.192867 0.149069
vt 0.132734 0.037191
vt 0.157979 0.145994
vt 0.105929 0.146015
vt 0.083149 0.146099
vt 0.107812 0.037122
vt 0.188183 0.041238
vt 0.059408 0.151471
vt 0.075282 0.041774
vt 0.081305 0.150623
vt 0.032259 0.042474
vt 0.106169 0.171184
vt 0.083548 0.171267
vt 0.224865 0.174060
vt 0.192867 0.174239
vt 0.055840 0.005470
vt 0.057181 0.042474
vt 0.088982 0.037191
vt 0.107944 0.009177
vt 0.133479 0.010672
vt 0.150838 0.037104
vt 0.030301 0.006913
vt 0.194523 0.012214
vt 0.223142 0.039995
vt 0.165037 0.005470
vt 0.161549 0.040944
vt 0.088971 0.005470
vt 0.011345 0.010210
vt 0.922983 0.983349
vt 0.912023 0.960285
vt 0.914606 0.959108
vt 0.847665 0.841285
vt 0.910802 0.797382
vt 0.911537 0.879227
vt 0.973939 0.841285
vt 0.920400 0.984525
vt 0.929580 0.958082
vt 0.910802 0.981435
vt 0.929387 0.981833
vt 0.847956 0.840678
vt 0.910802 0.958043
vt 0.910802 0.796774
vt 0.973648 0.840678
vt 0.892024 0.958082
vt 0.892217 0.981833
vt 0.907027 0.840678
vt 0.902025 0.841285
vt 0.910802 0.873699
vt 0.973648 0.886874
vt 0.973939 0.881873
vt 0.919525 0.958082
vt 0.927752 0.981833
vt 0.891568 0.902830
vt 0.910802 0.904230
vt 0.892217 0.907600
vt 0.847665 0.881873
vt 0.910802 0.878709
vt 0.930036 0.902830
vt 0.910802 0.899420
vt 0.910802 0.984140
vt 0.930036 0.960285
vt 0.930036 0.984525
vt 0.891568 0.960285
vt 0.891568 0.984525
vt 0.910802 0.892510
vt 0.891568 0.891870
vt 0.891568 0.894453
vt 0.930036 0.900248
vt 0.891568 0.900248
vt 0.910802 0.896838
vt 0.930036 0.891870
vt 0.910802 0.889928
vt 0.930036 0.959108
vt 0.910802 0.959108
vt 0.891568 0.959108
vt 0.388295 0.038257
vt 0.388295 0.252376
vt 0.571826 0.252376
vt 0.602414 0.191199
vt 0.480060 0.191199
vt 0.333042 0.898596
vt 0.345878 0.860272
vt 0.343001 0.937765
vt 0.446934 0.902823
vt 0.090213 0.512524
vt 0.090213 0.695940
vt 0.020162 0.950682
vt 0.856477 0.274293
vt 0.770836 0.272945
vt 0.792513 0.024294
vt 0.552449 0.516953
vt 0.191872 0.175413
vt 0.080996 0.175765
vt 0.074689 0.006191
vt 0.152335 0.009159
vt 0.220840 0.008291
vt 0.191333 0.009543
vt 0.847956 0.886874
vt 0.929387 0.907600
vt 0.910802 0.960285
vt 0.930036 0.894453
s 1
f 26/1/1 113/2/2 84/3/3
f 87/4/4 42/5/5 113/2/2
f 113/2/2 4/6/6 55/7/7
f 84/3/3 55/7/7 12/8/8
f 83/9/9 80/10/10 25/11/11
f 83/9/9 45/12/12 114/13/13
f 114/13/13 8/14/14 58/15/15
f 114/13/13 15/16/16 80/10/10
f 79/17/17 76/18/18 24/19/19
f 17/20/20 115/21/21 79/17/17
f 115/21/21 6/22/22 61/23/23
f 76/18/18 61/23/23 18/24/24
f 23/25/25 116/26/26 72/27/27
f 75/28/28 51/29/29 116/26/26
f 51/29/29 41/30/30 116/26/26
f 116/26/26 10/31/31 72/27/27
f 22/32/32 117/33/33 68/34/34
f 71/35/35 59/36/36 117/33/33
f 117/33/33 5/37/37 50/38/38
f 117/33/33 19/39/39 68/34/34
f 67/40/40 64/41/41 21/42/42
f 11/43/43 118/44/44 67/40/40
f 54/45/45 51/29/29 118/44/44
f 118/44/44 20/46/46 64/41/41
f 17/20/20 119/47/47 97/48/48
f 60/49/49 96/50/50 119/47/47
f 119/47/47 28/51/51 90/52/52
f 97/48/48 90/52/52 30/53/53
f 21/42/42 120/54/54 95/55/55
f 64/41/41 66/56/56 120/54/54
f 120/54/54 31/57/57 92/58/58
f 95/55/55 92/58/58 32/59/59
f 14/60/60 121/61/61 65/62/62
f 57/63/63 42/5/5 121/61/61
f 121/61/61 11/43/43 67/40/40
f 65/62/62 67/40/40 21/42/42
f 70/64/64 40/65/65 9/66/66
f 70/64/64 68/34/34 122/67/67
f 68/34/34 62/68/68 122/67/67
f 122/67/67 1/69/69 40/65/65
f 44/70/70 52/71/71 3/72/72
f 44/70/70 69/73/73 123/74/74
f 123/74/74 22/32/32 70/64/64
f 123/74/74 9/66/66 52/71/71
f 13/75/75 124/76/76 69/73/73
f 56/77/77 47/78/78 124/76/76
f 124/76/76 16/79/79 71/35/35
f 69/73/73 71/35/35 22/32/32
f 19/39/39 125/80/80 62/68/68
f 74/81/81 72/27/27 125/80/80
f 125/80/80 10/31/31 53/82/82
f 62/68/68 53/82/82 1/69/69
f 5/37/37 126/83/83 50/38/38
f 49/84/84 73/85/85 126/83/83
f 126/83/83 23/25/25 74/81/81
f 50/38/38 74/81/81 19/39/39
f 18/24/24 127/86/86 73/85/85
f 61/23/23 63/87/87 127/86/86
f 127/86/86 20/46/46 75/28/28
f 73/85/85 75/28/28 23/25/25
f 16/79/79 128/88/88 59/36/36
f 78/89/89 76/18/18 128/88/88
f 128/88/88 18/24/24 49/84/84
f 59/36/36 49/84/84 5/37/37
f 46/90/90 47/78/78 7/91/91
f 15/16/16 129/92/92 46/90/90
f 77/93/93 78/89/89 129/92/92
f 47/78/78 78/89/89 16/79/79
f 58/15/15 77/93/93 15/16/16
f 8/14/14 130/94/94 58/15/15
f 60/49/49 79/17/17 130/94/94
f 130/94/94 24/19/19 77/93/93
f 82/95/95 56/77/77 13/75/75
f 25/11/11 131/96/96 82/95/95
f 80/10/10 46/90/90 131/96/96
f 131/96/96 7/91/91 56/77/77
f 43/97/97 44/70/70 3/72/72
f 12/8/8 132/98/98 43/97/97
f 81/99/99 82/95/95 132/98/98
f 132/98/98 13/75/75 44/70/70
f 12/8/8 133/100/100 81/99/99
f 4/6/6 133/100/100 55/7/7
f 57/63/63 83/9/9 133/100/100
f 133/100/100 25/11/11 81/99/99
f 86/101/101 52/71/71 9/66/66
f 26/1/1 134/102/102 86/101/101
f 134/102/102 12/8/8 43/97/97
f 134/102/102 3/72/72 52/71/71
f 1/69/69 135/103/103 40/65/65
f 10/31/31 135/103/103 53/82/82
f 85/104/104 86/101/101 135/103/103
f 135/103/103 9/66/66 40/65/65
f 41/30/30 85/104/104 10/31/31
f 2/105/105 136/106/106 41/30/30
f 54/45/45 87/4/4 136/106/106
f 136/106/106 26/1/1 85/104/104
f 31/57/57 137/107/107 105/108/108
f 91/109/109 104/110/110 137/107/107
f 137/107/107 33/111/111 101/112/112
f 105/108/108 101/112/112 35/113/113
f 88/114/114 90/52/52 28/51/51
f 29/115/115 138/116/116 88/114/114
f 93/117/117 94/118/118 138/116/116
f 138/116/116 30/53/53 90/52/52
f 45/12/12 96/50/50 8/14/14
f 14/60/60 139/119/119 45/12/12
f 98/120/120 88/114/114 139/119/119
f 139/119/119 28/51/51 96/50/50
f 65/62/62 98/120/120 14/60/60
f 21/42/42 140/121/121 65/62/62
f 95/55/55 93/117/117 140/121/121
f 140/121/121 29/115/115 98/120/120
f 20/46/46 141/122/122 66/56/56
f 6/22/22 141/122/122 63/87/87
f 99/123/123 91/109/109 141/122/122
f 66/56/56 91/109/109 31/57/57
f 48/124/124 99/123/123 6/22/22
f 48/124/124 97/48/48 142/125/125
f 97/48/48 89/126/126 142/125/125
f 142/125/125 27/127/127 99/123/123
f 34/128/128 143/129/129 100/130/130
f 103/131/131 102/132/132 143/129/129
f 143/129/129 35/113/113 101/112/112
f 100/130/130 101/112/112 33/111/111
f 89/126/126 104/110/110 27/127/127
f 30/53/53 144/133/133 89/126/126
f 106/134/134 100/130/130 144/133/133
f 144/133/133 33/111/111 104/110/110
f 94/118/118 106/134/134 30/53/53
f 32/59/59 145/135/135 94/118/118
f 145/135/135 36/136/136 103/137/137
f 106/134/134 103/137/137 34/128/128
f 32/59/59 146/138/138 107/139/139
f 92/58/58 105/108/108 146/138/138
f 105/108/108 102/140/140 146/138/138
f 107/139/139 102/140/140 36/136/136
f 103/141/141 111/142/142 34/143/143
f 36/144/144 147/145/145 103/141/141
f 110/146/146 109/147/147 147/145/145
f 147/145/145 37/148/148 111/142/142
f 36/144/144 148/149/149 110/146/146
f 102/150/150 112/151/151 148/149/149
f 148/149/149 38/152/152 108/153/153
f 110/146/146 108/153/153 39/154/154
f 174/1/155 261/2/156 235/4/157
f 235/4/157 190/5/158 159/43/159
f 261/2/156 152/6/160 190/5/158
f 232/3/161 203/7/162 261/2/156
f 228/10/163 231/9/164 173/11/165
f 231/9/164 193/12/166 162/60/167
f 262/13/168 156/14/169 193/12/166
f 163/16/170 262/13/168 228/10/163
f 224/18/171 227/17/172 172/19/173
f 263/21/174 165/20/175 227/17/172
f 263/21/174 154/22/176 196/124/177
f 224/18/171 209/23/178 263/21/174
f 171/25/179 264/26/180 223/28/181
f 223/28/181 199/29/182 168/46/183
f 189/30/184 199/29/182 264/26/180
f 158/31/185 264/26/180 220/27/186
f 170/32/187 265/33/188 219/35/189
f 219/35/189 207/36/190 164/79/191
f 265/33/188 153/37/192 207/36/190
f 167/39/193 265/33/188 216/34/194
f 212/41/195 215/40/196 169/42/197
f 266/44/198 159/43/159 215/40/196
f 199/29/182 202/45/199 266/44/198
f 168/46/183 266/44/198 212/41/195
f 165/20/175 267/47/200 208/49/201
f 208/49/201 244/50/202 156/14/169
f 267/47/200 176/51/203 244/50/202
f 245/48/204 238/52/205 267/47/200
f 169/42/197 268/54/206 212/41/195
f 212/41/195 214/56/207 168/46/183
f 268/54/206 179/57/208 214/56/207
f 243/55/209 240/58/210 268/54/206
f 162/60/167 269/61/211 205/63/212
f 205/63/212 190/5/158 152/6/160
f 269/61/211 159/43/159 190/5/158
f 213/62/213 215/40/196 269/61/211
f 188/65/214 218/64/215 157/66/216
f 218/64/215 216/34/194 170/32/187
f 210/68/217 216/34/194 270/67/218
f 149/69/219 270/67/218 188/65/214
f 200/71/220 192/70/221 151/72/222
f 192/70/221 217/73/223 161/75/224
f 271/74/225 170/32/187 217/73/223
f 157/66/216 271/74/225 200/71/220
f 161/75/224 272/76/226 204/77/227
f 204/77/227 195/78/228 155/91/229
f 272/76/226 164/79/191 195/78/228
f 217/73/223 219/35/189 272/76/226
f 167/39/193 273/80/230 222/81/231
f 222/81/231 220/27/186 171/25/179
f 273/80/230 158/31/185 220/27/186
f 210/68/217 201/82/232 273/80/230
f 153/37/192 274/83/233 197/84/234
f 197/84/234 221/85/235 166/24/236
f 274/83/233 171/25/179 221/85/235
f 198/38/237 222/81/231 274/83/233
f 166/24/236 275/86/238 209/23/178
f 209/23/178 211/87/239 154/22/176
f 275/86/238 168/46/183 211/87/239
f 221/85/235 223/28/181 275/86/238
f 164/79/191 276/88/240 226/89/241
f 226/89/241 224/18/171 172/19/173
f 276/88/240 166/24/236 224/18/171
f 207/36/190 197/84/234 276/88/240
f 195/78/228 194/90/242 155/91/229
f 277/92/243 163/16/170 194/90/242
f 226/89/241 225/93/244 277/92/243
f 195/78/228 226/89/241 277/92/243
f 225/93/244 206/15/245 163/16/170
f 278/94/246 156/14/169 206/15/245
f 227/17/172 208/49/201 278/94/246
f 172/19/173 278/94/246 225/93/244
f 204/77/227 230/95/247 161/75/224
f 279/96/248 173/11/165 230/95/247
f 194/90/242 228/10/163 279/96/248
f 155/91/229 279/96/248 204/77/227
f 192/70/221 191/97/249 151/72/222
f 280/98/250 160/8/251 191/97/249
f 230/95/247 229/99/252 280/98/250
f 161/75/224 280/98/250 192/70/221
f 160/8/251 281/100/253 203/7/162
f 281/100/253 152/6/160 203/7/162
f 231/9/164 205/63/212 281/100/253
f 173/11/165 281/100/253 229/99/252
f 200/71/220 234/101/254 157/66/216
f 282/102/255 174/1/155 234/101/254
f 282/102/255 160/8/251 232/3/161
f 151/72/222 282/102/255 200/71/220
f 149/69/219 283/103/256 201/82/232
f 283/103/256 158/31/185 201/82/232
f 234/101/254 233/104/257 283/103/256
f 157/66/216 283/103/256 188/65/214
f 233/104/257 189/30/184 158/31/185
f 284/106/258 150/105/259 189/30/184
f 235/4/157 202/45/199 284/106/258
f 174/1/155 284/106/258 233/104/257
f 179/57/208 285/107/260 239/109/261
f 239/109/261 252/110/262 175/127/263
f 285/107/260 181/111/264 252/110/262
f 253/108/265 249/112/266 285/107/260
f 238/52/205 236/114/267 176/51/203
f 286/116/268 177/115/269 236/114/267
f 242/118/270 241/117/271 286/116/268
f 178/53/272 286/116/268 238/52/205
f 244/50/202 193/12/166 156/14/169
f 287/119/273 162/60/167 193/12/166
f 236/114/267 246/120/274 287/119/273
f 176/51/203 287/119/273 244/50/202
f 246/120/274 213/62/213 162/60/167
f 288/121/275 169/42/197 213/62/213
f 241/117/271 243/55/209 288/121/275
f 177/115/269 288/121/275 246/120/274
f 168/46/183 289/122/276 211/87/239
f 289/122/276 154/22/176 211/87/239
f 239/109/261 247/123/277 289/122/276
f 214/56/207 239/109/261 289/122/276
f 247/123/277 196/124/177 154/22/176
f 196/124/177 245/48/204 165/20/175
f 237/126/278 245/48/204 290/125/279
f 175/127/263 290/125/279 247/123/277
f 182/128/280 291/129/281 251/131/282
f 251/131/282 250/132/283 184/155/284
f 291/129/281 183/113/285 250/132/283
f 248/130/286 249/112/266 291/129/281
f 252/110/262 237/126/278 175/127/263
f 292/133/287 178/53/272 237/126/278
f 248/130/286 254/134/288 292/133/287
f 181/111/264 292/133/287 252/110/262
f 254/134/288 242/118/270 178/53/272
f 293/135/289 180/59/290 242/118/270
f 293/135/289 184/136/291 255/139/292
f 254/134/288 251/137/293 293/135/289
f 180/59/290 294/138/294 240/58/210
f 240/58/210 253/108/265 179/57/208
f 250/140/295 253/108/265 294/138/294
f 255/139/292 250/140/295 294/138/294
f 259/142/296 251/141/297 182/143/298
f 295/145/299 184/144/300 251/141/297
f 257/147/301 258/146/302 295/145/299
f 185/148/303 295/145/299 259/142/296
f 184/144/300 296/149/304 250/150/305
f 250/150/305 260/151/306 183/156/307
f 296/149/304 186/152/308 260/151/306
f 258/146/302 256/153/309 296/149/304
f 330/157/310 300/158/311 324/159/312
f 329/160/313 304/161/314 325/162/315
f 313/163/316 326/164/317 328/165/318
f 316/166/319 323/167/320 327/168/321
f 297/169/322 335/170/323 331/169/324
f 317/171/325 298/172/326 316/173/319
f 317/171/325 302/174/327 313/163/316
f 304/161/314 317/171/325 313/163/316
f 300/175/311 317/171/325 310/176/328
f 315/177/329 331/178/324 338/177/330
f 309/179/331 332/180/332 299/180/333
f 312/181/334 333/182/335 337/181/336
f 315/177/329 306/183/337 297/178/322
f 301/182/338 319/184/339 315/177/329
f 302/174/327 327/168/321 326/164/317
f 312/181/334 314/185/340 301/182/338
f 311/186/341 312/181/334 303/187/342
f 325/162/315 313/163/316 328/165/318
f 321/188/343 303/187/342 309/179/331
f 308/189/344 309/179/331 299/180/333
f 324/159/312 310/190/328 329/160/313
f 322/191/345 299/180/333 305/170/346
f 297/169/322 322/191/345 305/170/346
f 298/192/326 330/157/310 323/193/320
f 323/193/320 345/194/347 346/195/348
f 318/196/349 329/160/313 344/197/350
f 340/198/351 328/165/318 343/199/352
f 326/164/317 342/200/353 341/201/354
f 327/168/321 346/202/348 342/200/353
f 328/165/318 341/201/354 343/199/352
f 344/197/350 325/162/315 340/198/351
f 345/194/347 324/159/312 318/196/349
f 339/203/355 333/182/335 338/204/330
f 339/203/355 331/205/324 335/206/323
f 332/207/332 339/203/355 335/206/323
f 334/187/356 339/203/355 336/208/357
f 312/181/334 334/187/356 303/187/342
f 303/187/342 336/179/357 309/179/331
f 299/180/333 335/170/323 305/170/346
f 301/182/338 338/177/330 333/182/335
f 345/194/347 308/189/344 322/191/345
f 321/188/343 340/198/351 311/186/341
f 343/199/352 314/185/340 320/209/358
f 342/200/353 306/183/337 319/184/339
f 341/201/354 319/184/339 314/185/340
f 311/186/341 343/199/352 320/209/358
f 308/189/344 344/197/350 321/188/343
f 306/210/337 345/194/347 322/191/345
f 380/211/359 350/212/360 357/213/361
f 379/214/362 354/215/363 360/216/364
f 376/217/365 363/218/366 378/219/367
f 373/220/368 366/221/369 377/222/370
f 347/223/371 385/224/372 355/224/373
f 367/225/374 348/226/375 357/227/361
f 352/228/376 367/225/374 363/218/366
f 354/215/363 367/225/374 360/229/364
f 367/225/374 350/230/360 360/229/364
f 365/231/377 381/232/378 347/232/371
f 382/233/379 359/234/380 349/233/381
f 362/235/382 383/236/383 351/236/384
f 365/231/377 356/237/385 369/238/386
f 351/236/384 369/238/386 364/239/387
f 377/222/370 352/228/376 376/217/365
f 362/235/382 364/239/387 370/240/388
f 362/235/382 361/241/389 353/242/390
f 375/243/391 363/218/366 354/215/363
f 353/242/390 371/244/392 359/234/380
f 359/234/380 358/245/393 349/233/381
f 374/246/394 360/216/364 350/212/360
f 349/233/381 372/247/395 355/224/373
f 347/223/371 372/247/395 356/248/385
f 380/211/359 348/249/375 373/250/368
f 395/251/396 373/250/368 396/252/397
f 368/253/398 379/214/362 374/246/394
f 390/254/399 378/219/367 375/243/391
f 392/255/400 376/217/365 391/256/401
f 396/257/397 377/222/370 392/255/400
f 391/256/401 378/219/367 393/258/402
f 394/259/403 375/243/391 379/214/362
f 395/251/396 374/246/394 380/211/359
f 389/260/404 383/236/383 387/235/405
f 381/172/378 389/260/404 385/261/372
f 382/175/379 389/260/404 386/262/406
f 389/260/404 384/242/407 386/262/406
f 384/242/407 362/235/382 353/242/390
f 386/234/406 353/242/390 359/234/380
f 385/224/372 349/233/381 355/224/373
f 351/236/384 388/231/408 365/231/377
f 358/245/393 395/251/396 372/247/395
f 371/244/392 390/254/399 394/259/403
f 364/239/387 393/258/402 370/240/388
f 356/237/385 392/255/400 369/238/386
f 369/238/386 391/256/401 364/239/387
f 361/241/389 393/258/402 390/254/399
f 358/245/393 394/259/403 368/253/398
f 356/248/385 395/251/396 396/252/397
f 405/263/409 426/264/410 418/265/411
f 421/266/412 416/267/413 426/264/410
f 426/264/410 399/268/414 412/269/415
f 418/265/411 412/269/415 404/270/416
f 420/271/417 406/272/418 401/273/419
f 405/263/409 427/274/420 420/271/417
f 418/265/411 417/275/421 427/274/420
f 427/274/420 397/276/422 406/272/418
f 398/277/423 428/278/424 413/279/425
f 408/280/426 419/281/427 428/278/424
f 419/281/427 420/271/417 428/278/424
f 428/278/424 401/273/419 413/279/425
f 415/282/428 419/281/427 402/283/429
f 400/284/430 429/285/431 415/282/428
f 429/285/431 403/286/432 421/266/412
f 419/281/427 421/266/412 405/263/409
f 404/270/416 430/287/433 417/275/421
f 430/287/433 397/276/422 417/275/421
f 399/268/414 431/288/434 412/269/415
f 431/288/434 404/270/416 412/269/415
f 423/289/435 416/267/413 403/286/432
f 432/290/436 399/268/414 416/267/413
f 400/284/430 433/291/437 410/292/438
f 410/292/438 423/289/435 403/286/432
f 402/283/429 434/293/439 415/282/428
f 415/282/428 409/294/440 400/284/430
f 407/295/441 408/280/426 398/277/423
f 435/296/442 402/283/429 408/280/426
f 425/297/443 413/279/425 401/273/419
f 436/298/444 398/277/423 413/279/425
f 397/276/422 437/299/445 406/272/418
f 406/272/418 425/297/443 401/273/419
f 444/300/446 445/301/447 446/302/448
f 446/302/448 440/303/449 442/304/450
f 438/305/451 446/302/448 442/304/450
f 439/306/452 446/302/448 443/307/453
f 442/304/450 448/308/454 449/309/455
f 442/304/450 447/310/456 438/305/451
f 449/309/455 451/311/457 452/312/458
f 447/310/456 452/312/458 450/313/459
f 451/311/457 455/314/460 452/312/458
f 452/312/458 453/315/461 450/313/459
f 454/316/462 458/317/463 455/314/460
f 455/314/460 456/318/464 453/315/461
f 457/319/465 461/320/466 458/317/463
f 458/317/463 459/321/467 456/318/464
f 460/322/468 464/323/469 461/320/466
f 461/320/466 462/324/470 459/321/467
f 472/301/471 471/300/472 473/302/473
f 467/303/474 473/302/473 469/304/475
f 465/305/476 473/302/473 470/307/477
f 473/302/473 466/306/478 470/307/477
f 469/304/475 475/308/479 467/303/474
f 474/310/480 469/304/475 465/305/476
f 476/309/481 478/311/482 475/308/479
f 474/310/480 479/312/483 476/309/481
f 482/314/484 478/311/482 479/312/483
f 480/315/485 479/312/483 477/313/486
f 485/317/487 481/316/488 482/314/484
f 483/318/489 482/314/484 480/315/485
f 488/320/490 484/319/491 485/317/487
f 486/321/492 485/317/487 483/318/489
f 464/323/469 487/322/493 488/320/490
f 462/324/470 488/320/490 486/321/492
f 505/325/494 542/326/495 538/327/496
f 541/328/497 507/329/498 542/326/495
f 542/326/495 490/330/499 516/331/500
f 542/326/495 495/332/501 538/327/496
f 504/333/502 543/334/503 534/335/504
f 537/336/505 510/337/506 543/334/503
f 543/334/503 492/338/507 519/339/508
f 534/335/504 519/339/508 498/340/509
f 503/341/510 544/342/511 530/343/512
f 533/344/513 513/345/514 544/342/511
f 529/346/515 526/347/516 502/348/517
f 499/349/518 545/350/519 529/346/515
f 501/351/520 546/352/521 522/353/522
f 494/354/523 546/352/521 525/355/524
f 500/356/525 547/357/526 513/345/514
f 501/351/520 547/357/526 524/358/527
f 492/338/507 548/359/528 521/360/529
f 497/361/530 548/359/528 510/337/506
f 523/362/531 524/358/527 548/359/528
f 548/359/528 500/356/525 521/360/529
f 497/361/530 549/363/532 523/362/531
f 490/330/499 549/363/532 518/364/533
f 549/363/532 494/354/523 525/355/524
f 523/362/531 525/355/524 501/351/520
f 493/365/534 550/366/535 506/367/536
f 528/368/537 526/347/516 550/366/535
f 489/369/538 551/370/539 514/371/540
f 496/372/541 551/370/539 509/373/542
f 527/374/543 528/368/537 551/370/539
f 514/371/540 528/368/537 493/365/534
f 496/372/541 552/375/544 527/374/543
f 491/376/545 552/375/544 517/377/546
f 552/375/544 499/349/518 529/346/515
f 527/374/543 529/346/515 502/348/517
f 532/378/547 520/379/548 499/349/518
f 503/341/510 553/380/549 532/378/547
f 491/376/545 554/381/550 512/382/551
f 511/383/552 531/384/553 554/381/550
f 554/381/550 503/341/510 532/378/547
f 512/382/551 532/378/547 499/349/518
f 498/340/509 555/385/554 531/384/553
f 492/338/507 555/385/554 519/339/508
f 521/360/529 533/344/513 555/385/554
f 555/385/554 503/341/510 531/384/553
f 536/386/555 517/377/546 496/372/541
f 504/333/502 556/387/556 536/386/555
f 534/335/504 511/383/552 556/387/556
f 556/387/556 491/376/545 517/377/546
f 489/369/538 557/388/557 509/373/542
f 508/389/558 535/390/559 557/388/557
f 557/388/557 504/333/502 536/386/555
f 509/373/542 536/386/555 496/372/541
f 516/331/500 535/390/559 495/332/501
f 490/330/499 558/391/560 516/331/500
f 518/364/533 537/336/505 558/391/560
f 558/391/560 504/333/502 535/390/559
f 540/392/561 514/371/540 493/365/534
f 505/325/494 559/393/562 540/392/561
f 538/327/496 508/389/558 559/393/562
f 559/393/562 489/369/538 514/371/540
f 539/394/563 540/392/561 560/395/564
f 560/395/564 493/365/534 506/367/536
f 515/396/565 541/328/497 561/397/566
f 561/397/566 505/325/494 539/394/563
f 585/398/567 565/399/568 573/400/569
f 575/401/570 576/402/571 584/403/572
f 578/404/573 579/405/574 583/406/575
f 581/407/576 571/408/577 582/409/578
f 582/409/578 562/410/579 580/411/580
f 579/405/574 580/411/580 566/412/581
f 567/413/582 582/409/578 579/405/574
f 583/406/575 566/412/581 577/414/583
f 576/402/571 577/414/583 568/415/584
f 576/402/571 578/404/573 583/406/575
f 584/403/572 568/415/584 574/416/585
f 564/417/586 584/403/572 574/416/585
f 565/399/568 584/403/572 573/400/569
f 585/398/567 564/417/586 570/418/587
f 571/408/577 570/418/587 562/410/579
f 571/408/577 572/419/588 585/398/567
f 609/398/589 589/399/590 596/419/591
f 600/402/592 599/401/593 608/403/594
f 603/405/595 602/404/596 607/406/597
f 595/408/598 605/407/599 606/409/600
f 586/410/601 606/409/600 604/411/602
f 604/411/602 603/405/595 590/412/603
f 606/409/600 591/413/604 603/405/595
f 590/412/603 607/406/597 601/414/605
f 601/414/605 600/402/592 592/415/606
f 600/402/592 602/404/596 593/420/607
f 592/415/606 608/403/594 598/416/608
f 588/417/609 608/403/594 597/400/610
f 608/403/594 589/399/590 597/400/610
f 588/417/609 609/398/589 594/418/611
f 594/418/611 595/408/598 586/410/601
f 595/408/598 596/419/591 587/421/612
f 633/398/575 613/399/613 620/419/614
f 624/402/615 623/401/616 632/403/578
f 627/405/617 626/404/618 631/406/567
f 630/409/572 611/421/619 629/407/620
f 610/410/621 630/409/572 628/411/622
f 628/411/622 627/405/617 614/412/623
f 630/409/572 615/413/624 627/405/617
f 625/414/625 627/405/617 631/406/567
f 625/414/625 624/402/615 616/415/626
f 631/406/567 617/420/627 624/402/615
f 616/415/626 632/403/578 622/416/628
f 612/417/629 632/403/578 621/400/630
f 621/400/630 623/401/616 613/399/613
f 618/418/631 621/400/630 633/398/575
f 618/418/631 619/408/632 610/410/621
f 633/398/575 611/421/619 619/408/632
f 657/398/597 637/399/633 645/400/634
f 647/401/635 648/402/636 656/403/600
f 650/404/637 651/405/638 655/406/589
f 654/409/594 635/421/639 643/408/640
f 654/409/594 634/410/641 652/411/642
f 651/405/638 652/411/642 638/412/643
f 639/413/644 654/409/594 651/405/638
f 649/414/645 651/405/638 638/412/643
f 648/402/636 649/414/645 640/415/646
f 641/420/647 655/406/589 648/402/636
f 656/403/600 640/415/646 646/416/648
f 636/417/649 656/403/600 646/416/648
f 645/400/634 647/401/635 656/403/600
f 642/418/650 645/400/634 636/417/649
f 643/408/640 642/418/650 634/410/641
f 635/421/639 657/398/597 643/408/640
f 562/410/579 618/418/631 610/410/621
f 565/399/568 620/419/614 613/399/613
f 564/417/586 622/416/628 612/417/629
f 569/420/651 623/401/616 617/420/627
f 568/415/584 625/414/625 616/415/626
f 567/413/582 626/404/618 615/413/624
f 566/412/581 628/411/622 614/412/623
f 563/421/652 629/407/620 611/421/619
f 564/417/586 618/418/631 570/418/587
f 563/421/652 620/419/614 572/419/588
f 568/415/584 622/416/628 574/416/585
f 565/399/568 623/401/616 575/401/570
f 566/412/581 625/414/625 577/414/583
f 569/420/651 626/404/618 578/404/573
f 562/410/579 628/411/622 580/411/580
f 567/413/582 629/407/620 581/407/576
f 586/410/601 642/418/650 594/418/611
f 589/399/590 644/419/653 596/419/591
f 588/417/609 646/416/648 598/416/608
f 593/420/607 647/401/635 599/401/593
f 592/415/606 649/414/645 601/414/605
f 591/413/604 650/404/637 602/404/596
f 590/412/603 652/411/642 604/411/602
f 587/421/612 653/407/654 605/407/599
f 588/417/609 642/418/650 636/417/649
f 587/421/612 644/419/653 635/421/639
f 592/415/606 646/416/648 640/415/646
f 589/399/590 647/401/635 637/399/633
f 590/412/603 649/414/645 638/412/643
f 593/420/607 650/404/637 641/420/647
f 586/410/601 652/411/642 634/410/641
f 591/413/604 653/407/654 639/413/644
f 664/422/655 661/423/656 663/424/657
f 660/425/658 662/426/659 667/427/660
f 658/428/661 667/427/660 662/426/659
f 659/429/662 664/422/655 663/424/657
f 667/427/660 658/428/661 669/430/663
f 666/431/664 667/427/660 663/424/657
f 668/432/665 671/433/666 669/430/663
f 670/434/667 673/435/668 671/433/666
f 667/427/660 674/436/669 663/424/657
f 675/437/670 676/438/671 674/436/669
f 677/439/672 678/440/673 676/438/671
f 659/429/662 681/441/674 680/442/675
f 680/442/675 683/443/676 682/444/677
f 683/443/676 684/445/678 682/444/677
f 660/425/658 667/427/660 666/431/664
f 663/424/657 661/423/656 666/431/664
f 660/425/658 666/431/664 665/446/679
f 661/423/656 665/446/679 666/431/664
f 681/441/674 659/429/662 663/424/657
f 669/430/663 658/428/661 668/432/665
f 692/422/680 691/424/681 689/423/682
f 688/425/683 695/427/684 690/426/685
f 686/428/686 690/426/685 695/427/684
f 687/429/687 691/424/681 692/422/680
f 695/427/684 697/430/688 686/428/686
f 694/431/689 691/424/681 695/427/684
f 699/433/690 696/432/691 697/430/688
f 701/435/692 698/434/693 699/433/690
f 702/436/694 695/427/684 691/424/681
f 704/438/695 703/437/696 702/436/694
f 706/440/697 705/439/698 704/438/695
f 687/429/687 708/442/699 709/441/700
f 710/444/701 709/441/700 708/442/699
f 712/445/702 711/443/703 710/444/701
f 688/425/683 694/431/689 695/427/684
f 691/424/681 694/431/689 689/423/682
f 688/425/683 693/446/704 694/431/689
f 689/423/682 694/431/689 693/446/704
f 709/441/700 691/424/681 687/429/687
f 697/430/688 696/432/691 686/428/686
f 658/428/661 690/426/685 686/428/686
f 661/423/656 692/422/680 689/423/682
f 660/425/658 693/446/704 688/425/683
f 660/425/658 690/426/685 662/426/659
f 659/429/662 692/422/680 664/422/655
f 661/423/656 693/446/704 665/446/679
f 668/432/665 686/428/686 696/432/691
f 669/430/663 695/427/684 667/427/660
f 668/432/665 698/434/693 670/434/667
f 671/433/666 697/430/688 669/430/663
f 672/447/705 701/435/692 673/435/668
f 672/447/705 698/434/693 700/447/706
f 673/435/668 699/433/690 671/433/666
f 675/437/670 695/427/684 703/437/696
f 674/436/669 691/424/681 663/424/657
f 675/437/670 705/439/698 677/439/672
f 676/438/671 702/436/694 674/436/669
f 678/440/673 707/448/707 706/440/697
f 677/439/672 707/448/707 679/448/708
f 678/440/673 704/438/695 676/438/671
f 681/441/674 691/424/681 709/441/700
f 680/442/675 687/429/687 659/429/662
f 681/441/674 711/443/703 683/443/676
f 682/444/677 708/442/699 680/442/675
f 684/445/678 713/449/709 712/445/702
f 683/443/676 713/449/709 685/449/710
f 684/445/678 710/444/701 682/444/677
f 720/450/711 721/451/712 722/452/713
f 718/453/714 721/451/712 716/454/715
f 714/455/716 722/452/713 718/453/714
f 715/456/717 722/452/713 719/457/718
f 719/457/718 723/458/719 715/456/717
f 732/451/720 731/450/721 733/452/722
f 729/453/723 732/451/720 733/452/722
f 725/455/724 733/452/722 730/457/725
f 733/452/722 726/456/726 730/457/725
f 734/458/727 730/457/725 726/456/726
f 718/453/714 725/455/724 714/455/716
f 720/450/711 728/459/728 717/459/729
f 716/454/715 732/451/720 727/454/730
f 716/454/715 729/453/723 718/453/714
f 714/455/716 730/457/725 719/457/718
f 720/450/711 726/456/726 731/450/721
f 717/459/729 732/451/720 721/451/712
f 724/460/731 734/458/727 723/458/719
f 724/460/731 730/457/725 735/460/732
f 723/458/719 726/456/726 715/456/717
f 744/461/733 739/462/734 743/463/735
f 744/461/733 738/464/736 740/465/737
f 736/466/738 744/461/733 740/465/737
f 741/467/739 742/468/740 744/461/733
f 753/461/741 748/462/742 751/468/743
f 747/464/744 753/461/741 749/465/745
f 745/466/746 753/461/741 750/467/747
f 750/467/747 751/468/743 746/469/748
f 740/465/737 745/466/746 736/466/738
f 737/469/749 750/467/747 746/469/748
f 739/462/734 751/468/743 748/462/742
f 738/464/736 752/463/750 747/464/744
f 740/465/737 747/464/744 749/465/745
f 736/466/738 750/467/747 741/467/739
f 737/469/749 751/468/743 742/468/740
f 739/462/734 752/463/750 743/463/735
f 783/470/751 757/471/752 772/472/753
f 783/470/751 759/473/754 781/474/755
f 762/475/756 784/476/757 777/477/758
f 780/478/759 768/479/760 784/476/757
f 784/476/757 755/480/761 764/481/762
f 777/477/758 764/481/762 758/482/763
f 785/483/764 756/484/765 767/485/766
f 785/483/764 760/486/767 776/487/768
f 786/488/769 755/480/761 768/479/760
f 786/488/769 761/489/770 775/490/771
f 787/491/772 761/489/770 774/492/773
f 787/491/772 757/471/752 765/493/774
f 788/494/775 760/486/767 773/495/776
f 788/494/775 754/496/777 763/497/778
f 779/498/779 773/495/776 760/486/767
f 762/475/756 789/499/780 779/498/779
f 777/477/758 769/500/781 789/499/780
f 789/499/780 754/496/777 773/495/776
f 756/484/765 790/501/782 767/485/766
f 766/502/783 778/503/784 790/501/782
f 790/501/782 762/475/756 779/498/779
f 767/485/766 779/498/779 760/486/767
f 772/472/753 778/503/784 759/473/754
f 757/471/752 791/504/785 772/472/753
f 774/492/773 780/478/759 791/504/785
f 791/504/785 762/475/756 778/503/784
f 781/474/755 766/502/783 792/505/786
f 792/505/786 756/484/765 771/506/787
f 754/496/777 793/507/788 763/497/778
f 769/500/781 782/508/789 793/507/788
f 758/482/763 794/509/790 782/508/789
f 755/480/761 794/509/790 764/481/762
f 805/510/791 806/511/792 820/512/793
f 819/513/794 802/514/795 809/515/796
f 818/516/797 800/517/798 812/518/799
f 817/519/800 796/520/801 804/521/802
f 816/522/803 799/523/804 813/524/805
f 805/510/791 814/525/806 815/526/807
f 811/527/808 814/525/806 800/517/798
f 802/514/795 815/526/807 811/527/808
f 798/528/809 815/526/807 808/529/810
f 816/522/803 795/530/811 803/531/812
f 807/532/813 803/531/812 797/533/814
f 807/532/813 810/534/815 816/522/803
f 817/519/800 795/535/811 813/536/805
f 799/537/804 817/519/800 813/536/805
f 800/517/798 817/519/800 812/518/799
f 810/534/815 812/538/799 799/523/804
f 801/539/816 818/540/797 810/534/815
f 809/515/796 811/527/808 818/516/797
f 819/513/794 801/539/816 807/532/813
f 797/533/814 819/513/794 807/532/813
f 798/528/809 819/513/794 806/511/792
f 820/541/793 797/533/814 803/531/812
f 804/542/802 803/531/812 795/530/811
f 796/520/801 820/512/793 804/521/802
f 832/511/817 831/510/818 846/512/819
f 845/513/820 828/514/821 834/529/822
f 844/516/823 826/517/824 837/527/825
f 843/519/826 822/520/827 840/525/828
f 842/522/829 825/523/830 836/534/831
f 840/525/828 831/510/818 841/526/832
f 837/527/825 840/525/828 841/526/832
f 828/514/821 841/526/832 834/529/822
f 841/526/832 824/528/833 834/529/822
f 821/530/834 842/522/829 829/531/835
f 829/531/835 833/532/836 823/533/837
f 833/532/836 836/534/831 827/539/838
f 821/535/834 843/519/826 839/536/839
f 825/537/830 843/519/826 838/518/840
f 843/519/826 826/517/824 838/518/840
f 836/534/831 838/538/840 844/540/823
f 827/539/838 844/540/823 835/515/841
f 835/515/841 837/527/825 828/514/821
f 827/539/838 845/513/820 833/532/836
f 823/533/837 845/513/820 832/511/817
f 845/513/820 824/528/833 832/511/817
f 823/533/837 846/541/819 829/531/835
f 829/531/835 830/542/842 821/530/834
f 846/512/819 822/520/827 830/521/842
f 857/543/843 858/544/844 870/545/845
f 860/546/846 861/547/847 869/548/848
f 863/549/849 864/550/850 868/551/851
f 866/552/852 856/553/853 867/554/854
f 865/555/855 873/556/856 851/557/857
f 860/546/846 891/558/858 854/559/859
f 863/549/860 897/560/861 868/551/862
f 852/561/863 894/562/864 890/563/865
f 848/564/866 895/565/867 888/566/868
f 855/567/869 872/568/870 875/569/871
f 859/570/872 874/571/873 876/572/874
f 862/573/875 874/574/873 853/575/876
f 867/554/854 847/576/877 865/555/855
f 851/557/857 867/554/854 865/555/855
f 864/550/850 866/552/852 867/554/854
f 862/573/875 864/577/850 851/578/857
f 861/579/847 862/573/875 853/575/876
f 854/580/859 868/581/851 861/579/847
f 869/548/848 853/582/876 859/570/872
f 849/583/878 869/548/848 859/570/872
f 850/584/879 869/548/848 858/544/844
f 855/567/869 858/585/844 849/586/878
f 856/587/853 855/567/869 847/588/877
f 848/589/866 870/590/845 856/587/853
f 877/591/880 881/592/881 885/593/882
f 872/594/870 884/595/883 880/596/884
f 878/597/885 881/598/881 873/556/856
f 874/571/873 884/595/883 876/572/874
f 851/578/857 877/591/880 862/573/875
f 859/570/872 872/594/870 849/583/878
f 865/555/855 871/599/886 878/597/885
f 847/588/877 875/569/871 871/600/886
f 887/601/887 881/602/881 886/603/888
f 887/601/887 879/604/889 883/605/890
f 880/606/884 887/601/887 883/605/890
f 882/607/891 887/601/887 884/608/883
f 875/569/871 880/609/884 883/610/890
f 877/591/880 882/611/891 874/574/873
f 875/569/871 879/612/889 871/600/886
f 871/599/886 886/613/888 878/597/885
f 896/614/892 888/615/868 895/616/867
f 896/617/892 890/563/865 894/562/864
f 891/618/858 896/619/892 894/620/864
f 889/621/893 896/622/892 893/623/894
f 857/543/843 889/621/893 850/584/879
f 852/561/863 895/565/867 866/552/852
f 863/624/895 891/618/858 894/620/864
f 860/546/846 889/621/893 893/623/894
f 857/625/843 888/615/868 892/626/896
f 909/544/897 908/543/898 921/545/899
f 912/547/900 911/546/901 920/548/902
f 915/550/903 914/549/904 919/551/905
f 907/553/906 917/552/907 918/554/908
f 924/556/909 916/555/910 902/557/911
f 942/558/912 911/546/901 905/559/913
f 948/560/914 914/549/915 919/551/916
f 903/561/917 945/562/918 914/549/904
f 899/564/919 946/565/920 917/552/907
f 906/567/921 923/568/922 900/586/923
f 910/570/924 925/571/925 904/582/926
f 925/574/925 913/573/927 904/575/926
f 898/576/928 918/554/908 916/555/910
f 902/557/911 918/554/908 915/550/903
f 915/550/903 917/552/907 903/561/917
f 913/573/927 915/577/903 919/581/905
f 913/573/927 912/579/900 904/575/926
f 919/581/905 905/580/913 912/579/900
f 904/582/926 920/548/902 910/570/924
f 900/583/923 920/548/902 909/544/897
f 920/548/902 901/584/929 909/544/897
f 906/567/921 909/585/897 921/590/899
f 906/567/921 907/587/906 898/588/928
f 921/590/899 899/589/919 907/587/906
f 928/591/930 932/592/931 924/627/909
f 923/594/922 935/595/932 927/572/933
f 932/598/931 929/597/934 924/556/909
f 935/595/932 925/571/925 927/572/933
f 928/591/930 902/578/911 913/573/927
f 923/594/922 910/570/924 900/583/923
f 916/555/910 922/599/935 898/576/928
f 898/588/928 926/569/936 906/567/921
f 938/601/937 932/602/931 936/628/938
f 930/604/939 938/601/937 934/605/940
f 931/606/941 938/601/937 935/608/932
f 938/601/937 933/607/942 935/608/932
f 926/569/936 931/609/941 923/568/922
f 933/611/942 928/591/930 925/574/925
f 930/612/939 926/569/936 922/600/935
f 937/613/943 922/599/935 929/597/934
f 947/614/944 939/615/945 943/626/946
f 941/563/947 947/617/944 945/562/918
f 942/618/912 947/619/944 944/629/948
f 947/622/944 940/621/949 944/623/948
f 940/621/949 908/543/898 901/584/929
f 946/565/920 903/561/917 917/552/907
f 914/624/950 942/618/912 905/580/913
f 911/546/901 940/621/949 901/584/929
f 908/625/898 939/615/945 899/589/919
f 971/630/951 1016/631/952 1012/632/953
f 1015/633/954 974/634/955 1016/631/952
f 1016/631/952 952/635/956 987/636/957
f 1012/632/953 987/636/957 960/637/958
f 970/638/959 1017/639/960 1008/640/961
f 961/641/962 1017/639/960 1011/642/963
f 1017/639/960 956/643/964 990/644/965
f 1008/640/961 990/644/965 962/645/966
f 1007/646/967 1004/647/968 969/648/969
f 964/649/970 1018/650/971 1007/646/967
f 1018/650/971 954/651/972 993/652/973
f 1004/647/968 993/652/973 965/653/974
f 968/654/975 1019/655/976 1000/656/977
f 1003/657/978 983/658/979 1019/655/976
f 1019/655/976 950/659/980 973/660/981
f 1000/656/977 973/660/981 958/661/982
f 967/662/983 1020/663/984 996/664/985
f 999/665/986 986/666/987 1020/663/984
f 1020/663/984 950/659/980 983/658/979
f 996/664/985 983/658/979 966/667/988
f 998/668/989 980/669/990 964/649/970
f 967/662/983 1021/670/991 998/668/989
f 996/664/985 995/671/992 1021/670/991
f 1021/670/991 954/651/972 980/669/990
f 956/643/964 1022/672/993 992/673/994
f 977/674/995 997/675/996 1022/672/993
f 1022/672/993 967/662/983 998/668/989
f 1022/672/993 964/649/970 992/673/994
f 989/676/997 997/675/996 961/641/962
f 952/635/956 1023/677/998 989/676/997
f 1023/677/998 959/678/999 999/665/986
f 1023/677/998 967/662/983 997/675/996
f 994/679/1000 1002/680/1001 1024/681/1002
f 968/654/975 1024/681/1002 1002/680/1001
f 1024/681/1002 958/661/982 985/682/1003
f 994/679/1000 985/682/1003 949/683/1004
f 981/684/1005 982/685/1006 953/686/1007
f 965/653/974 1025/687/1008 981/684/1005
f 1025/687/1008 968/654/975 1002/680/1001
f 982/685/1006 1025/687/1008 1002/680/1001
f 993/652/973 1001/688/1009 965/653/974
f 954/651/972 1026/689/1010 993/652/973
f 995/671/992 1003/657/978 1026/689/1010
f 1026/689/1010 968/654/975 1001/688/1009
f 1006/690/1011 991/691/1012 963/692/1013
f 969/648/969 1027/693/1014 1006/690/1011
f 1004/647/968 981/684/1005 1027/693/1014
f 1027/693/1014 953/686/1007 991/691/1012
f 955/694/1015 1028/695/1016 979/696/1017
f 978/697/1018 1005/698/1019 1028/695/1016
f 1005/698/1019 1006/690/1011 1028/695/1016
f 1028/695/1016 963/692/1013 979/696/1017
f 990/644/965 1005/698/1019 962/645/966
f 956/643/964 1029/699/1020 990/644/965
f 992/673/994 1007/646/967 1029/699/1020
f 1029/699/1020 969/648/969 1005/698/1019
f 988/700/1021 1010/701/1022 1030/702/1023
f 1010/701/1022 1008/640/961 1030/702/1023
f 1030/702/1023 962/645/966 978/697/1018
f 988/700/1021 978/697/1018 955/694/1015
f 975/703/1024 976/704/1025 951/705/1026
f 960/637/958 1031/706/1027 975/703/1024
f 1031/706/1027 970/638/959 1010/701/1022
f 976/704/1025 1031/706/1027 1010/701/1022
f 987/636/957 1009/707/1028 960/637/958
f 952/635/956 1032/708/1029 987/636/957
f 1032/708/1029 961/641/962 1011/642/963
f 1032/708/1029 970/638/959 1009/707/1028
f 957/709/1030 1033/710/1031 984/711/1032
f 1014/712/1033 1012/632/953 1033/710/1031
f 1012/632/953 975/703/1024 1033/710/1031
f 1033/710/1031 951/705/1026 984/711/1032
f 949/683/1004 1034/713/1034 972/714/1035
f 985/682/1003 1013/715/1036 1034/713/1034
f 1034/713/1034 971/630/951 1014/712/1033
f 972/714/1035 1014/712/1033 957/709/1030
f 973/660/981 1013/715/1036 958/661/982
f 950/659/980 1035/716/1037 973/660/981
f 1035/716/1037 959/678/999 1015/633/954
f 1013/715/1036 1015/633/954 971/630/951
f 1044/717/1038 1079/718/1039 1047/719/1040
f 1064/720/1041 1090/721/1042 1058/722/1043
f 1048/723/1044 1076/724/1045 1044/717/1038
f 1058/722/1043 1097/725/1046 1065/726/1047
f 1038/727/1048 1077/728/1049 1070/729/1050
f 1094/730/1051 1059/731/1052 1062/732/1053
f 1069/733/1054 1046/734/1055 1037/735/1056
f 1063/736/1057 1091/737/1058 1095/738/1059
f 1047/719/1040 1069/733/1054 1037/735/1056
f 1038/727/1048 1092/739/1060 1060/740/1061
f 1040/741/1062 1080/742/1063 1048/723/1044
f 1061/743/1064 1086/744/1065 1054/745/1066
f 1040/741/1062 1081/746/1067 1072/747/1068
f 1086/744/1065 1062/732/1053 1054/745/1066
f 1068/748/1069 1050/749/1070 1036/750/1071
f 1045/751/1072 1073/752/1073 1077/728/1049
f 1055/753/1074 1095/738/1059 1087/754/1075
f 1051/755/1076 1068/748/1069 1036/750/1071
f 1078/756/1077 1041/757/1078 1046/734/1055
f 1055/753/1074 1096/758/1079 1064/720/1041
f 1039/759/1080 1084/760/1081 1052/761/1082
f 1042/762/1083 1083/763/1084 1051/755/1076
f 1065/726/1047 1085/764/1085 1053/765/1086
f 1060/740/1061 1088/766/1087 1056/767/1088
f 1052/761/1082 1074/768/1089 1042/762/1083
f 1085/764/1085 1066/769/1090 1053/765/1086
f 1056/767/1088 1093/770/1091 1061/743/1064
f 1049/771/1092 1075/772/1093 1081/746/1067
f 1039/759/1080 1099/773/1094 1071/774/1095
f 1098/775/1096 1057/776/1097 1066/769/1090
f 1082/777/1098 1043/778/1099 1050/749/1070
f 1067/779/1100 1089/780/1101 1099/773/1094
f 1178/781/1102 1105/782/1103 1164/783/1104
f 1119/784/1105 1165/785/1106 1179/786/1107
f 1103/787/1108 1166/788/1109 1180/789/1110
f 1181/790/1111 1106/791/1112 1115/792/1113
f 1168/793/1114 1117/794/1115 1182/795/1116
f 1124/796/1117 1169/797/1118 1183/798/1119
f 1116/799/1120 1167/800/1121 1166/788/1109
f 1182/795/1116 1130/801/1122 1170/802/1123
f 1184/803/1124 1120/804/1125 1125/805/1126
f 1171/806/1127 1113/807/1128 1185/808/1129
f 1172/809/1130 1103/787/1108 1180/789/1110
f 1170/802/1123 1121/810/1131 1173/811/1132
f 1186/812/1133 1107/813/1134 1171/806/1127
f 1173/811/1132 1131/814/1135 1172/809/1130
f 1174/815/1136 1111/816/1137 1187/817/1138
f 1128/818/1139 1175/819/1140 1165/785/1106
f 1188/820/1141 1108/821/1142 1174/815/1136
f 1168/793/1114 1122/822/1143 1129/823/1144
f 1189/824/1145 1109/825/1146 1102/826/1147
f 1126/827/1148 1177/828/1149 1190/829/1150
f 1191/830/1151 1110/831/1152 1178/781/1102
f 1192/832/1153 1123/833/1154 1127/834/1155
f 1187/817/1138 1101/835/1156 1191/830/1151
f 1189/824/1145 1124/796/1117 1183/798/1119
f 1193/836/1157 1112/837/1158 1188/820/1141
f 1194/838/1159 1125/805/1126 1118/839/1160
f 1185/808/1129 1104/840/1161 1193/836/1157
f 1118/839/1160 1190/829/1150 1194/838/1159
f 1100/841/1162 1186/812/1133 1195/842/1163
f 1164/783/1104 1109/825/1146 1176/843/1164
f 1179/786/1107 1127/834/1155 1119/784/1105
f 1195/842/1163 1115/792/1113 1100/841/1162
f 1213/844/1165 1139/845/1166 1163/846/1167
f 1197/847/1168 1160/848/1169 1135/849/1170
f 1214/850/1171 1155/851/1172 1226/852/1173
f 1163/846/1167 1204/853/1174 1213/844/1165
f 1162/854/1175 1208/855/1176 1212/856/1177
f 1203/857/1178 1161/858/1179 1211/859/1180
f 1212/856/1177 1145/860/1181 1162/854/1175
f 1211/859/1180 1154/861/1182 1206/862/1183
f 1207/863/1184 1143/864/1185 1201/865/1186
f 1205/866/1187 1159/867/1188 1209/868/1189
f 1210/869/1190 1157/870/1191 1160/848/1169
f 1209/868/1189 1133/871/1192 1196/872/1193
f 1158/873/1194 1227/874/1195 1208/855/1176
f 1207/863/1184 1155/851/1172 1156/875/1196
f 1218/876/1197 1153/877/1198 1140/878/1199
f 1206/862/1183 1151/879/1200 1224/880/1201
f 1134/881/1202 1225/882/1203 1215/883/1204
f 1224/880/1201 1152/884/1205 1205/866/1187
f 1223/885/1206 1148/886/1207 1222/887/1208
f 1204/853/1174 1146/888/1209 1221/889/1210
f 1220/890/1211 1149/891/1212 1223/885/1206
f 1222/887/1208 1137/892/1213 1198/893/1214
f 1221/889/1210 1147/894/1215 1203/857/1178
f 1202/895/1216 1142/896/1217 1145/860/1181
f 1200/897/1218 1144/898/1219 1220/890/1211
f 1136/899/1220 1217/900/1221 1216/901/1222
f 1143/864/1185 1219/902/1223 1201/865/1186
f 1218/876/1197 1141/903/1224 1200/897/1218
f 1199/904/1225 1138/905/1226 1139/845/1166
f 1137/892/1213 1216/901/1222 1198/893/1214
f 1135/849/1170 1215/883/1204 1197/847/1168
f 1196/872/1193 1132/906/1227 1214/850/1171
f 1163/846/1167 1181/790/1111 1195/842/1163
f 1135/849/1170 1192/832/1153 1179/786/1107
f 1132/906/1227 1176/843/1164 1155/851/1172
f 1195/842/1163 1150/907/1228 1163/846/1167
f 1194/838/1159 1158/873/1194 1162/854/1175
f 1147/894/1215 1193/836/1157 1161/858/1179
f 1162/854/1175 1184/803/1124 1194/838/1159
f 1161/858/1179 1188/820/1141 1154/861/1182
f 1156/875/1196 1183/798/1119 1143/864/1185
f 1152/884/1205 1191/830/1151 1159/867/1188
f 1160/848/1169 1177/828/1149 1192/832/1153
f 1159/867/1188 1178/781/1102 1133/871/1192
f 1190/829/1150 1157/870/1191 1158/873/1194
f 1156/875/1196 1176/843/1164 1189/824/1145
f 1140/878/1199 1175/819/1140 1168/793/1114
f 1154/861/1182 1174/815/1136 1151/879/1200
f 1165/785/1106 1153/877/1198 1134/881/1202
f 1151/879/1200 1187/817/1138 1152/884/1205
f 1149/891/1212 1172/809/1130 1148/886/1207
f 1150/907/1228 1171/806/1127 1146/888/1209
f 1144/898/1219 1173/811/1132 1149/891/1212
f 1148/886/1207 1180/789/1110 1137/892/1213
f 1146/888/1209 1185/808/1129 1147/894/1215
f 1145/860/1181 1169/797/1118 1184/803/1124
f 1141/903/1224 1170/802/1123 1144/898/1219
f 1166/788/1109 1138/905/1226 1136/899/1220
f 1183/798/1119 1142/896/1217 1143/864/1185
f 1140/878/1199 1182/795/1116 1141/903/1224
f 1139/845/1166 1167/800/1121 1181/790/1111
f 1180/789/1110 1136/899/1220 1137/892/1213
f 1179/786/1107 1134/881/1202 1135/849/1170
f 1133/871/1192 1164/783/1104 1132/906/1227
f 1078/756/1077 1214/850/1171 1073/752/1073
f 1197/847/1168 1096/758/1079 1087/754/1075
f 1198/893/1214 1084/760/1081 1071/774/1095
f 1083/763/1084 1217/900/1221 1199/904/1225
f 1097/725/1046 1200/897/1218 1085/764/1085
f 1201/865/1186 1088/766/1087 1092/739/1060
f 1216/901/1222 1074/768/1089 1084/760/1081
f 1085/764/1085 1220/890/1211 1098/775/1096
f 1093/770/1091 1219/902/1223 1202/895/1216
f 1075/772/1093 1203/857/1178 1081/746/1067
f 1099/773/1094 1198/893/1214 1071/774/1095
f 1098/775/1096 1223/885/1206 1089/780/1101
f 1082/777/1098 1221/889/1210 1075/772/1093
f 1089/780/1101 1222/887/1208 1099/773/1094
f 1076/724/1045 1205/866/1187 1079/718/1039
f 1215/883/1204 1090/721/1042 1096/758/1079
f 1080/742/1063 1224/880/1201 1076/724/1045
f 1097/725/1046 1225/882/1203 1218/876/1197
f 1077/728/1049 1207/863/1184 1070/729/1050
f 1208/855/1176 1091/737/1058 1094/730/1051
f 1069/733/1054 1196/872/1193 1078/756/1077
f 1095/738/1059 1227/874/1195 1210/869/1190
f 1079/718/1039 1209/868/1189 1069/733/1054
f 1207/863/1184 1092/739/1060 1070/729/1050
f 1072/747/1068 1206/862/1183 1080/742/1063
f 1086/744/1065 1202/895/1216 1212/856/1177
f 1081/746/1067 1211/859/1180 1072/747/1068
f 1212/856/1177 1094/730/1051 1086/744/1065
f 1213/844/1165 1082/777/1098 1068/748/1069
f 1073/752/1073 1226/852/1173 1077/728/1049
f 1087/754/1075 1210/869/1190 1197/847/1168
f 1068/748/1069 1199/904/1225 1213/844/1165
f 1228/908/1229 1249/909/1230 1245/910/1231
f 1239/911/1232 1245/910/1231 1252/912/1233
f 1235/913/1234 1246/914/1235 1229/915/1236
f 1237/916/1237 1247/917/1238 1251/918/1239
f 1241/919/1240 1228/908/1229 1239/911/1232
f 1238/920/1241 1239/921/1232 1230/922/1242
f 1242/923/1243 1230/924/1242 1237/916/1237
f 1231/925/1244 1242/923/1243 1237/916/1237
f 1235/926/1234 1236/927/1245 1231/925/1244
f 1229/915/1236 1243/928/1246 1235/913/1234
f 1232/929/1247 1234/930/1248 1229/931/1236
f 1233/932/1249 1232/929/1247 1228/908/1229
f 1237/916/1237 1248/933/1250 1231/925/1244
f 1231/925/1244 1250/934/1251 1235/926/1234
f 1229/931/1236 1249/909/1230 1232/929/1247
f 1230/922/1242 1252/935/1233 1247/936/1238
f 1258/937/1252 1234/930/1248 1244/938/1253
f 1243/939/1246 1253/940/1254 1236/927/1245
f 1256/941/1255 1238/942/1241 1242/923/1243
f 1241/919/1240 1259/943/1256 1233/932/1249
f 1254/944/1257 1241/945/1240 1238/920/1241
f 1236/927/1245 1256/941/1255 1242/923/1243
f 1240/946/1258 1243/928/1246 1234/947/1248
f 1233/932/1249 1258/937/1252 1244/938/1253
f 1260/908/1259 1281/909/1260 1264/929/1261
f 1271/911/1262 1277/910/1263 1260/908/1259
f 1278/914/1264 1267/913/1265 1261/915/1266
f 1269/916/1267 1279/917/1268 1262/924/1269
f 1260/908/1259 1273/919/1270 1271/911/1262
f 1271/921/1262 1270/920/1271 1262/922/1269
f 1262/924/1269 1274/923/1272 1269/916/1267
f 1263/925/1273 1274/923/1272 1268/927/1274
f 1267/926/1265 1268/927/1274 1275/939/1275
f 1261/915/1266 1275/928/1275 1266/947/1276
f 1264/929/1261 1266/930/1276 1276/938/1277
f 1264/929/1261 1265/932/1278 1260/908/1259
f 1280/933/1279 1269/916/1267 1263/925/1273
f 1282/934/1280 1263/925/1273 1267/926/1265
f 1281/909/1260 1261/931/1266 1264/929/1261
f 1262/922/1269 1284/935/1281 1271/921/1262
f 1266/930/1276 1290/937/1282 1276/938/1277
f 1275/939/1275 1285/940/1283 1289/948/1284
f 1270/942/1271 1288/941/1285 1274/923/1272
f 1273/919/1270 1291/943/1286 1287/949/1287
f 1273/945/1270 1286/944/1288 1270/920/1271
f 1268/927/1274 1288/941/1285 1285/940/1283
f 1275/928/1275 1272/946/1289 1266/947/1276
f 1265/932/1278 1290/937/1282 1291/943/1286
f 1295/950/1290 1313/951/1291 1298/952/1292
f 1292/953/1293 1297/954/1294 1316/955/1295
f 1297/954/1294 1293/956/1296 1316/955/1295
f 1294/950/1297 1312/951/1298 1310/957/1299
f 1307/958/1300 1308/959/1301 1304/960/1302
f 1301/961/1303 1309/962/1304 1306/963/1305
f 1309/962/1304 1302/964/1306 1306/963/1305
f 1308/959/1301 1305/965/1307 1303/966/1308
f 1296/952/1309 1301/967/1303 1292/968/1293
f 1297/969/1294 1302/970/1306 1293/971/1296
f 1295/950/1290 1307/972/1300 1304/973/1302
f 1294/974/1297 1308/975/1301 1303/976/1308
f 1294/950/1297 1305/972/1307 1296/952/1309
f 1292/977/1293 1306/978/1305 1297/969/1294
f 1298/952/1292 1302/967/1306 1307/972/1300
f 1295/979/1290 1308/975/1301 1299/980/1310
f 1314/981/1311 1313/982/1291 1311/983/1312
f 1312/984/1298 1314/981/1311 1310/985/1299
f 1300/986/1313 1312/987/1298 1296/988/1309
f 1299/980/1310 1311/989/1312 1295/979/1290
f 1299/980/1310 1310/990/1299 1314/991/1311
f 1300/986/1313 1313/992/1291 1315/993/1314
f 1316/955/1295 1298/994/1292 1300/995/1315
f 1316/955/1295 1296/996/1309 1292/953/1293
f 26/1/1 87/4/4 113/2/2
f 87/4/4 11/43/43 42/5/5
f 113/2/2 42/5/5 4/6/6
f 84/3/3 113/2/2 55/7/7
f 83/9/9 114/13/13 80/10/10
f 83/9/9 14/60/60 45/12/12
f 114/13/13 45/12/12 8/14/14
f 114/13/13 58/15/15 15/16/16
f 79/17/17 115/21/21 76/18/18
f 17/20/20 48/124/124 115/21/21
f 115/21/21 48/124/124 6/22/22
f 76/18/18 115/21/21 61/23/23
f 23/25/25 75/28/28 116/26/26
f 75/28/28 20/46/46 51/29/29
f 51/29/29 2/105/105 41/30/30
f 116/26/26 41/30/30 10/31/31
f 22/32/32 71/35/35 117/33/33
f 71/35/35 16/79/79 59/36/36
f 117/33/33 59/36/36 5/37/37
f 117/33/33 50/38/38 19/39/39
f 67/40/40 118/44/44 64/41/41
f 11/43/43 54/45/45 118/44/44
f 54/45/45 2/105/105 51/29/29
f 118/44/44 51/29/29 20/46/46
f 17/20/20 60/49/49 119/47/47
f 60/49/49 8/14/14 96/50/50
f 119/47/47 96/50/50 28/51/51
f 97/48/48 119/47/47 90/52/52
f 21/42/42 64/41/41 120/54/54
f 64/41/41 20/46/46 66/56/56
f 120/54/54 66/56/56 31/57/57
f 95/55/55 120/54/54 92/58/58
f 14/60/60 57/63/63 121/61/61
f 57/63/63 4/6/6 42/5/5
f 121/61/61 42/5/5 11/43/43
f 65/62/62 121/61/61 67/40/40
f 70/64/64 122/67/67 40/65/65
f 70/64/64 22/32/32 68/34/34
f 68/34/34 19/39/39 62/68/68
f 122/67/67 62/68/68 1/69/69
f 44/70/70 123/74/74 52/71/71
f 44/70/70 13/75/75 69/73/73
f 123/74/74 69/73/73 22/32/32
f 123/74/74 70/64/64 9/66/66
f 13/75/75 56/77/77 124/76/76
f 56/77/77 7/91/91 47/78/78
f 124/76/76 47/78/78 16/79/79
f 69/73/73 124/76/76 71/35/35
f 19/39/39 74/81/81 125/80/80
f 74/81/81 23/25/25 72/27/27
f 125/80/80 72/27/27 10/31/31
f 62/68/68 125/80/80 53/82/82
f 5/37/37 49/84/84 126/83/83
f 49/84/84 18/24/24 73/85/85
f 126/83/83 73/85/85 23/25/25
f 50/38/38 126/83/83 74/81/81
f 18/24/24 61/23/23 127/86/86
f 61/23/23 6/22/22 63/87/87
f 127/86/86 63/87/87 20/46/46
f 73/85/85 127/86/86 75/28/28
f 16/79/79 78/89/89 128/88/88
f 78/89/89 24/19/19 76/18/18
f 128/88/88 76/18/18 18/24/24
f 59/36/36 128/88/88 49/84/84
f 46/90/90 129/92/92 47/78/78
f 15/16/16 77/93/93 129/92/92
f 77/93/93 24/19/19 78/89/89
f 47/78/78 129/92/92 78/89/89
f 58/15/15 130/94/94 77/93/93
f 8/14/14 60/49/49 130/94/94
f 60/49/49 17/20/20 79/17/17
f 130/94/94 79/17/17 24/19/19
f 82/95/95 131/96/96 56/77/77
f 25/11/11 80/10/10 131/96/96
f 80/10/10 15/16/16 46/90/90
f 131/96/96 46/90/90 7/91/91
f 43/97/97 132/98/98 44/70/70
f 12/8/8 81/99/99 132/98/98
f 81/99/99 25/11/11 82/95/95
f 132/98/98 82/95/95 13/75/75
f 12/8/8 55/7/7 133/100/100
f 4/6/6 57/63/63 133/100/100
f 57/63/63 14/60/60 83/9/9
f 133/100/100 83/9/9 25/11/11
f 86/101/101 134/102/102 52/71/71
f 26/1/1 84/3/3 134/102/102
f 134/102/102 84/3/3 12/8/8
f 134/102/102 43/97/97 3/72/72
f 1/69/69 53/82/82 135/103/103
f 10/31/31 85/104/104 135/103/103
f 85/104/104 26/1/1 86/101/101
f 135/103/103 86/101/101 9/66/66
f 41/30/30 136/106/106 85/104/104
f 2/105/105 54/45/45 136/106/106
f 54/45/45 11/43/43 87/4/4
f 136/106/106 87/4/4 26/1/1
f 31/57/57 91/109/109 137/107/107
f 91/109/109 27/127/127 104/110/110
f 137/107/107 104/110/110 33/111/111
f 105/108/108 137/107/107 101/112/112
f 88/114/114 138/116/116 90/52/52
f 29/115/115 93/117/117 138/116/116
f 93/117/117 32/59/59 94/118/118
f 138/116/116 94/118/118 30/53/53
f 45/12/12 139/119/119 96/50/50
f 14/60/60 98/120/120 139/119/119
f 98/120/120 29/115/115 88/114/114
f 139/119/119 88/114/114 28/51/51
f 65/62/62 140/121/121 98/120/120
f 21/42/42 95/55/55 140/121/121
f 95/55/55 32/59/59 93/117/117
f 140/121/121 93/117/117 29/115/115
f 20/46/46 63/87/87 141/122/122
f 6/22/22 99/123/123 141/122/122
f 99/123/123 27/127/127 91/109/109
f 66/56/56 141/122/122 91/109/109
f 48/124/124 142/125/125 99/123/123
f 48/124/124 17/20/20 97/48/48
f 97/48/48 30/53/53 89/126/126
f 142/125/125 89/126/126 27/127/127
f 34/128/128 103/131/131 143/129/129
f 103/131/131 36/155/1316 102/132/132
f 143/129/129 102/132/132 35/113/113
f 100/130/130 143/129/129 101/112/112
f 89/126/126 144/133/133 104/110/110
f 30/53/53 106/134/134 144/133/133
f 106/134/134 34/128/128 100/130/130
f 144/133/133 100/130/130 33/111/111
f 94/118/118 145/135/135 106/134/134
f 32/59/59 107/139/139 145/135/135
f 145/135/135 107/139/139 36/136/136
f 106/134/134 145/135/135 103/137/137
f 32/59/59 92/58/58 146/138/138
f 92/58/58 31/57/57 105/108/108
f 105/108/108 35/113/113 102/140/140
f 107/139/139 146/138/138 102/140/140
f 103/141/141 147/145/145 111/142/142
f 36/144/144 110/146/146 147/145/145
f 110/146/146 39/154/154 109/147/147
f 147/145/145 109/147/147 37/148/148
f 36/144/144 102/150/150 148/149/149
f 102/150/150 35/156/1317 112/151/151
f 148/149/149 112/151/151 38/152/152
f 110/146/146 148/149/149 108/153/153
f 174/1/155 232/3/161 261/2/156
f 235/4/157 261/2/156 190/5/158
f 261/2/156 203/7/162 152/6/160
f 232/3/161 160/8/251 203/7/162
f 228/10/163 262/13/168 231/9/164
f 231/9/164 262/13/168 193/12/166
f 262/13/168 206/15/245 156/14/169
f 163/16/170 206/15/245 262/13/168
f 224/18/171 263/21/174 227/17/172
f 263/21/174 196/124/177 165/20/175
f 263/21/174 209/23/178 154/22/176
f 224/18/171 166/24/236 209/23/178
f 171/25/179 220/27/186 264/26/180
f 223/28/181 264/26/180 199/29/182
f 189/30/184 150/105/259 199/29/182
f 158/31/185 189/30/184 264/26/180
f 170/32/187 216/34/194 265/33/188
f 219/35/189 265/33/188 207/36/190
f 265/33/188 198/38/237 153/37/192
f 167/39/193 198/38/237 265/33/188
f 212/41/195 266/44/198 215/40/196
f 266/44/198 202/45/199 159/43/159
f 199/29/182 150/105/259 202/45/199
f 168/46/183 199/29/182 266/44/198
f 165/20/175 245/48/204 267/47/200
f 208/49/201 267/47/200 244/50/202
f 267/47/200 238/52/205 176/51/203
f 245/48/204 178/53/272 238/52/205
f 169/42/197 243/55/209 268/54/206
f 212/41/195 268/54/206 214/56/207
f 268/54/206 240/58/210 179/57/208
f 243/55/209 180/59/290 240/58/210
f 162/60/167 213/62/213 269/61/211
f 205/63/212 269/61/211 190/5/158
f 269/61/211 215/40/196 159/43/159
f 213/62/213 169/42/197 215/40/196
f 188/65/214 270/67/218 218/64/215
f 218/64/215 270/67/218 216/34/194
f 210/68/217 167/39/193 216/34/194
f 149/69/219 210/68/217 270/67/218
f 200/71/220 271/74/225 192/70/221
f 192/70/221 271/74/225 217/73/223
f 271/74/225 218/64/215 170/32/187
f 157/66/216 218/64/215 271/74/225
f 161/75/224 217/73/223 272/76/226
f 204/77/227 272/76/226 195/78/228
f 272/76/226 219/35/189 164/79/191
f 217/73/223 170/32/187 219/35/189
f 167/39/193 210/68/217 273/80/230
f 222/81/231 273/80/230 220/27/186
f 273/80/230 201/82/232 158/31/185
f 210/68/217 149/69/219 201/82/232
f 153/37/192 198/38/237 274/83/233
f 197/84/234 274/83/233 221/85/235
f 274/83/233 222/81/231 171/25/179
f 198/38/237 167/39/193 222/81/231
f 166/24/236 221/85/235 275/86/238
f 209/23/178 275/86/238 211/87/239
f 275/86/238 223/28/181 168/46/183
f 221/85/235 171/25/179 223/28/181
f 164/79/191 207/36/190 276/88/240
f 226/89/241 276/88/240 224/18/171
f 276/88/240 197/84/234 166/24/236
f 207/36/190 153/37/192 197/84/234
f 195/78/228 277/92/243 194/90/242
f 277/92/243 225/93/244 163/16/170
f 226/89/241 172/19/173 225/93/244
f 195/78/228 164/79/191 226/89/241
f 225/93/244 278/94/246 206/15/245
f 278/94/246 208/49/201 156/14/169
f 227/17/172 165/20/175 208/49/201
f 172/19/173 227/17/172 278/94/246
f 204/77/227 279/96/248 230/95/247
f 279/96/248 228/10/163 173/11/165
f 194/90/242 163/16/170 228/10/163
f 155/91/229 194/90/242 279/96/248
f 192/70/221 280/98/250 191/97/249
f 280/98/250 229/99/252 160/8/251
f 230/95/247 173/11/165 229/99/252
f 161/75/224 230/95/247 280/98/250
f 160/8/251 229/99/252 281/100/253
f 281/100/253 205/63/212 152/6/160
f 231/9/164 162/60/167 205/63/212
f 173/11/165 231/9/164 281/100/253
f 200/71/220 282/102/255 234/101/254
f 282/102/255 232/3/161 174/1/155
f 282/102/255 191/97/249 160/8/251
f 151/72/222 191/97/249 282/102/255
f 149/69/219 188/65/214 283/103/256
f 283/103/256 233/104/257 158/31/185
f 234/101/254 174/1/155 233/104/257
f 157/66/216 234/101/254 283/103/256
f 233/104/257 284/106/258 189/30/184
f 284/106/258 202/45/199 150/105/259
f 235/4/157 159/43/159 202/45/199
f 174/1/155 235/4/157 284/106/258
f 179/57/208 253/108/265 285/107/260
f 239/109/261 285/107/260 252/110/262
f 285/107/260 249/112/266 181/111/264
f 253/108/265 183/113/285 249/112/266
f 238/52/205 286/116/268 236/114/267
f 286/116/268 241/117/271 177/115/269
f 242/118/270 180/59/290 241/117/271
f 178/53/272 242/118/270 286/116/268
f 244/50/202 287/119/273 193/12/166
f 287/119/273 246/120/274 162/60/167
f 236/114/267 177/115/269 246/120/274
f 176/51/203 236/114/267 287/119/273
f 246/120/274 288/121/275 213/62/213
f 288/121/275 243/55/209 169/42/197
f 241/117/271 180/59/290 243/55/209
f 177/115/269 241/117/271 288/121/275
f 168/46/183 214/56/207 289/122/276
f 289/122/276 247/123/277 154/22/176
f 239/109/261 175/127/263 247/123/277
f 214/56/207 179/57/208 239/109/261
f 247/123/277 290/125/279 196/124/177
f 196/124/177 290/125/279 245/48/204
f 237/126/278 178/53/272 245/48/204
f 175/127/263 237/126/278 290/125/279
f 182/128/280 248/130/286 291/129/281
f 251/131/282 291/129/281 250/132/283
f 291/129/281 249/112/266 183/113/285
f 248/130/286 181/111/264 249/112/266
f 252/110/262 292/133/287 237/126/278
f 292/133/287 254/134/288 178/53/272
f 248/130/286 182/128/280 254/134/288
f 181/111/264 248/130/286 292/133/287
f 254/134/288 293/135/289 242/118/270
f 293/135/289 255/139/292 180/59/290
f 293/135/289 251/137/293 184/136/291
f 254/134/288 182/128/280 251/137/293
f 180/59/290 255/139/292 294/138/294
f 240/58/210 294/138/294 253/108/265
f 250/140/295 183/113/285 253/108/265
f 255/139/292 184/136/291 250/140/295
f 259/142/296 295/145/299 251/141/297
f 295/145/299 258/146/302 184/144/300
f 257/147/301 187/154/1318 258/146/302
f 185/148/303 257/147/301 295/145/299
f 184/144/300 258/146/302 296/149/304
f 250/150/305 296/149/304 260/151/306
f 296/149/304 256/153/309 186/152/308
f 258/146/302 187/154/1318 256/153/309
f 330/157/310 307/997/1319 300/158/311
f 329/160/313 310/190/328 304/161/314
f 313/163/316 302/174/327 326/164/317
f 316/166/319 298/998/326 323/167/320
f 297/169/322 305/170/346 335/170/323
f 317/171/325 307/261/1319 298/172/326
f 317/171/325 316/173/319 302/174/327
f 304/161/314 310/176/328 317/171/325
f 300/175/311 307/261/1319 317/171/325
f 315/177/329 297/178/322 331/178/324
f 309/179/331 336/179/357 332/180/332
f 312/181/334 301/182/338 333/182/335
f 315/177/329 319/184/339 306/183/337
f 301/182/338 314/185/340 319/184/339
f 302/174/327 316/166/319 327/168/321
f 312/181/334 320/209/358 314/185/340
f 311/186/341 320/209/358 312/181/334
f 325/162/315 304/161/314 313/163/316
f 321/188/343 311/186/341 303/187/342
f 308/189/344 321/188/343 309/179/331
f 324/159/312 300/158/311 310/190/328
f 322/191/345 308/189/344 299/180/333
f 297/169/322 306/210/337 322/191/345
f 298/192/326 307/997/1319 330/157/310
f 323/193/320 330/157/310 345/194/347
f 318/196/349 324/159/312 329/160/313
f 340/198/351 325/162/315 328/165/318
f 326/164/317 327/168/321 342/200/353
f 327/168/321 323/167/320 346/202/348
f 328/165/318 326/164/317 341/201/354
f 344/197/350 329/160/313 325/162/315
f 345/194/347 330/157/310 324/159/312
f 339/203/355 337/181/336 333/182/335
f 339/203/355 338/204/330 331/205/324
f 332/207/332 336/208/357 339/203/355
f 334/187/356 337/181/336 339/203/355
f 312/181/334 337/181/336 334/187/356
f 303/187/342 334/187/356 336/179/357
f 299/180/333 332/180/332 335/170/323
f 301/182/338 315/177/329 338/177/330
f 345/194/347 318/196/349 308/189/344
f 321/188/343 344/197/350 340/198/351
f 343/199/352 341/201/354 314/185/340
f 342/200/353 346/202/348 306/183/337
f 341/201/354 342/200/353 319/184/339
f 311/186/341 340/198/351 343/199/352
f 308/189/344 318/196/349 344/197/350
f 306/210/337 346/195/348 345/194/347
f 380/211/359 374/246/394 350/212/360
f 379/214/362 375/243/391 354/215/363
f 376/217/365 352/228/376 363/218/366
f 373/220/368 348/999/375 366/221/369
f 347/223/371 381/223/378 385/224/372
f 367/225/374 366/1000/369 348/226/375
f 352/228/376 366/1000/369 367/225/374
f 354/215/363 363/218/366 367/225/374
f 367/225/374 357/227/361 350/230/360
f 365/231/377 388/231/408 381/232/378
f 382/233/379 386/234/406 359/234/380
f 362/235/382 387/235/405 383/236/383
f 365/231/377 347/232/371 356/237/385
f 351/236/384 365/231/377 369/238/386
f 377/222/370 366/221/369 352/228/376
f 362/235/382 351/236/384 364/239/387
f 362/235/382 370/240/388 361/241/389
f 375/243/391 378/219/367 363/218/366
f 353/242/390 361/241/389 371/244/392
f 359/234/380 371/244/392 358/245/393
f 374/246/394 379/214/362 360/216/364
f 349/233/381 358/245/393 372/247/395
f 347/223/371 355/224/373 372/247/395
f 380/211/359 357/213/361 348/249/375
f 395/251/396 380/211/359 373/250/368
f 368/253/398 394/259/403 379/214/362
f 390/254/399 393/258/402 378/219/367
f 392/255/400 377/222/370 376/217/365
f 396/257/397 373/220/368 377/222/370
f 391/256/401 376/217/365 378/219/367
f 394/259/403 390/254/399 375/243/391
f 395/251/396 368/253/398 374/246/394
f 389/260/404 388/1001/408 383/236/383
f 381/172/378 388/1001/408 389/260/404
f 382/175/379 385/261/372 389/260/404
f 389/260/404 387/235/405 384/242/407
f 384/242/407 387/235/405 362/235/382
f 386/234/406 384/242/407 353/242/390
f 385/224/372 382/233/379 349/233/381
f 351/236/384 383/236/383 388/231/408
f 358/245/393 368/253/398 395/251/396
f 371/244/392 361/241/389 390/254/399
f 364/239/387 391/256/401 393/258/402
f 356/237/385 396/257/397 392/255/400
f 369/238/386 392/255/400 391/256/401
f 361/241/389 370/240/388 393/258/402
f 358/245/393 371/244/392 394/259/403
f 356/248/385 372/247/395 395/251/396
f 405/263/409 421/266/412 426/264/410
f 421/266/412 403/286/432 416/267/413
f 426/264/410 416/267/413 399/268/414
f 418/265/411 426/264/410 412/269/415
f 420/271/417 427/274/420 406/272/418
f 405/263/409 418/265/411 427/274/420
f 418/265/411 404/270/416 417/275/421
f 427/274/420 417/275/421 397/276/422
f 398/277/423 408/280/426 428/278/424
f 408/280/426 402/283/429 419/281/427
f 419/281/427 405/263/409 420/271/417
f 428/278/424 420/271/417 401/273/419
f 415/282/428 429/285/431 419/281/427
f 400/284/430 410/292/438 429/285/431
f 429/285/431 410/292/438 403/286/432
f 419/281/427 429/285/431 421/266/412
f 404/270/416 422/1002/1320 430/287/433
f 430/287/433 414/1003/1321 397/276/422
f 399/268/414 411/1004/1322 431/288/434
f 431/288/434 422/1002/1320 404/270/416
f 423/289/435 432/290/436 416/267/413
f 432/290/436 411/1004/1322 399/268/414
f 400/284/430 409/294/440 433/291/437
f 410/292/438 433/291/437 423/289/435
f 402/283/429 424/1005/1323 434/293/439
f 415/282/428 434/293/439 409/294/440
f 407/295/441 435/296/442 408/280/426
f 435/296/442 424/1005/1323 402/283/429
f 425/297/443 436/298/444 413/279/425
f 436/298/444 407/295/441 398/277/423
f 397/276/422 414/1003/1321 437/299/445
f 406/272/418 437/299/445 425/297/443
f 444/300/446 441/1006/1324 445/301/447
f 446/302/448 445/301/447 440/303/449
f 438/305/451 443/307/453 446/302/448
f 439/306/452 444/300/446 446/302/448
f 442/304/450 440/303/449 448/308/454
f 442/304/450 449/309/455 447/310/456
f 449/309/455 448/308/454 451/311/457
f 447/310/456 449/309/455 452/312/458
f 451/311/457 454/316/462 455/314/460
f 452/312/458 455/314/460 453/315/461
f 454/316/462 457/319/465 458/317/463
f 455/314/460 458/317/463 456/318/464
f 457/319/465 460/322/468 461/320/466
f 458/317/463 461/320/466 459/321/467
f 460/322/468 463/1007/1325 464/323/469
f 461/320/466 464/323/469 462/324/470
f 472/301/471 468/1006/1326 471/300/472
f 467/303/474 472/301/471 473/302/473
f 465/305/476 469/304/475 473/302/473
f 473/302/473 471/300/472 466/306/478
f 469/304/475 476/309/481 475/308/479
f 474/310/480 476/309/481 469/304/475
f 476/309/481 479/312/483 478/311/482
f 474/310/480 477/313/486 479/312/483
f 482/314/484 481/316/488 478/311/482
f 480/315/485 482/314/484 479/312/483
f 485/317/487 484/319/491 481/316/488
f 483/318/489 485/317/487 482/314/484
f 488/320/490 487/322/493 484/319/491
f 486/321/492 488/320/490 485/317/487
f 464/323/469 463/1007/1325 487/322/493
f 462/324/470 464/323/469 488/320/490
f 505/325/494 541/328/497 542/326/495
f 541/328/497 494/354/523 507/329/498
f 542/326/495 507/329/498 490/330/499
f 542/326/495 516/331/500 495/332/501
f 504/333/502 537/336/505 543/334/503
f 537/336/505 497/361/530 510/337/506
f 543/334/503 510/337/506 492/338/507
f 534/335/504 543/334/503 519/339/508
f 503/341/510 533/344/513 544/342/511
f 533/344/513 500/356/525 513/345/514
f 529/346/515 545/350/519 526/347/516
f 499/349/518 520/379/548 545/350/519
f 501/351/520 525/355/524 546/352/521
f 494/354/523 515/396/565 546/352/521
f 500/356/525 524/358/527 547/357/526
f 501/351/520 522/353/522 547/357/526
f 492/338/507 510/337/506 548/359/528
f 497/361/530 523/362/531 548/359/528
f 523/362/531 501/351/520 524/358/527
f 548/359/528 524/358/527 500/356/525
f 497/361/530 518/364/533 549/363/532
f 490/330/499 507/329/498 549/363/532
f 549/363/532 507/329/498 494/354/523
f 523/362/531 549/363/532 525/355/524
f 493/365/534 528/368/537 550/366/535
f 528/368/537 502/348/517 526/347/516
f 489/369/538 509/373/542 551/370/539
f 496/372/541 527/374/543 551/370/539
f 527/374/543 502/348/517 528/368/537
f 514/371/540 551/370/539 528/368/537
f 496/372/541 517/377/546 552/375/544
f 491/376/545 512/382/551 552/375/544
f 552/375/544 512/382/551 499/349/518
f 527/374/543 552/375/544 529/346/515
f 532/378/547 553/380/549 520/379/548
f 503/341/510 530/343/512 553/380/549
f 491/376/545 511/383/552 554/381/550
f 511/383/552 498/340/509 531/384/553
f 554/381/550 531/384/553 503/341/510
f 512/382/551 554/381/550 532/378/547
f 498/340/509 519/339/508 555/385/554
f 492/338/507 521/360/529 555/385/554
f 521/360/529 500/356/525 533/344/513
f 555/385/554 533/344/513 503/341/510
f 536/386/555 556/387/556 517/377/546
f 504/333/502 534/335/504 556/387/556
f 534/335/504 498/340/509 511/383/552
f 556/387/556 511/383/552 491/376/545
f 489/369/538 508/389/558 557/388/557
f 508/389/558 495/332/501 535/390/559
f 557/388/557 535/390/559 504/333/502
f 509/373/542 557/388/557 536/386/555
f 516/331/500 558/391/560 535/390/559
f 490/330/499 518/364/533 558/391/560
f 518/364/533 497/361/530 537/336/505
f 558/391/560 537/336/505 504/333/502
f 540/392/561 559/393/562 514/371/540
f 505/325/494 538/327/496 559/393/562
f 538/327/496 495/332/501 508/389/558
f 559/393/562 508/389/558 489/369/538
f 539/394/563 505/325/494 540/392/561
f 560/395/564 540/392/561 493/365/534
f 515/396/565 494/354/523 541/328/497
f 561/397/566 541/328/497 505/325/494
f 585/398/567 572/419/588 565/399/568
f 575/401/570 569/420/651 576/402/571
f 578/404/573 567/413/582 579/405/574
f 581/407/576 563/421/652 571/408/577
f 582/409/578 571/408/577 562/410/579
f 579/405/574 582/409/578 580/411/580
f 567/413/582 581/407/576 582/409/578
f 583/406/575 579/405/574 566/412/581
f 576/402/571 583/406/575 577/414/583
f 576/402/571 569/420/651 578/404/573
f 584/403/572 576/402/571 568/415/584
f 564/417/586 573/400/569 584/403/572
f 565/399/568 575/401/570 584/403/572
f 585/398/567 573/400/569 564/417/586
f 571/408/577 585/398/567 570/418/587
f 571/408/577 563/421/652 572/419/588
f 609/398/589 597/400/610 589/399/590
f 600/402/592 593/420/607 599/401/593
f 603/405/595 591/413/604 602/404/596
f 595/408/598 587/421/612 605/407/599
f 586/410/601 595/408/598 606/409/600
f 604/411/602 606/409/600 603/405/595
f 606/409/600 605/407/599 591/413/604
f 590/412/603 603/405/595 607/406/597
f 601/414/605 607/406/597 600/402/592
f 600/402/592 607/406/597 602/404/596
f 592/415/606 600/402/592 608/403/594
f 588/417/609 598/416/608 608/403/594
f 608/403/594 599/401/593 589/399/590
f 588/417/609 597/400/610 609/398/589
f 594/418/611 609/398/589 595/408/598
f 595/408/598 609/398/589 596/419/591
f 633/398/575 621/400/630 613/399/613
f 624/402/615 617/420/627 623/401/616
f 627/405/617 615/413/624 626/404/618
f 630/409/572 619/408/632 611/421/619
f 610/410/621 619/408/632 630/409/572
f 628/411/622 630/409/572 627/405/617
f 630/409/572 629/407/620 615/413/624
f 625/414/625 614/412/623 627/405/617
f 625/414/625 631/406/567 624/402/615
f 631/406/567 626/404/618 617/420/627
f 616/415/626 624/402/615 632/403/578
f 612/417/629 622/416/628 632/403/578
f 621/400/630 632/403/578 623/401/616
f 618/418/631 612/417/629 621/400/630
f 618/418/631 633/398/575 619/408/632
f 633/398/575 620/419/614 611/421/619
f 657/398/597 644/419/653 637/399/633
f 647/401/635 641/420/647 648/402/636
f 650/404/637 639/413/644 651/405/638
f 654/409/594 653/407/654 635/421/639
f 654/409/594 643/408/640 634/410/641
f 651/405/638 654/409/594 652/411/642
f 639/413/644 653/407/654 654/409/594
f 649/414/645 655/406/589 651/405/638
f 648/402/636 655/406/589 649/414/645
f 641/420/647 650/404/637 655/406/589
f 656/403/600 648/402/636 640/415/646
f 636/417/649 645/400/634 656/403/600
f 645/400/634 637/399/633 647/401/635
f 642/418/650 657/398/597 645/400/634
f 643/408/640 657/398/597 642/418/650
f 635/421/639 644/419/653 657/398/597
f 562/410/579 570/418/587 618/418/631
f 565/399/568 572/419/588 620/419/614
f 564/417/586 574/416/585 622/416/628
f 569/420/651 575/401/570 623/401/616
f 568/415/584 577/414/583 625/414/625
f 567/413/582 578/404/573 626/404/618
f 566/412/581 580/411/580 628/411/622
f 563/421/652 581/407/576 629/407/620
f 564/417/586 612/417/629 618/418/631
f 563/421/652 611/421/619 620/419/614
f 568/415/584 616/415/626 622/416/628
f 565/399/568 613/399/613 623/401/616
f 566/412/581 614/412/623 625/414/625
f 569/420/651 617/420/627 626/404/618
f 562/410/579 610/410/621 628/411/622
f 567/413/582 615/413/624 629/407/620
f 586/410/601 634/410/641 642/418/650
f 589/399/590 637/399/633 644/419/653
f 588/417/609 636/417/649 646/416/648
f 593/420/607 641/420/647 647/401/635
f 592/415/606 640/415/646 649/414/645
f 591/413/604 639/413/644 650/404/637
f 590/412/603 638/412/643 652/411/642
f 587/421/612 635/421/639 653/407/654
f 588/417/609 594/418/611 642/418/650
f 587/421/612 596/419/591 644/419/653
f 592/415/606 598/416/608 646/416/648
f 589/399/590 599/401/593 647/401/635
f 590/412/603 601/414/605 649/414/645
f 593/420/607 602/404/596 650/404/637
f 586/410/601 604/411/602 652/411/642
f 591/413/604 605/407/599 653/407/654
f 668/432/665 670/434/667 671/433/666
f 670/434/667 672/447/705 673/435/668
f 667/427/660 675/437/670 674/436/669
f 675/437/670 677/439/672 676/438/671
f 677/439/672 679/448/708 678/440/673
f 680/442/675 681/441/674 683/443/676
f 683/443/676 685/449/710 684/445/678
f 699/433/690 698/434/693 696/432/691
f 701/435/692 700/447/706 698/434/693
f 702/436/694 703/437/696 695/427/684
f 704/438/695 705/439/698 703/437/696
f 706/440/697 707/448/707 705/439/698
f 710/444/701 711/443/703 709/441/700
f 712/445/702 713/449/709 711/443/703
f 658/428/661 662/426/659 690/426/685
f 661/423/656 664/422/655 692/422/680
f 660/425/658 665/446/679 693/446/704
f 660/425/658 688/425/683 690/426/685
f 659/429/662 687/429/687 692/422/680
f 661/423/656 689/423/682 693/446/704
f 668/432/665 658/428/661 686/428/686
f 669/430/663 697/430/688 695/427/684
f 668/432/665 696/432/691 698/434/693
f 671/433/666 699/433/690 697/430/688
f 672/447/705 700/447/706 701/435/692
f 672/447/705 670/434/667 698/434/693
f 673/435/668 701/435/692 699/433/690
f 675/437/670 667/427/660 695/427/684
f 674/436/669 702/436/694 691/424/681
f 675/437/670 703/437/696 705/439/698
f 676/438/671 704/438/695 702/436/694
f 678/440/673 679/448/708 707/448/707
f 677/439/672 705/439/698 707/448/707
f 678/440/673 706/440/697 704/438/695
f 681/441/674 663/424/657 691/424/681
f 680/442/675 708/442/699 687/429/687
f 681/441/674 709/441/700 711/443/703
f 682/444/677 710/444/701 708/442/699
f 684/445/678 685/449/710 713/449/709
f 683/443/676 711/443/703 713/449/709
f 684/445/678 712/445/702 710/444/701
f 720/450/711 717/459/729 721/451/712
f 718/453/714 722/452/713 721/451/712
f 714/455/716 719/457/718 722/452/713
f 715/456/717 720/450/711 722/452/713
f 719/457/718 724/460/731 723/458/719
f 732/451/720 728/459/728 731/450/721
f 729/453/723 727/454/730 732/451/720
f 725/455/724 729/453/723 733/452/722
f 733/452/722 731/450/721 726/456/726
f 734/458/727 735/460/732 730/457/725
f 718/453/714 729/453/723 725/455/724
f 720/450/711 731/450/721 728/459/728
f 716/454/715 721/451/712 732/451/720
f 716/454/715 727/454/730 729/453/723
f 714/455/716 725/455/724 730/457/725
f 720/450/711 715/456/717 726/456/726
f 717/459/729 728/459/728 732/451/720
f 724/460/731 735/460/732 734/458/727
f 724/460/731 719/457/718 730/457/725
f 723/458/719 734/458/727 726/456/726
f 744/461/733 742/468/740 739/462/734
f 744/461/733 743/463/735 738/464/736
f 736/466/738 741/467/739 744/461/733
f 741/467/739 737/469/749 742/468/740
f 753/461/741 752/463/750 748/462/742
f 747/464/744 752/463/750 753/461/741
f 745/466/746 749/465/745 753/461/741
f 750/467/747 753/461/741 751/468/743
f 740/465/737 749/465/745 745/466/746
f 737/469/749 741/467/739 750/467/747
f 739/462/734 742/468/740 751/468/743
f 738/464/736 743/463/735 752/463/750
f 740/465/737 738/464/736 747/464/744
f 736/466/738 745/466/746 750/467/747
f 737/469/749 746/469/748 751/468/743
f 739/462/734 748/462/742 752/463/750
f 783/470/751 765/493/774 757/471/752
f 783/470/751 772/472/753 759/473/754
f 762/475/756 780/478/759 784/476/757
f 780/478/759 761/489/770 768/479/760
f 784/476/757 768/479/760 755/480/761
f 777/477/758 784/476/757 764/481/762
f 785/483/764 771/506/787 756/484/765
f 785/483/764 767/485/766 760/486/767
f 786/488/769 770/1008/1327 755/480/761
f 786/488/769 768/479/760 761/489/770
f 787/491/772 775/490/771 761/489/770
f 787/491/772 774/492/773 757/471/752
f 788/494/775 776/487/768 760/486/767
f 788/494/775 773/495/776 754/496/777
f 779/498/779 789/499/780 773/495/776
f 762/475/756 777/477/758 789/499/780
f 777/477/758 758/482/763 769/500/781
f 789/499/780 769/500/781 754/496/777
f 756/484/765 766/502/783 790/501/782
f 766/502/783 759/473/754 778/503/784
f 790/501/782 778/503/784 762/475/756
f 767/485/766 790/501/782 779/498/779
f 772/472/753 791/504/785 778/503/784
f 757/471/752 774/492/773 791/504/785
f 774/492/773 761/489/770 780/478/759
f 791/504/785 780/478/759 762/475/756
f 781/474/755 759/473/754 766/502/783
f 792/505/786 766/502/783 756/484/765
f 754/496/777 769/500/781 793/507/788
f 769/500/781 758/482/763 782/508/789
f 758/482/763 764/481/762 794/509/790
f 755/480/761 770/1008/1327 794/509/790
f 805/510/791 798/528/809 806/511/792
f 819/513/794 808/529/810 802/514/795
f 818/516/797 811/527/808 800/517/798
f 817/519/800 814/525/806 796/520/801
f 816/522/803 810/534/815 799/523/804
f 805/510/791 796/520/801 814/525/806
f 811/527/808 815/526/807 814/525/806
f 802/514/795 808/529/810 815/526/807
f 798/528/809 805/510/791 815/526/807
f 816/522/803 813/524/805 795/530/811
f 807/532/813 816/522/803 803/531/812
f 807/532/813 801/539/816 810/534/815
f 817/519/800 804/521/802 795/535/811
f 799/537/804 812/518/799 817/519/800
f 800/517/798 814/525/806 817/519/800
f 810/534/815 818/540/797 812/538/799
f 801/539/816 809/515/796 818/540/797
f 809/515/796 802/514/795 811/527/808
f 819/513/794 809/515/796 801/539/816
f 797/533/814 806/511/792 819/513/794
f 798/528/809 808/529/810 819/513/794
f 820/541/793 806/511/792 797/533/814
f 804/542/802 820/541/793 803/531/812
f 796/520/801 805/510/791 820/512/793
f 832/511/817 824/528/833 831/510/818
f 845/513/820 835/515/841 828/514/821
f 844/516/823 838/518/840 826/517/824
f 843/519/826 830/521/842 822/520/827
f 842/522/829 839/524/839 825/523/830
f 840/525/828 822/520/827 831/510/818
f 837/527/825 826/517/824 840/525/828
f 828/514/821 837/527/825 841/526/832
f 841/526/832 831/510/818 824/528/833
f 821/530/834 839/524/839 842/522/829
f 829/531/835 842/522/829 833/532/836
f 833/532/836 842/522/829 836/534/831
f 821/535/834 830/521/842 843/519/826
f 825/537/830 839/536/839 843/519/826
f 843/519/826 840/525/828 826/517/824
f 836/534/831 825/523/830 838/538/840
f 827/539/838 836/534/831 844/540/823
f 835/515/841 844/516/823 837/527/825
f 827/539/838 835/515/841 845/513/820
f 823/533/837 833/532/836 845/513/820
f 845/513/820 834/529/822 824/528/833
f 823/533/837 832/511/817 846/541/819
f 829/531/835 846/541/819 830/542/842
f 846/512/819 831/510/818 822/520/827
f 857/543/843 850/584/879 858/544/844
f 860/546/846 854/559/859 861/547/847
f 863/549/849 852/561/863 864/550/850
f 866/552/852 848/564/866 856/553/853
f 865/555/855 878/597/885 873/556/856
f 860/546/846 893/623/894 891/558/858
f 863/549/860 894/562/1328 897/560/861
f 852/561/863 863/549/849 894/562/864
f 848/564/866 866/552/852 895/565/867
f 855/567/869 849/586/878 872/568/870
f 859/570/872 853/582/876 874/571/873
f 862/573/875 877/591/880 874/574/873
f 867/554/854 856/553/853 847/576/877
f 851/557/857 864/550/850 867/554/854
f 864/550/850 852/561/863 866/552/852
f 862/573/875 868/581/851 864/577/850
f 861/579/847 868/581/851 862/573/875
f 854/580/859 863/624/895 868/581/851
f 869/548/848 861/547/847 853/582/876
f 849/583/878 858/544/844 869/548/848
f 850/584/879 860/546/846 869/548/848
f 855/567/869 870/590/845 858/585/844
f 856/587/853 870/590/845 855/567/869
f 848/589/866 857/625/843 870/590/845
f 877/591/880 873/627/856 881/592/881
f 872/594/870 876/572/874 884/595/883
f 878/597/885 886/613/888 881/598/881
f 874/571/873 882/1009/891 884/595/883
f 851/578/857 873/627/856 877/591/880
f 859/570/872 876/572/874 872/594/870
f 865/555/855 847/576/877 871/599/886
f 847/588/877 855/567/869 875/569/871
f 887/601/887 885/628/882 881/602/881
f 887/601/887 886/603/888 879/604/889
f 880/606/884 884/608/883 887/601/887
f 882/607/891 885/628/882 887/601/887
f 875/569/871 872/568/870 880/609/884
f 877/591/880 885/593/882 882/611/891
f 875/569/871 883/610/890 879/612/889
f 871/599/886 879/1010/889 886/613/888
f 896/614/892 892/626/896 888/615/868
f 896/617/892 895/565/867 890/563/865
f 891/618/858 893/629/894 896/619/892
f 889/621/893 892/1011/896 896/622/892
f 857/543/843 892/1011/896 889/621/893
f 852/561/863 890/563/865 895/565/867
f 863/624/895 854/580/859 891/618/858
f 860/546/846 850/584/879 889/621/893
f 857/625/843 848/589/866 888/615/868
f 909/544/897 901/584/929 908/543/898
f 912/547/900 905/559/913 911/546/901
f 915/550/903 903/561/917 914/549/904
f 907/553/906 899/564/919 917/552/907
f 924/556/909 929/597/934 916/555/910
f 942/558/912 944/623/948 911/546/901
f 948/560/914 945/562/1329 914/549/915
f 903/561/917 941/563/947 945/562/918
f 899/564/919 939/566/945 946/565/920
f 906/567/921 926/569/936 923/568/922
f 910/570/924 927/572/933 925/571/925
f 925/574/925 928/591/930 913/573/927
f 898/576/928 907/553/906 918/554/908
f 902/557/911 916/555/910 918/554/908
f 915/550/903 918/554/908 917/552/907
f 913/573/927 902/578/911 915/577/903
f 913/573/927 919/581/905 912/579/900
f 919/581/905 914/624/950 905/580/913
f 904/582/926 912/547/900 920/548/902
f 900/583/923 910/570/924 920/548/902
f 920/548/902 911/546/901 901/584/929
f 906/567/921 900/586/923 909/585/897
f 906/567/921 921/590/899 907/587/906
f 921/590/899 908/625/898 899/589/919
f 928/591/930 936/593/938 932/592/931
f 923/594/922 931/596/941 935/595/932
f 932/598/931 937/613/943 929/597/934
f 935/595/932 933/1009/942 925/571/925
f 928/591/930 924/627/909 902/578/911
f 923/594/922 927/572/933 910/570/924
f 916/555/910 929/597/934 922/599/935
f 898/588/928 922/600/935 926/569/936
f 938/601/937 937/603/943 932/602/931
f 930/604/939 937/603/943 938/601/937
f 931/606/941 934/605/940 938/601/937
f 938/601/937 936/628/938 933/607/942
f 926/569/936 934/610/940 931/609/941
f 933/611/942 936/593/938 928/591/930
f 930/612/939 934/610/940 926/569/936
f 937/613/943 930/1010/939 922/599/935
f 947/614/944 946/616/920 939/615/945
f 941/563/947 946/565/920 947/617/944
f 942/618/912 945/620/918 947/619/944
f 947/622/944 943/1011/946 940/621/949
f 940/621/949 943/1011/946 908/543/898
f 946/565/920 941/563/947 903/561/917
f 914/624/950 945/620/918 942/618/912
f 911/546/901 944/623/948 940/621/949
f 908/625/898 943/626/946 939/615/945
f 971/630/951 1015/633/954 1016/631/952
f 1015/633/954 959/678/999 974/634/955
f 1016/631/952 974/634/955 952/635/956
f 1012/632/953 1016/631/952 987/636/957
f 970/638/959 1011/642/963 1017/639/960
f 961/641/962 977/674/995 1017/639/960
f 1017/639/960 977/674/995 956/643/964
f 1008/640/961 1017/639/960 990/644/965
f 1007/646/967 1018/650/971 1004/647/968
f 964/649/970 980/669/990 1018/650/971
f 1018/650/971 980/669/990 954/651/972
f 1004/647/968 1018/650/971 993/652/973
f 968/654/975 1003/657/978 1019/655/976
f 1003/657/978 966/667/988 983/658/979
f 1019/655/976 983/658/979 950/659/980
f 1000/656/977 1019/655/976 973/660/981
f 967/662/983 999/665/986 1020/663/984
f 999/665/986 959/678/999 986/666/987
f 1020/663/984 986/666/987 950/659/980
f 996/664/985 1020/663/984 983/658/979
f 998/668/989 1021/670/991 980/669/990
f 967/662/983 996/664/985 1021/670/991
f 996/664/985 966/667/988 995/671/992
f 1021/670/991 995/671/992 954/651/972
f 956/643/964 977/674/995 1022/672/993
f 977/674/995 961/641/962 997/675/996
f 1022/672/993 997/675/996 967/662/983
f 1022/672/993 998/668/989 964/649/970
f 989/676/997 1023/677/998 997/675/996
f 952/635/956 974/634/955 1023/677/998
f 1023/677/998 974/634/955 959/678/999
f 1023/677/998 999/665/986 967/662/983
f 968/654/975 1000/656/977 1024/681/1002
f 1024/681/1002 1000/656/977 958/661/982
f 994/679/1000 1024/681/1002 985/682/1003
f 981/684/1005 1025/687/1008 982/685/1006
f 965/653/974 1001/688/1009 1025/687/1008
f 1025/687/1008 1001/688/1009 968/654/975
f 993/652/973 1026/689/1010 1001/688/1009
f 954/651/972 995/671/992 1026/689/1010
f 995/671/992 966/667/988 1003/657/978
f 1026/689/1010 1003/657/978 968/654/975
f 1006/690/1011 1027/693/1014 991/691/1012
f 969/648/969 1004/647/968 1027/693/1014
f 1004/647/968 965/653/974 981/684/1005
f 1027/693/1014 981/684/1005 953/686/1007
f 955/694/1015 978/697/1018 1028/695/1016
f 978/697/1018 962/645/966 1005/698/1019
f 1005/698/1019 969/648/969 1006/690/1011
f 1028/695/1016 1006/690/1011 963/692/1013
f 990/644/965 1029/699/1020 1005/698/1019
f 956/643/964 992/673/994 1029/699/1020
f 992/673/994 964/649/970 1007/646/967
f 1029/699/1020 1007/646/967 969/648/969
f 1010/701/1022 970/638/959 1008/640/961
f 1030/702/1023 1008/640/961 962/645/966
f 988/700/1021 1030/702/1023 978/697/1018
f 975/703/1024 1031/706/1027 976/704/1025
f 960/637/958 1009/707/1028 1031/706/1027
f 1031/706/1027 1009/707/1028 970/638/959
f 987/636/957 1032/708/1029 1009/707/1028
f 952/635/956 989/676/997 1032/708/1029
f 1032/708/1029 989/676/997 961/641/962
f 1032/708/1029 1011/642/963 970/638/959
f 957/709/1030 1014/712/1033 1033/710/1031
f 1014/712/1033 971/630/951 1012/632/953
f 1012/632/953 960/637/958 975/703/1024
f 1033/710/1031 975/703/1024 951/705/1026
f 949/683/1004 985/682/1003 1034/713/1034
f 985/682/1003 958/661/982 1013/715/1036
f 1034/713/1034 1013/715/1036 971/630/951
f 972/714/1035 1034/713/1034 1014/712/1033
f 973/660/981 1035/716/1037 1013/715/1036
f 950/659/980 986/666/987 1035/716/1037
f 1035/716/1037 986/666/987 959/678/999
f 1013/715/1036 1035/716/1037 1015/633/954
f 1044/717/1038 1076/724/1045 1079/718/1039
f 1064/720/1041 1096/758/1079 1090/721/1042
f 1048/723/1044 1080/742/1063 1076/724/1045
f 1058/722/1043 1090/721/1042 1097/725/1046
f 1038/727/1048 1045/751/1072 1077/728/1049
f 1094/730/1051 1091/737/1058 1059/731/1052
f 1069/733/1054 1078/756/1077 1046/734/1055
f 1063/736/1057 1059/731/1052 1091/737/1058
f 1047/719/1040 1079/718/1039 1069/733/1054
f 1038/727/1048 1070/729/1050 1092/739/1060
f 1040/741/1062 1072/747/1068 1080/742/1063
f 1061/743/1064 1093/770/1091 1086/744/1065
f 1040/741/1062 1049/771/1092 1081/746/1067
f 1086/744/1065 1094/730/1051 1062/732/1053
f 1068/748/1069 1082/777/1098 1050/749/1070
f 1045/751/1072 1041/757/1078 1073/752/1073
f 1055/753/1074 1063/736/1057 1095/738/1059
f 1051/755/1076 1083/763/1084 1068/748/1069
f 1078/756/1077 1073/752/1073 1041/757/1078
f 1055/753/1074 1087/754/1075 1096/758/1079
f 1039/759/1080 1071/774/1095 1084/760/1081
f 1042/762/1083 1074/768/1089 1083/763/1084
f 1065/726/1047 1097/725/1046 1085/764/1085
f 1060/740/1061 1092/739/1060 1088/766/1087
f 1052/761/1082 1084/760/1081 1074/768/1089
f 1085/764/1085 1098/775/1096 1066/769/1090
f 1056/767/1088 1088/766/1087 1093/770/1091
f 1049/771/1092 1043/778/1099 1075/772/1093
f 1039/759/1080 1067/779/1100 1099/773/1094
f 1098/775/1096 1089/780/1101 1057/776/1097
f 1082/777/1098 1075/772/1093 1043/778/1099
f 1067/779/1100 1057/776/1097 1089/780/1101
f 1178/781/1102 1110/831/1152 1105/782/1103
f 1119/784/1105 1128/818/1139 1165/785/1106
f 1103/787/1108 1116/799/1120 1166/788/1109
f 1181/790/1111 1167/800/1121 1106/791/1112
f 1168/793/1114 1129/823/1144 1117/794/1115
f 1124/796/1117 1120/804/1125 1169/797/1118
f 1116/799/1120 1106/791/1112 1167/800/1121
f 1182/795/1116 1117/794/1115 1130/801/1122
f 1184/803/1124 1169/797/1118 1120/804/1125
f 1171/806/1127 1107/813/1134 1113/807/1128
f 1172/809/1130 1131/814/1135 1103/787/1108
f 1170/802/1123 1130/801/1122 1121/810/1131
f 1186/812/1133 1114/1012/1330 1107/813/1134
f 1173/811/1132 1121/810/1131 1131/814/1135
f 1174/815/1136 1108/821/1142 1111/816/1137
f 1128/818/1139 1122/822/1143 1175/819/1140
f 1188/820/1141 1112/837/1158 1108/821/1142
f 1168/793/1114 1175/819/1140 1122/822/1143
f 1189/824/1145 1176/843/1164 1109/825/1146
f 1126/827/1148 1123/833/1154 1177/828/1149
f 1191/830/1151 1101/835/1156 1110/831/1152
f 1192/832/1153 1177/828/1149 1123/833/1154
f 1187/817/1138 1111/816/1137 1101/835/1156
f 1189/824/1145 1102/826/1147 1124/796/1117
f 1193/836/1157 1104/840/1161 1112/837/1158
f 1194/838/1159 1184/803/1124 1125/805/1126
f 1185/808/1129 1113/807/1128 1104/840/1161
f 1118/839/1160 1126/827/1148 1190/829/1150
f 1100/841/1162 1114/1012/1330 1186/812/1133
f 1164/783/1104 1105/782/1103 1109/825/1146
f 1179/786/1107 1192/832/1153 1127/834/1155
f 1195/842/1163 1181/790/1111 1115/792/1113
f 1213/844/1165 1199/904/1225 1139/845/1166
f 1197/847/1168 1210/869/1190 1160/848/1169
f 1214/850/1171 1132/906/1227 1155/851/1172
f 1163/846/1167 1150/907/1228 1204/853/1174
f 1162/854/1175 1158/873/1194 1208/855/1176
f 1203/857/1178 1147/894/1215 1161/858/1179
f 1212/856/1177 1202/895/1216 1145/860/1181
f 1211/859/1180 1161/858/1179 1154/861/1182
f 1207/863/1184 1156/875/1196 1143/864/1185
f 1205/866/1187 1152/884/1205 1159/867/1188
f 1210/869/1190 1227/874/1195 1157/870/1191
f 1209/868/1189 1159/867/1188 1133/871/1192
f 1158/873/1194 1157/870/1191 1227/874/1195
f 1207/863/1184 1226/852/1173 1155/851/1172
f 1218/876/1197 1225/882/1203 1153/877/1198
f 1206/862/1183 1154/861/1182 1151/879/1200
f 1134/881/1202 1153/877/1198 1225/882/1203
f 1224/880/1201 1151/879/1200 1152/884/1205
f 1223/885/1206 1149/891/1212 1148/886/1207
f 1204/853/1174 1150/907/1228 1146/888/1209
f 1220/890/1211 1144/898/1219 1149/891/1212
f 1222/887/1208 1148/886/1207 1137/892/1213
f 1221/889/1210 1146/888/1209 1147/894/1215
f 1202/895/1216 1219/902/1223 1142/896/1217
f 1200/897/1218 1141/903/1224 1144/898/1219
f 1136/899/1220 1138/905/1226 1217/900/1221
f 1143/864/1185 1142/896/1217 1219/902/1223
f 1218/876/1197 1140/878/1199 1141/903/1224
f 1199/904/1225 1217/900/1221 1138/905/1226
f 1137/892/1213 1136/899/1220 1216/901/1222
f 1135/849/1170 1134/881/1202 1215/883/1204
f 1196/872/1193 1133/871/1192 1132/906/1227
f 1163/846/1167 1139/845/1166 1181/790/1111
f 1135/849/1170 1160/848/1169 1192/832/1153
f 1132/906/1227 1164/783/1104 1176/843/1164
f 1195/842/1163 1186/812/1133 1150/907/1228
f 1194/838/1159 1190/829/1150 1158/873/1194
f 1147/894/1215 1185/808/1129 1193/836/1157
f 1162/854/1175 1145/860/1181 1184/803/1124
f 1161/858/1179 1193/836/1157 1188/820/1141
f 1156/875/1196 1189/824/1145 1183/798/1119
f 1152/884/1205 1187/817/1138 1191/830/1151
f 1160/848/1169 1157/870/1191 1177/828/1149
f 1159/867/1188 1191/830/1151 1178/781/1102
f 1190/829/1150 1177/828/1149 1157/870/1191
f 1156/875/1196 1155/851/1172 1176/843/1164
f 1140/878/1199 1153/877/1198 1175/819/1140
f 1154/861/1182 1188/820/1141 1174/815/1136
f 1165/785/1106 1175/819/1140 1153/877/1198
f 1151/879/1200 1174/815/1136 1187/817/1138
f 1149/891/1212 1173/811/1132 1172/809/1130
f 1150/907/1228 1186/812/1133 1171/806/1127
f 1144/898/1219 1170/802/1123 1173/811/1132
f 1148/886/1207 1172/809/1130 1180/789/1110
f 1146/888/1209 1171/806/1127 1185/808/1129
f 1145/860/1181 1142/896/1217 1169/797/1118
f 1141/903/1224 1182/795/1116 1170/802/1123
f 1166/788/1109 1167/800/1121 1138/905/1226
f 1183/798/1119 1169/797/1118 1142/896/1217
f 1140/878/1199 1168/793/1114 1182/795/1116
f 1139/845/1166 1138/905/1226 1167/800/1121
f 1180/789/1110 1166/788/1109 1136/899/1220
f 1179/786/1107 1165/785/1106 1134/881/1202
f 1133/871/1192 1178/781/1102 1164/783/1104
f 1078/756/1077 1196/872/1193 1214/850/1171
f 1197/847/1168 1215/883/1204 1096/758/1079
f 1198/893/1214 1216/901/1222 1084/760/1081
f 1083/763/1084 1074/768/1089 1217/900/1221
f 1097/725/1046 1218/876/1197 1200/897/1218
f 1201/865/1186 1219/902/1223 1088/766/1087
f 1216/901/1222 1217/900/1221 1074/768/1089
f 1085/764/1085 1200/897/1218 1220/890/1211
f 1093/770/1091 1088/766/1087 1219/902/1223
f 1075/772/1093 1221/889/1210 1203/857/1178
f 1099/773/1094 1222/887/1208 1198/893/1214
f 1098/775/1096 1220/890/1211 1223/885/1206
f 1082/777/1098 1204/853/1174 1221/889/1210
f 1089/780/1101 1223/885/1206 1222/887/1208
f 1076/724/1045 1224/880/1201 1205/866/1187
f 1215/883/1204 1225/882/1203 1090/721/1042
f 1080/742/1063 1206/862/1183 1224/880/1201
f 1097/725/1046 1090/721/1042 1225/882/1203
f 1077/728/1049 1226/852/1173 1207/863/1184
f 1208/855/1176 1227/874/1195 1091/737/1058
f 1069/733/1054 1209/868/1189 1196/872/1193
f 1095/738/1059 1091/737/1058 1227/874/1195
f 1079/718/1039 1205/866/1187 1209/868/1189
f 1207/863/1184 1201/865/1186 1092/739/1060
f 1072/747/1068 1211/859/1180 1206/862/1183
f 1086/744/1065 1093/770/1091 1202/895/1216
f 1081/746/1067 1203/857/1178 1211/859/1180
f 1212/856/1177 1208/855/1176 1094/730/1051
f 1213/844/1165 1204/853/1174 1082/777/1098
f 1073/752/1073 1214/850/1171 1226/852/1173
f 1087/754/1075 1095/738/1059 1210/869/1190
f 1068/748/1069 1083/763/1084 1199/904/1225
f 1228/908/1229 1232/929/1247 1249/909/1230
f 1239/911/1232 1228/908/1229 1245/910/1231
f 1235/913/1234 1250/1013/1251 1246/914/1235
f 1237/916/1237 1230/924/1242 1247/917/1238
f 1241/919/1240 1233/932/1249 1228/908/1229
f 1238/920/1241 1241/945/1240 1239/921/1232
f 1242/923/1243 1238/942/1241 1230/924/1242
f 1231/925/1244 1236/927/1245 1242/923/1243
f 1235/926/1234 1243/939/1246 1236/927/1245
f 1229/915/1236 1234/947/1248 1243/928/1246
f 1232/929/1247 1244/938/1253 1234/930/1248
f 1233/932/1249 1244/938/1253 1232/929/1247
f 1237/916/1237 1251/918/1239 1248/933/1250
f 1231/925/1244 1248/933/1250 1250/934/1251
f 1229/931/1236 1246/1014/1235 1249/909/1230
f 1230/922/1242 1239/921/1232 1252/935/1233
f 1258/937/1252 1240/1015/1258 1234/930/1248
f 1243/939/1246 1257/948/1331 1253/940/1254
f 1256/941/1255 1254/1016/1257 1238/942/1241
f 1241/919/1240 1255/949/1332 1259/943/1256
f 1254/944/1257 1255/1017/1332 1241/945/1240
f 1236/927/1245 1253/940/1254 1256/941/1255
f 1240/946/1258 1257/1018/1331 1243/928/1246
f 1233/932/1249 1259/943/1256 1258/937/1252
f 1260/908/1259 1277/910/1263 1281/909/1260
f 1271/911/1262 1284/912/1281 1277/910/1263
f 1278/914/1264 1282/1013/1280 1267/913/1265
f 1269/916/1267 1283/918/1333 1279/917/1268
f 1260/908/1259 1265/932/1278 1273/919/1270
f 1271/921/1262 1273/945/1270 1270/920/1271
f 1262/924/1269 1270/942/1271 1274/923/1272
f 1263/925/1273 1269/916/1267 1274/923/1272
f 1267/926/1265 1263/925/1273 1268/927/1274
f 1261/915/1266 1267/913/1265 1275/928/1275
f 1264/929/1261 1261/931/1266 1266/930/1276
f 1264/929/1261 1276/938/1277 1265/932/1278
f 1280/933/1279 1283/918/1333 1269/916/1267
f 1282/934/1280 1280/933/1279 1263/925/1273
f 1281/909/1260 1278/1014/1264 1261/931/1266
f 1262/922/1269 1279/936/1268 1284/935/1281
f 1266/930/1276 1272/1015/1289 1290/937/1282
f 1275/939/1275 1268/927/1274 1285/940/1283
f 1270/942/1271 1286/1016/1288 1288/941/1285
f 1273/919/1270 1265/932/1278 1291/943/1286
f 1273/945/1270 1287/1017/1287 1286/944/1288
f 1268/927/1274 1274/923/1272 1288/941/1285
f 1275/928/1275 1289/1018/1284 1272/946/1289
f 1265/932/1278 1276/938/1277 1290/937/1282
f 1295/950/1290 1311/957/1312 1313/951/1291
f 1294/950/1297 1296/952/1309 1312/951/1298
f 1307/958/1300 1309/962/1304 1308/959/1301
f 1301/961/1303 1305/965/1307 1309/962/1304
f 1309/962/1304 1307/958/1300 1302/964/1306
f 1308/959/1301 1309/962/1304 1305/965/1307
f 1296/952/1309 1305/972/1307 1301/967/1303
f 1297/969/1294 1306/978/1305 1302/970/1306
f 1295/950/1290 1298/952/1292 1307/972/1300
f 1294/974/1297 1299/980/1310 1308/975/1301
f 1294/950/1297 1303/973/1308 1305/972/1307
f 1292/977/1293 1301/1019/1303 1306/978/1305
f 1298/952/1292 1293/968/1296 1302/967/1306
f 1295/979/1290 1304/1020/1302 1308/975/1301
f 1314/981/1311 1315/1021/1314 1313/982/1291
f 1312/984/1298 1315/1021/1314 1314/981/1311
f 1300/986/1313 1315/993/1314 1312/987/1298
f 1299/980/1310 1314/991/1311 1311/989/1312
f 1299/980/1310 1294/974/1297 1310/990/1299
f 1300/986/1313 1298/1022/1292 1313/992/1291
f 1316/955/1295 1293/956/1296 1298/994/1292
f 1316/955/1295 1300/995/1315 1296/996/1309
