# Blender 5.2.1 LTS
# www.blender.org
mtllib miku3dArreglado.mtl
o hair_back_part
v -0.500104 1.238061 -0.369765
v -0.509319 2.245669 -0.465275
v 0.500104 1.238061 -0.369765
v 0.509319 2.245669 -0.465275
v -0.569627 1.202078 0.014975
v -0.580434 2.351325 -0.081207
v -0.636678 1.739785 -0.528661
v -0.000000 1.130851 -0.415624
v 0.000000 2.352390 -0.526214
v 0.636678 1.739785 -0.528661
v 0.481127 1.179840 0.012109
v 0.580434 2.351325 -0.081207
v 0.000000 2.577203 -0.092885
v 0.000000 1.023108 0.024546
v 0.797879 1.763611 -0.040929
v -0.000000 1.735786 -0.693837
v -0.797879 1.763611 -0.040929
v -0.562481 1.472475 0.303041
v -0.564061 2.311826 -0.312730
v -0.589449 1.437009 -0.460543
v -0.299485 1.164370 -0.401953
v 0.304252 2.318170 -0.509063
v 0.589449 1.437009 -0.460543
v 0.546363 1.185621 -0.212057
v 0.534975 2.322342 0.202901
v -0.546363 1.185621 -0.212057
v -0.534975 2.322342 0.202901
v -0.594216 2.043190 -0.520166
v 0.299485 1.164370 -0.401953
v -0.304252 2.318170 -0.509063
v 0.594216 2.043190 -0.520166
v 0.557516 1.364053 0.238091
v 0.564061 2.311826 -0.312730
v 0.000000 2.533083 0.185623
v 0.000000 2.514554 -0.327569
v 0.316605 2.519967 -0.090237
v -0.316605 2.519967 -0.090237
v 0.000000 1.094282 0.246046
v 0.000000 1.049086 -0.203687
v -0.301972 1.076935 0.020741
v 0.301972 1.076935 0.020741
v 0.722439 1.760532 0.258572
v 0.773848 1.748169 -0.309675
v 0.731481 1.443901 -0.012623
v 0.746114 2.084051 -0.064594
v 0.358917 1.736405 -0.655241
v -0.358917 1.736405 -0.655241
v 0.000000 1.397649 -0.597925
v -0.000000 2.076202 -0.661429
v -0.773848 1.748169 -0.309675
v -0.722439 1.760532 0.258572
v -0.731481 1.443901 -0.012623
v -0.746114 2.084051 -0.064594
v -0.722214 2.060315 -0.319875
v 0.336247 2.061424 -0.629536
v 0.688072 2.068860 0.224207
v 0.289521 1.145060 0.239132
v -0.283917 2.461956 0.187879
v 0.283917 2.461956 0.187879
v 0.310427 2.463764 -0.321207
v -0.310427 2.463764 -0.321207
v -0.289521 1.145060 0.239132
v -0.298456 1.097274 -0.203146
v 0.298456 1.097274 -0.203146
v 0.691684 1.575798 0.293037
v 0.710243 1.435766 -0.262578
v 0.722214 2.060315 -0.319875
v 0.335223 1.413129 -0.567000
v -0.335223 1.413129 -0.567000
v -0.336247 2.061424 -0.629536
v -0.710243 1.435766 -0.262578
v -0.685897 1.485314 0.282238
v -0.688072 2.068860 0.224207
vn -0.9980 -0.0100 0.0631
vn -0.9351 0.3519 0.0430
vn -0.8897 0.3203 -0.3253
vn -0.9468 -0.0452 -0.3186
vn -0.7015 0.7126 0.0125
vn -0.6625 0.6664 -0.3421
vn -0.5216 0.5493 -0.6528
vn -0.6222 0.2723 -0.7339
vn -0.6584 -0.0755 -0.7488
vn -0.0000 -0.0912 -0.9958
vn -0.0000 0.2702 -0.9628
vn 0.2451 0.2601 -0.9339
vn 0.2612 -0.0898 -0.9611
vn -0.0000 0.6303 -0.7764
vn 0.2521 0.6160 -0.7463
vn 0.5216 0.5493 -0.6528
vn 0.6222 0.2723 -0.7339
vn 0.6584 -0.0755 -0.7488
vn 0.9978 -0.0122 0.0657
vn 0.9351 0.3519 0.0430
vn 0.9179 0.3356 0.2117
vn 0.9747 -0.0182 0.2226
vn 0.7015 0.7126 0.0125
vn 0.6844 0.7010 0.2005
vn -0.0000 -0.9947 0.1030
vn 0.3334 -0.9320 0.1421
vn 0.3772 -0.8636 0.3345
vn -0.0000 -0.9519 0.3064
vn 0.6027 -0.7754 0.1885
vn 0.6841 -0.6534 0.3243
vn -0.0000 0.9996 -0.0299
vn -0.3590 0.9332 -0.0161
vn -0.3543 0.9143 0.1964
vn -0.0000 0.9813 0.1923
vn -0.6844 0.7010 0.2005
vn 0.3590 0.9332 -0.0161
vn 0.3543 0.9143 0.1964
vn 0.3168 0.8571 -0.4063
vn 0.6625 0.6664 -0.3421
vn -0.0000 0.8978 -0.4405
vn -0.2521 0.6160 -0.7463
vn -0.3168 0.8571 -0.4063
vn -0.6292 -0.7476 0.2128
vn -0.3252 -0.9304 0.1693
vn -0.3772 -0.8288 0.4133
vn -0.6041 -0.6670 0.4361
vn -0.4974 -0.6741 -0.5460
vn -0.2313 -0.7701 -0.5945
vn -0.2568 -0.9452 -0.2016
vn -0.5983 -0.7745 -0.2055
vn -0.0000 -0.7939 -0.6081
vn -0.0000 -0.9753 -0.2210
vn 0.2313 -0.7701 -0.5945
vn 0.2646 -0.9448 -0.1933
vn 0.4974 -0.6741 -0.5460
vn 0.6156 -0.7717 -0.1599
vn 0.8903 -0.4335 0.1396
vn 0.9026 -0.3417 0.2618
vn 0.6131 -0.4016 -0.6803
vn 0.8768 -0.4159 -0.2414
vn 0.9468 -0.0452 -0.3186
vn 0.8897 0.3203 -0.3253
vn -0.0000 -0.4234 -0.9059
vn 0.2416 -0.4129 -0.8781
vn -0.6131 -0.4016 -0.6803
vn -0.2416 -0.4129 -0.8781
vn -0.2612 -0.0898 -0.9611
vn -0.2451 0.2601 -0.9339
vn -0.9025 -0.4120 0.1258
vn -0.8781 -0.3953 -0.2697
vn -0.8358 -0.4392 0.3296
vn -0.9762 -0.0087 0.2168
vn -0.9179 0.3356 0.2117
vt 0.895349 0.821859
vt 0.920961 0.830611
vt 0.911428 0.847178
vt 0.893000 0.841998
vt 0.940775 0.848088
vt 0.926284 0.858198
vt 0.917950 0.864529
vt 0.906636 0.860066
vt 0.891617 0.856089
vt 0.886848 0.888397
vt 0.903692 0.891056
vt 0.900054 0.907623
vt 0.884007 0.905847
vt 0.919905 0.893608
vt 0.914848 0.909791
vt 0.909138 0.920682
vt 0.897008 0.921495
vt 0.881448 0.920736
vt 0.874976 0.954909
vt 0.901831 0.953829
vt 0.907095 0.986036
vt 0.865650 0.986036
vt 0.925803 0.943217
vt 0.944327 0.970768
vt 0.820489 0.877097
vt 0.820388 0.904175
vt 0.795752 0.910911
vt 0.792743 0.872000
vt 0.826372 0.921754
vt 0.822719 0.948195
vt 0.953798 0.898967
vt 0.951970 0.871914
vt 0.986278 0.863416
vt 0.984912 0.903966
vt 0.967261 0.827349
vt 0.943691 0.924086
vt 0.973461 0.942732
vt 0.928230 0.915490
vt 0.915137 0.929237
vt 0.935546 0.896074
vt 0.920058 0.876653
vt 0.934564 0.875332
vt 0.847406 0.833982
vt 0.830033 0.851829
vt 0.809454 0.836611
vt 0.843815 0.793394
vt 0.862788 0.855772
vt 0.857320 0.866507
vt 0.845416 0.861067
vt 0.856182 0.847817
vt 0.852149 0.882737
vt 0.838071 0.880296
vt 0.851693 0.899873
vt 0.838269 0.901183
vt 0.853531 0.911990
vt 0.844632 0.917534
vt 0.849122 0.945474
vt 0.841484 0.982413
vt 0.865561 0.917039
vt 0.859752 0.929255
vt 0.878538 0.934748
vt 0.897680 0.935239
vt 0.869460 0.885605
vt 0.867529 0.902735
vt 0.875552 0.854783
vt 0.873018 0.868804
vt 0.889532 0.870954
vt 0.905311 0.874184
vt 0.868590 0.824212
vt 0.873769 0.841706
vt 0.858755 0.793495
vt 0.895262 0.787401
vt 0.936149 0.800742
s 1
usemtl miku_plush
f 17/1/1 53/2/2 54/3/3 50/4/4
f 53/2/2 6/5/5 19/6/6 54/3/3
f 54/3/3 19/6/6 2/7/7 28/8/8
f 50/4/4 54/3/3 28/8/8 7/9/9
f 16/10/10 49/11/11 55/12/12 46/13/13
f 49/11/11 9/14/14 22/15/15 55/12/12
f 55/12/12 22/15/15 4/16/16 31/17/17
f 46/13/13 55/12/12 31/17/17 10/18/18
f 15/19/19 45/20/20 56/21/21 42/22/22
f 45/20/20 12/23/23 25/24/24 56/21/21
f 14/25/25 41/26/26 57/27/27 38/28/28
f 41/26/26 11/29/29 32/30/30 57/27/27
f 13/31/31 37/32/32 58/33/33 34/34/34
f 37/32/32 6/5/5 27/35/35 58/33/33
f 12/23/23 36/36/36 59/37/37 25/24/24
f 36/36/36 13/31/31 34/34/34 59/37/37
f 4/16/16 22/15/15 60/38/38 33/39/39
f 22/15/15 9/14/14 35/40/40 60/38/38
f 60/38/38 35/40/40 13/31/31 36/36/36
f 33/39/39 60/38/38 36/36/36 12/23/23
f 9/14/14 30/41/41 61/42/42 35/40/40
f 30/41/41 2/7/7 19/6/6 61/42/42
f 61/42/42 19/6/6 6/5/5 37/32/32
f 35/40/40 61/42/42 37/32/32 13/31/31
f 5/43/43 40/44/44 62/45/45 18/46/46
f 40/44/44 14/25/25 38/28/28 62/45/45
f 1/47/47 21/48/48 63/49/49 26/50/50
f 21/48/48 8/51/51 39/52/52 63/49/49
f 63/49/49 39/52/52 14/25/25 40/44/44
f 26/50/50 63/49/49 40/44/44 5/43/43
f 8/51/51 29/53/53 64/54/54 39/52/52
f 29/53/53 3/55/55 24/56/56 64/54/54
f 64/54/54 24/56/56 11/29/29 41/26/26
f 39/52/52 64/54/54 41/26/26 14/25/25
f 11/29/29 44/57/57 65/58/58 32/30/30
f 44/57/57 15/19/19 42/22/22 65/58/58
f 3/55/55 23/59/59 66/60/60 24/56/56
f 23/59/59 10/18/18 43/61/61 66/60/60
f 66/60/60 43/61/61 15/19/19 44/57/57
f 24/56/56 66/60/60 44/57/57 11/29/29
f 10/18/18 31/17/17 67/62/62 43/61/61
f 31/17/17 4/16/16 33/39/39 67/62/62
f 67/62/62 33/39/39 12/23/23 45/20/20
f 43/61/61 67/62/62 45/20/20 15/19/19
f 8/51/51 48/63/63 68/64/64 29/53/53
f 48/63/63 16/10/10 46/13/13 68/64/64
f 68/64/64 46/13/13 10/18/18 23/59/59
f 29/53/53 68/64/64 23/59/59 3/55/55
f 1/47/47 20/65/65 69/66/66 21/48/48
f 20/65/65 7/9/9 47/67/67 69/66/66
f 69/66/66 47/67/67 16/10/10 48/63/63
f 21/48/48 69/66/66 48/63/63 8/51/51
f 7/9/9 28/8/8 70/68/68 47/67/67
f 28/8/8 2/7/7 30/41/41 70/68/68
f 70/68/68 30/41/41 9/14/14 49/11/11
f 47/67/67 70/68/68 49/11/11 16/10/10
f 5/43/43 52/69/69 71/70/70 26/50/50
f 52/69/69 17/1/1 50/4/4 71/70/70
f 71/70/70 50/4/4 7/9/9 20/65/65
f 26/50/50 71/70/70 20/65/65 1/47/47
f 72/71/71 51/72/72 17/1/1 52/69/69
f 18/46/46 72/71/71 52/69/69 5/43/43
f 73/73/73 27/35/35 6/5/5 53/2/2
f 51/72/72 73/73/73 53/2/2 17/1/1
o arm
v -0.969515 0.395381 0.080928
v -0.288948 1.046601 0.080928
v -0.969515 0.395381 -0.080928
v -0.288948 1.046601 -0.080928
v -0.839094 0.284749 0.080929
v -0.249911 0.880092 0.080928
v -0.839094 0.284749 -0.080928
v -0.249911 0.880092 -0.080928
v -0.994331 0.416090 0.000000
v -0.702874 0.703983 0.080928
v -0.296579 1.078009 -0.000000
v -0.702874 0.703983 -0.080928
v -0.904473 0.339866 -0.117833
v -0.269683 0.963287 -0.117833
v -0.572452 0.593351 -0.080928
v -0.814615 0.263643 0.000000
v -0.242788 0.848565 0.000000
v -0.572452 0.593351 0.080928
v -0.904473 0.339866 0.117833
v -0.269683 0.963287 0.117833
v -0.269683 0.963287 -0.000000
v -0.607525 0.797876 -0.080928
v -0.637832 0.648468 0.117833
v -0.547973 0.572245 0.000000
v -0.637832 0.648468 -0.117833
v -0.727690 0.724692 0.000000
v -0.512177 0.891768 0.080928
v -0.512177 0.891768 -0.080928
v -0.427738 0.753020 -0.080928
v -0.427738 0.753020 0.080928
v -0.470169 0.822265 0.117833
v -0.411992 0.726670 0.000000
v -0.470169 0.822265 -0.117833
v -0.528346 0.917861 0.000000
v -0.971714 0.352136 0.056788
v -0.971714 0.352136 -0.056787
v -0.880197 0.274506 0.056788
v -0.880197 0.274506 -0.056787
v -0.989128 0.366668 0.000000
v -0.926074 0.313182 -0.082683
v -0.863020 0.259696 0.000000
v -0.926074 0.313182 0.082683
v -0.945153 0.301734 0.000000
v -0.500095 0.673186 -0.080928
v -0.500095 0.673186 0.080928
v -0.554000 0.735367 0.117833
v -0.479983 0.649458 0.000000
v -0.554000 0.735367 -0.117833
v -0.628018 0.821276 0.000000
v -0.607525 0.797876 0.080928
v 0.969515 0.395381 0.080928
v 0.288948 1.046601 0.080928
v 0.969515 0.395381 -0.080928
v 0.288948 1.046601 -0.080928
v 0.839094 0.284749 0.080929
v 0.249911 0.880092 0.080928
v 0.839094 0.284749 -0.080928
v 0.249911 0.880092 -0.080928
v 0.994331 0.416090 0.000000
v 0.702874 0.703983 0.080928
v 0.296579 1.078009 -0.000000
v 0.702874 0.703983 -0.080928
v 0.904473 0.339866 -0.117833
v 0.269683 0.963287 -0.117833
v 0.572452 0.593351 -0.080928
v 0.814615 0.263643 0.000000
v 0.242788 0.848565 0.000000
v 0.572452 0.593351 0.080928
v 0.904473 0.339866 0.117833
v 0.269683 0.963287 0.117833
v 0.269683 0.963287 -0.000000
v 0.607525 0.797876 -0.080928
v 0.637832 0.648468 0.117833
v 0.547973 0.572245 0.000000
v 0.637832 0.648468 -0.117833
v 0.727690 0.724692 0.000000
v 0.512177 0.891768 0.080928
v 0.512177 0.891768 -0.080928
v 0.427738 0.753020 -0.080928
v 0.427738 0.753020 0.080928
v 0.470169 0.822265 0.117833
v 0.411992 0.726670 0.000000
v 0.470169 0.822265 -0.117833
v 0.528346 0.917861 0.000000
v 0.971714 0.352136 0.056788
v 0.971714 0.352136 -0.056787
v 0.880197 0.274506 0.056788
v 0.880197 0.274506 -0.056787
v 0.989128 0.366668 0.000000
v 0.926074 0.313182 -0.082683
v 0.863020 0.259696 0.000000
v 0.926074 0.313182 0.082683
v 0.945153 0.301734 0.000000
v 0.500095 0.673186 -0.080928
v 0.500095 0.673186 0.080928
v 0.554000 0.735367 0.117833
v 0.479983 0.649458 0.000000
v 0.554000 0.735367 -0.117833
v 0.628018 0.821276 0.000000
v 0.607525 0.797876 0.080928
vn -0.6342 0.7732 -0.0000
vn 0.2751 0.9614 -0.0000
vn 0.3602 0.7450 -0.5615
vn -0.4722 0.5700 -0.6724
vn -0.0163 0.0190 -0.9997
vn 0.5790 0.2131 -0.7870
vn 0.8120 -0.2755 -0.5146
vn 0.4782 -0.5374 -0.6946
vn 0.6718 -0.7407 -0.0000
vn 0.8970 -0.4420 -0.0000
vn 0.8120 -0.2755 0.5146
vn 0.4782 -0.5374 0.6946
vn -0.0163 0.0190 0.9997
vn 0.5790 0.2131 0.7870
vn 0.3602 0.7450 0.5615
vn -0.4722 0.5700 0.6724
vn -0.7427 0.1619 0.6498
vn -0.9442 0.3294 -0.0000
vn -0.9454 -0.3260 -0.0000
vn -0.8371 -0.3945 0.3790
vn 0.9736 0.2283 -0.0000
vn -0.2331 -0.2710 0.9339
vn -0.5519 -0.6559 0.5150
vn -0.7427 0.1619 -0.6498
vn -0.2331 -0.2710 -0.9339
vn -0.5519 -0.6559 -0.5150
vn -0.8371 -0.3945 -0.3790
vn 0.4796 -0.8775 -0.0000
vn 0.2795 -0.7046 0.6522
vn -0.2528 -0.8918 0.3753
vn -0.1632 -0.9866 -0.0000
vn -0.0029 0.0072 1.0000
vn -0.5283 0.4949 0.6899
vn 0.5377 -0.4760 0.6959
vn 0.7512 -0.6601 -0.0000
vn 0.2795 -0.7046 -0.6522
vn 0.5377 -0.4760 -0.6959
vn -0.0029 0.0072 -1.0000
vn -0.5283 0.4949 -0.6899
vn -0.7287 0.6848 -0.0000
vn -0.5105 0.5175 0.6868
vn -0.6987 0.7154 -0.0000
vn -0.5105 0.5175 -0.6868
vn 0.0050 0.0040 -1.0000
vn 0.5392 -0.4889 -0.6857
vn 0.7456 -0.6664 -0.0000
vn 0.5392 -0.4889 0.6857
vn 0.0050 0.0040 1.0000
vn -0.6618 -0.7497 -0.0000
vn -0.2528 -0.8918 -0.3753
vn 0.6342 0.7732 -0.0000
vn 0.4722 0.5700 -0.6724
vn -0.3602 0.7450 -0.5615
vn -0.2751 0.9614 -0.0000
vn 0.0163 0.0190 -0.9997
vn -0.4782 -0.5374 -0.6946
vn -0.8120 -0.2755 -0.5146
vn -0.5790 0.2131 -0.7870
vn -0.6718 -0.7407 -0.0000
vn -0.4782 -0.5374 0.6946
vn -0.8120 -0.2755 0.5146
vn -0.8970 -0.4420 -0.0000
vn 0.0163 0.0190 0.9997
vn 0.4722 0.5700 0.6724
vn -0.3602 0.7450 0.5615
vn -0.5790 0.2131 0.7870
vn 0.7427 0.1619 0.6498
vn 0.8371 -0.3945 0.3790
vn 0.9454 -0.3260 -0.0000
vn 0.9442 0.3294 -0.0000
vn -0.9736 0.2283 -0.0000
vn 0.2331 -0.2710 0.9339
vn 0.5519 -0.6559 0.5150
vn 0.7427 0.1619 -0.6498
vn 0.8371 -0.3945 -0.3790
vn 0.5519 -0.6559 -0.5150
vn 0.2331 -0.2710 -0.9339
vn -0.4796 -0.8775 -0.0000
vn 0.1632 -0.9866 -0.0000
vn 0.2528 -0.8918 0.3753
vn -0.2795 -0.7046 0.6522
vn 0.5283 0.4949 0.6899
vn 0.0029 0.0072 1.0000
vn -0.5377 -0.4760 0.6959
vn -0.7512 -0.6601 -0.0000
vn -0.2795 -0.7046 -0.6522
vn -0.5377 -0.4760 -0.6959
vn 0.0029 0.0072 -1.0000
vn 0.5283 0.4949 -0.6899
vn 0.7287 0.6848 -0.0000
vn 0.5105 0.5175 0.6868
vn 0.6987 0.7154 -0.0000
vn 0.5105 0.5175 -0.6868
vn -0.0050 0.0040 -1.0000
vn -0.5392 -0.4889 -0.6857
vn -0.7456 -0.6664 -0.0000
vn -0.5392 -0.4889 0.6857
vn -0.0050 0.0040 1.0000
vn 0.6618 -0.7497 -0.0000
vn 0.2528 -0.8918 -0.3753
vt 0.373099 0.038257
vt 0.388295 0.038257
vt 0.388295 0.068845
vt 0.373099 0.068845
vt 0.373099 0.099434
vt 0.388295 0.099434
vt 0.388295 0.130022
vt 0.373099 0.130022
vt 0.373099 0.160610
vt 0.388295 0.160610
vt 0.388295 0.191199
vt 0.373099 0.191199
vt 0.373099 0.221787
vt 0.388295 0.221787
vt 0.388295 0.252376
vt 0.373099 0.252376
vt 0.327119 0.007669
vt 0.327119 0.038257
vt 0.418884 0.160610
vt 0.449472 0.160610
vt 0.449472 0.191199
vt 0.418884 0.191199
vt 0.418884 0.130022
vt 0.449472 0.130022
vt 0.327119 0.221787
vt 0.327119 0.252376
vt 0.327119 0.068845
vt 0.327119 0.099434
vt 0.327119 0.160610
vt 0.327119 0.191199
vt 0.357707 0.221787
vt 0.357707 0.252376
vt 0.357707 0.191199
vt 0.357707 0.160610
vt 0.327119 0.130022
vt 0.357707 0.130022
vt 0.357707 0.099434
vt 0.357707 0.068845
vt 0.357707 0.038257
vt 0.357707 0.007669
vt 0.373099 0.007669
vt 0.388295 0.007669
vt 0.365403 0.007669
vt 0.365403 0.038257
vt 0.365403 0.068845
vt 0.365403 0.099434
vt 0.365403 0.130022
vt 0.365403 0.160610
vt 0.365403 0.191199
vt 0.365403 0.221787
vt 0.365403 0.252376
vt 0.296530 0.160610
vt 0.296530 0.191199
vt 0.265942 0.160610
vt 0.265942 0.191199
vt 0.265942 0.130022
vt 0.296530 0.130022
vt 0.556629 0.038257
vt 0.556629 0.068845
vt 0.571826 0.068845
vt 0.571826 0.038257
vt 0.556629 0.099434
vt 0.556629 0.130022
vt 0.571826 0.130022
vt 0.571826 0.099434
vt 0.556629 0.160610
vt 0.556629 0.191199
vt 0.571826 0.191199
vt 0.571826 0.160610
vt 0.556629 0.221787
vt 0.556629 0.252376
vt 0.571826 0.252376
vt 0.571826 0.221787
vt 0.510649 0.007669
vt 0.510649 0.038257
vt 0.602414 0.160610
vt 0.602414 0.191199
vt 0.633002 0.191199
vt 0.633002 0.160610
vt 0.602414 0.130022
vt 0.633002 0.130022
vt 0.510649 0.221787
vt 0.510649 0.252376
vt 0.510649 0.068845
vt 0.510649 0.099434
vt 0.510649 0.160610
vt 0.510649 0.191199
vt 0.541237 0.252376
vt 0.541237 0.221787
vt 0.541237 0.191199
vt 0.541237 0.160610
vt 0.510649 0.130022
vt 0.541237 0.130022
vt 0.541237 0.099434
vt 0.541237 0.068845
vt 0.541237 0.038257
vt 0.541237 0.007669
vt 0.556629 0.007669
vt 0.571826 0.007669
vt 0.548933 0.007669
vt 0.548933 0.038257
vt 0.548933 0.068845
vt 0.548933 0.099434
vt 0.548933 0.130022
vt 0.548933 0.160610
vt 0.548933 0.191199
vt 0.548933 0.221787
vt 0.548933 0.252376
vt 0.480060 0.160610
vt 0.480060 0.191199
vt 0.480060 0.130022
s 1
usemtl miku_plush
f 107/74/74 84/75/75 77/76/76 101/77/77
f 106/78/78 87/79/79 81/80/80 102/81/81
f 105/82/82 90/83/83 79/84/84 103/85/85
f 104/86/86 93/87/87 75/88/88 100/89/89
f 74/90/90 82/91/91 112/91/92 108/90/93
f 94/92/94 84/93/75 75/94/88 93/95/87
f 90/83/83 94/92/94 93/95/87 79/84/84
f 81/80/80 87/96/79 94/92/94 90/83/83
f 87/96/79 77/97/76 84/93/75 94/92/94
f 92/98/95 74/99/90 108/99/93 115/98/96
f 76/100/97 86/101/98 113/101/99 109/100/100
f 89/102/101 78/103/102 110/103/103 114/102/104
f 92/98/95 96/104/105 83/105/106 74/99/90
f 78/103/102 91/106/107 96/104/105 92/98/95
f 103/85/85 79/84/84 93/87/87 104/86/86
f 89/102/101 97/107/108 91/106/107 78/103/102
f 80/108/109 88/109/110 97/107/108 89/102/101
f 102/81/81 81/80/80 90/83/83 105/82/82
f 86/101/98 98/110/111 88/109/110 80/108/109
f 76/100/97 85/111/112 98/110/111 86/101/98
f 101/77/77 77/76/76 87/79/79 106/78/78
f 82/91/91 99/112/113 85/111/112 76/100/97
f 74/90/90 83/113/106 99/112/113 82/91/91
f 100/114/89 75/115/88 84/75/75 107/74/74
f 123/116/114 100/114/89 107/74/74 122/117/115
f 95/118/116 101/77/77 106/78/78 121/119/117
f 117/120/118 102/81/81 105/82/82 120/121/119
f 118/122/120 103/85/85 104/86/86 119/123/121
f 119/123/121 104/86/86 100/89/89 123/124/114
f 120/121/119 105/82/82 103/85/85 118/122/120
f 121/119/117 106/78/78 102/81/81 117/120/118
f 122/117/115 107/74/74 101/77/77 95/118/116
f 116/125/122 114/102/104 110/103/103 115/126/96
f 112/127/92 116/125/122 115/126/96 108/128/93
f 109/129/100 113/130/99 116/125/122 112/127/92
f 113/130/99 111/108/123 114/102/104 116/125/122
f 80/108/109 89/102/101 114/102/104 111/108/123
f 86/101/98 80/108/109 111/108/123 113/101/99
f 82/91/91 76/100/97 109/100/100 112/91/92
f 78/103/102 92/98/95 115/98/96 110/103/103
f 99/112/113 122/117/115 95/118/116 85/111/112
f 98/110/111 121/119/117 117/120/118 88/109/110
f 97/107/108 120/121/119 118/122/120 91/106/107
f 96/104/105 119/123/121 123/124/114 83/105/106
f 91/106/107 118/122/120 119/123/121 96/104/105
f 88/109/110 117/120/118 120/121/119 97/107/108
f 85/111/112 95/118/116 121/119/117 98/110/111
f 83/113/106 123/116/114 122/117/115 99/112/113
f 157/131/124 151/132/125 127/133/126 134/134/127
f 156/135/128 152/136/129 131/137/130 137/138/131
f 155/139/132 153/140/133 129/141/134 140/142/135
f 154/143/136 150/144/137 125/145/138 143/146/139
f 124/147/140 158/147/141 162/148/142 132/148/143
f 144/149/144 143/150/139 125/151/138 134/152/127
f 140/142/135 129/141/134 143/150/139 144/149/144
f 131/137/130 140/142/135 144/149/144 137/153/131
f 137/153/131 144/149/144 134/152/127 127/154/126
f 142/155/145 165/155/146 158/156/141 124/156/140
f 126/157/147 159/157/148 163/158/149 136/158/150
f 139/159/151 164/159/152 160/160/153 128/160/154
f 142/155/145 124/156/140 133/161/155 146/162/156
f 128/160/154 142/155/145 146/162/156 141/163/157
f 153/140/133 154/143/136 143/146/139 129/141/134
f 139/159/151 128/160/154 141/163/157 147/164/158
f 130/165/159 139/159/151 147/164/158 138/166/160
f 152/136/129 155/139/132 140/142/135 131/137/130
f 136/158/150 130/165/159 138/166/160 148/167/161
f 126/157/147 136/158/150 148/167/161 135/168/162
f 151/132/125 156/135/128 137/138/131 127/133/126
f 132/148/143 126/157/147 135/168/162 149/169/163
f 124/147/140 132/148/143 149/169/163 133/170/155
f 150/171/137 157/131/124 134/134/127 125/172/138
f 173/173/164 172/174/165 157/131/124 150/171/137
f 145/175/166 171/176/167 156/135/128 151/132/125
f 167/177/168 170/178/169 155/139/132 152/136/129
f 168/179/170 169/180/171 154/143/136 153/140/133
f 169/180/171 173/181/164 150/144/137 154/143/136
f 170/178/169 168/179/170 153/140/133 155/139/132
f 171/176/167 167/177/168 152/136/129 156/135/128
f 172/174/165 145/175/166 151/132/125 157/131/124
f 166/182/172 165/183/146 160/160/153 164/159/152
f 162/93/142 158/94/141 165/183/146 166/182/172
f 159/97/148 162/93/142 166/182/172 163/184/149
f 163/184/149 166/182/172 164/159/152 161/165/173
f 130/165/159 161/165/173 164/159/152 139/159/151
f 136/158/150 163/158/149 161/165/173 130/165/159
f 132/148/143 162/148/142 159/157/148 126/157/147
f 128/160/154 160/160/153 165/155/146 142/155/145
f 149/169/163 135/168/162 145/175/166 172/174/165
f 148/167/161 138/166/160 167/177/168 171/176/167
f 147/164/158 141/163/157 168/179/170 170/178/169
f 146/162/156 133/161/155 173/181/164 169/180/171
f 141/163/157 146/162/156 169/180/171 168/179/170
f 138/166/160 147/164/158 170/178/169 167/177/168
f 135/168/162 148/167/161 171/176/167 145/175/166
f 133/170/155 149/169/163 172/174/165 173/173/164
o sleeve
v -0.980878 0.410016 0.104532
v -0.980878 0.410016 -0.104531
v -0.812418 0.267119 0.104532
v -0.812418 0.267119 -0.104531
v -1.012932 0.436765 0.000000
v -0.708811 0.712315 0.086409
v -0.708811 0.712315 -0.086409
v -0.896866 0.338311 -0.152199
v -0.569557 0.594191 -0.086409
v -0.780800 0.239857 0.000000
v -0.569557 0.594191 0.086409
v -0.896866 0.338311 0.152199
v -0.614076 0.805738 -0.089150
v -0.639364 0.653041 0.125813
v -0.543420 0.571655 0.000000
v -0.639364 0.653041 -0.125813
v -0.735307 0.734426 0.000000
v -1.040077 0.337014 0.103804
v -1.040077 0.337014 -0.103804
v -0.872790 0.195110 0.103804
v -0.872790 0.195110 -0.103804
v -1.071908 0.363577 0.000000
v -0.956650 0.265807 -0.151140
v -0.841391 0.168038 0.000000
v -0.956650 0.265807 0.151140
v -0.495732 0.668380 -0.089150
v -0.495732 0.668380 0.089150
v -0.555113 0.736879 0.129804
v -0.473576 0.642242 0.000000
v -0.555113 0.736879 -0.129804
v -0.636651 0.831516 0.000000
v -0.614076 0.805738 0.089150
v 0.980878 0.410016 0.104532
v 0.980878 0.410016 -0.104531
v 0.812418 0.267119 0.104532
v 0.812418 0.267119 -0.104531
v 1.012932 0.436765 0.000000
v 0.708811 0.712315 0.086409
v 0.708811 0.712315 -0.086409
v 0.896866 0.338311 -0.152199
v 0.569557 0.594191 -0.086409
v 0.780800 0.239857 0.000000
v 0.569557 0.594191 0.086409
v 0.896866 0.338311 0.152199
v 0.614076 0.805738 -0.089150
v 0.639364 0.653041 0.125813
v 0.543420 0.571655 0.000000
v 0.639364 0.653041 -0.125813
v 0.735307 0.734426 0.000000
v 1.040077 0.337014 0.103804
v 1.040077 0.337014 -0.103804
v 0.872790 0.195110 0.103804
v 0.872790 0.195110 -0.103804
v 1.071908 0.363577 0.000000
v 0.956650 0.265807 -0.151140
v 0.841391 0.168038 0.000000
v 0.956650 0.265807 0.151140
v 0.495732 0.668380 -0.089150
v 0.495732 0.668380 0.089150
v 0.555113 0.736879 0.129804
v 0.473576 0.642242 0.000000
v 0.555113 0.736879 -0.129804
v 0.636651 0.831516 0.000000
v 0.614076 0.805738 0.089150
vn -0.5365 0.4752 0.6974
vn -0.7556 0.6551 -0.0000
vn -0.7787 0.6275 -0.0000
vn -0.5589 0.4463 0.6989
vn 0.0174 0.0199 0.9996
vn -0.0046 -0.0108 0.9999
vn -0.5365 0.4752 -0.6974
vn 0.0174 0.0199 -0.9996
vn -0.0046 -0.0108 -0.9999
vn -0.5589 0.4463 -0.6989
vn 0.7891 -0.6142 -0.0000
vn 0.5709 -0.4347 0.6966
vn 0.5470 -0.4657 0.6956
vn 0.7643 -0.6448 -0.0000
vn 0.0022 0.0244 0.9997
vn -0.5202 0.5084 0.6862
vn 0.5457 -0.4612 0.6997
vn 0.7624 -0.6471 -0.0000
vn 0.5709 -0.4347 -0.6966
vn 0.5457 -0.4612 -0.6997
vn 0.0022 0.0244 -0.9997
vn -0.5202 0.5084 -0.6862
vn -0.7183 0.6957 -0.0000
vn 0.5470 -0.4657 -0.6956
vn -0.7046 0.7096 -0.0000
vn -0.5216 0.5073 -0.6860
vn -0.0323 -0.0062 -0.9995
vn 0.4907 -0.5137 -0.7038
vn 0.7061 -0.7081 -0.0000
vn 0.4907 -0.5137 0.7038
vn -0.0323 -0.0062 0.9995
vn -0.5216 0.5073 0.6860
vn 0.5365 0.4752 0.6974
vn 0.5589 0.4463 0.6989
vn 0.7787 0.6275 -0.0000
vn 0.7556 0.6551 -0.0000
vn -0.0174 0.0199 0.9996
vn 0.0046 -0.0108 0.9999
vn 0.5365 0.4752 -0.6974
vn 0.5589 0.4463 -0.6989
vn 0.0046 -0.0108 -0.9999
vn -0.0174 0.0199 -0.9996
vn -0.7891 -0.6142 -0.0000
vn -0.7643 -0.6448 -0.0000
vn -0.5470 -0.4657 0.6956
vn -0.5709 -0.4347 0.6966
vn 0.5202 0.5084 0.6862
vn -0.0022 0.0244 0.9997
vn -0.5457 -0.4612 0.6997
vn -0.7624 -0.6471 -0.0000
vn -0.5709 -0.4347 -0.6966
vn -0.5457 -0.4612 -0.6997
vn -0.0022 0.0244 -0.9997
vn 0.5202 0.5084 -0.6862
vn 0.7183 0.6957 -0.0000
vn -0.5470 -0.4657 -0.6956
vn 0.5216 0.5073 -0.6860
vn 0.7046 0.7096 -0.0000
vn -0.4907 -0.5137 -0.7038
vn 0.0323 -0.0062 -0.9995
vn -0.4907 -0.5137 0.7038
vn -0.7061 -0.7081 -0.0000
vn 0.5216 0.5073 0.6860
vn 0.0323 -0.0062 0.9995
vt 0.029259 0.151471
vt 0.059408 0.151471
vt 0.059251 0.176606
vt 0.029311 0.176606
vt 0.006476 0.150871
vt 0.006687 0.176011
vt 0.159651 0.149898
vt 0.191872 0.150253
vt 0.191872 0.175413
vt 0.159876 0.175060
vt 0.136078 0.146099
vt 0.157979 0.145994
vt 0.157857 0.171163
vt 0.136108 0.171267
vt 0.013426 0.041979
vt 0.032259 0.042474
vt 0.192867 0.149069
vt 0.196506 0.040143
vt 0.223142 0.039995
vt 0.225089 0.148889
vt 0.132734 0.037191
vt 0.150838 0.037104
vt 0.105929 0.146015
vt 0.107812 0.037122
vt 0.083149 0.146099
vt 0.088982 0.037191
vt 0.161549 0.040944
vt 0.188183 0.041238
vt 0.057181 0.042474
vt 0.075282 0.041774
vt 0.081305 0.150623
vt 0.106169 0.171184
vt 0.083548 0.171267
vt 0.080996 0.175765
vt 0.224865 0.174060
vt 0.192867 0.174239
vt 0.055840 0.005470
vt 0.074689 0.006191
vt 0.088971 0.005470
vt 0.107944 0.009177
vt 0.133479 0.010672
vt 0.152335 0.009159
vt 0.011345 0.010210
vt 0.030301 0.006913
vt 0.194523 0.012214
vt 0.220840 0.008291
vt 0.165037 0.005470
vt 0.191333 0.009543
s 1
usemtl miku_plush
f 174/185/174 178/186/175 195/187/176 191/188/177
f 185/189/178 174/185/174 191/188/177 198/190/179
f 175/191/180 181/192/181 196/193/182 192/194/183
f 183/195/184 176/196/185 193/197/186 197/198/187
f 185/189/178 187/199/188 179/200/189 174/185/174
f 176/201/185 184/202/190 187/203/188 185/204/178
f 183/195/184 188/205/191 184/206/190 176/196/185
f 177/207/192 182/208/193 188/205/191 183/195/184
f 181/209/181 189/210/194 182/208/193 177/207/192
f 175/191/180 180/211/195 189/212/194 181/192/181
f 178/186/175 190/213/196 180/214/195 175/215/180
f 174/185/174 179/200/189 190/213/196 178/186/175
f 177/207/192 183/195/184 197/198/187 194/216/197
f 181/209/181 177/207/192 194/216/197 196/217/182
f 178/186/175 175/215/180 192/218/183 195/187/176
f 176/201/185 185/204/178 198/219/179 193/220/186
f 190/213/196 204/221/198 186/222/199 180/214/195
f 189/210/194 203/223/200 199/224/201 182/208/193
f 188/205/191 202/225/202 200/226/203 184/206/190
f 187/199/188 201/227/204 205/228/205 179/200/189
f 184/202/190 200/229/203 201/230/204 187/203/188
f 182/208/193 199/224/201 202/225/202 188/205/191
f 180/211/195 186/231/199 203/232/200 189/212/194
f 179/200/189 205/228/205 204/221/198 190/213/196
f 206/185/206 223/188/207 227/187/208 210/186/209
f 217/189/210 230/190/211 223/188/207 206/185/206
f 207/191/212 224/194/213 228/193/214 213/192/215
f 215/195/216 229/198/217 225/197/218 208/196/219
f 217/189/210 206/185/206 211/200/220 219/199/221
f 208/201/219 217/204/210 219/203/221 216/202/222
f 215/195/216 208/196/219 216/206/222 220/205/223
f 209/207/224 215/195/216 220/205/223 214/208/225
f 213/209/215 209/207/224 214/208/225 221/210/226
f 207/191/212 213/192/215 221/212/226 212/211/227
f 210/186/209 207/215/212 212/214/227 222/213/228
f 206/185/206 210/186/209 222/213/228 211/200/220
f 209/207/224 226/216/229 229/198/217 215/195/216
f 213/209/215 228/217/214 226/216/229 209/207/224
f 210/186/209 227/187/208 224/218/213 207/215/212
f 208/201/219 225/220/218 230/219/211 217/204/210
f 222/213/228 212/214/227 218/222/230 236/221/231
f 221/210/226 214/208/225 231/224/232 235/223/233
f 220/205/223 216/206/222 232/226/234 234/225/235
f 219/199/221 211/200/220 237/228/236 233/227/237
f 216/202/222 219/203/221 233/230/237 232/229/234
f 214/208/225 220/205/223 234/225/235 231/224/232
f 212/211/227 221/212/226 235/232/233 218/231/230
f 211/200/220 222/213/228 236/221/231 237/228/236
o headphones
v -0.805773 1.265986 -0.199780
v -0.863481 1.497842 -0.219291
v -0.599825 1.208151 -0.304207
v -0.711208 1.655659 -0.341867
v -0.805773 1.285624 0.033582
v -0.863481 1.517480 0.014071
v -0.599825 1.246054 0.146207
v -0.711208 1.693563 0.108548
v -0.711988 1.210551 -0.273006
v -0.834627 1.377579 -0.261049
v -0.807949 1.596098 -0.305451
v -0.655516 1.423538 -0.422464
v -0.577092 1.135769 -0.071314
v -0.733940 1.765945 -0.124345
v -0.655516 1.478176 0.226804
v -0.711988 1.243207 0.115044
v -0.807949 1.628754 0.082599
v -0.834627 1.405887 0.075340
v -0.793995 1.228484 -0.079116
v -0.875259 1.554981 -0.106592
v -0.827534 1.691113 -0.118048
v -0.692403 1.148191 -0.072360
v -0.857522 1.379565 -0.091830
v -0.759969 1.443189 0.184482
v -0.655516 1.450857 -0.097830
v -0.759969 1.396116 -0.374889
v 0.805773 1.265986 -0.199780
v 0.863481 1.497842 -0.219291
v 0.599825 1.208151 -0.304207
v 0.711208 1.655659 -0.341867
v 0.805773 1.285624 0.033582
v 0.863481 1.517480 0.014071
v 0.599825 1.246054 0.146207
v 0.711208 1.693563 0.108548
v 0.711988 1.210551 -0.273006
v 0.834627 1.377579 -0.261049
v 0.807949 1.596098 -0.305451
v 0.655516 1.423538 -0.422464
v 0.577092 1.135769 -0.071314
v 0.733940 1.765945 -0.124345
v 0.655516 1.478176 0.226804
v 0.711988 1.243207 0.115044
v 0.807949 1.628754 0.082599
v 0.834627 1.405887 0.075340
v 0.793995 1.228484 -0.079116
v 0.875259 1.554981 -0.106592
v 0.827534 1.691113 -0.118048
v 0.692403 1.148191 -0.072360
v 0.857522 1.379565 -0.091830
v 0.759969 1.443189 0.184482
v 0.655516 1.450857 -0.097830
v 0.759969 1.396116 -0.374889
vn -0.5732 -0.2132 -0.7912
vn -0.7291 0.3484 -0.5891
vn 0.3031 0.6724 -0.6753
vn 0.4599 0.0488 -0.8866
vn 0.9706 0.2399 -0.0202
vn 0.2348 0.9686 -0.0815
vn 0.3031 0.7758 0.5534
vn 0.4599 0.1963 0.8660
vn -0.5732 -0.0780 0.8157
vn -0.7291 0.4419 0.5226
vn -0.9554 0.0802 0.2843
vn -0.8839 -0.1931 0.4260
vn -0.9693 -0.2449 0.0206
vn -0.9884 0.1513 -0.0127
vn -0.9554 0.0316 -0.2937
vn -0.8839 -0.2616 -0.3877
vn -0.3444 -0.9355 0.0787
vn -0.4103 -0.6553 0.6342
vn -0.7961 -0.4953 0.3476
vn -0.7732 -0.6319 0.0532
vn -0.7919 0.6084 -0.0512
vn -0.4103 -0.7521 -0.5158
vn -0.7961 -0.5464 -0.2599
vn 0.6260 -0.5284 -0.5735
vn 0.6891 -0.7221 0.0608
vn 0.6260 -0.4252 0.6537
vn 0.5732 -0.2132 -0.7912
vn -0.4599 0.0488 -0.8866
vn -0.3031 0.6724 -0.6753
vn 0.7291 0.3484 -0.5891
vn -0.9706 0.2399 -0.0202
vn -0.4599 0.1963 0.8660
vn -0.3031 0.7758 0.5534
vn -0.2348 0.9686 -0.0815
vn 0.5732 -0.0780 0.8157
vn 0.8839 -0.1931 0.4260
vn 0.9554 0.0802 0.2843
vn 0.7291 0.4419 0.5226
vn 0.9693 -0.2449 0.0206
vn 0.8839 -0.2616 -0.3877
vn 0.9554 0.0316 -0.2937
vn 0.9884 0.1513 -0.0127
vn 0.3444 -0.9355 0.0787
vn 0.7732 -0.6319 0.0532
vn 0.7961 -0.4953 0.3476
vn 0.4103 -0.6553 0.6342
vn 0.7919 0.6084 -0.0512
vn 0.4103 -0.7521 -0.5158
vn 0.7961 -0.5464 -0.2599
vn -0.6260 -0.5284 -0.5735
vn -0.6891 -0.7221 0.0608
vn -0.6260 -0.4252 0.6537
vt 0.578148 0.901004
vt 0.603584 0.884847
vt 0.610918 0.883948
vt 0.631588 0.899605
vt 0.631588 0.862305
vt 0.609666 0.862305
vt 0.610918 0.840661
vt 0.631588 0.825004
vt 0.578148 0.823606
vt 0.603584 0.839762
vt 0.593826 0.843970
vt 0.581539 0.836508
vt 0.581564 0.862305
vt 0.596819 0.862305
vt 0.593826 0.880640
vt 0.581539 0.888102
vt 0.651652 0.862305
vt 0.652307 0.842713
vt 0.659020 0.847309
vt 0.657228 0.862305
vt 0.604535 0.862305
vt 0.652307 0.881897
vt 0.659020 0.877301
vt 0.646130 0.882094
vt 0.647119 0.862305
vt 0.646130 0.842515
vt 0.570887 0.862305
vt 0.572679 0.877301
vt 0.572679 0.847309
vt 0.664489 0.823606
vt 0.667880 0.836508
vt 0.664489 0.901004
vt 0.667880 0.888102
s 1
usemtl miku_plush
f 263/233/238 248/234/239 241/235/240 249/236/241
f 262/237/242 251/238/243 245/239/244 252/240/245
f 261/241/246 254/242/247 243/243/248 255/244/249
f 260/245/250 257/246/251 239/247/252 247/248/253
f 259/249/254 253/250/255 242/251/256 256/252/257
f 258/253/258 248/234/239 239/247/252 257/246/251
f 254/242/247 258/253/258 257/246/251 243/243/248
f 245/239/244 251/238/243 258/253/258 254/242/247
f 251/238/243 241/235/240 248/234/239 258/253/258
f 246/254/259 259/249/254 256/252/257 238/255/260
f 240/256/261 250/257/262 259/249/254 246/254/259
f 250/257/262 244/258/263 253/250/255 259/249/254
f 256/259/257 260/245/250 247/248/253 238/260/260
f 242/261/256 255/244/249 260/245/250 256/259/257
f 255/244/249 243/243/248 257/246/251 260/245/250
f 253/250/255 261/262/246 255/263/249 242/251/256
f 244/258/263 252/240/245 261/262/246 253/250/255
f 252/240/245 245/239/244 254/242/247 261/241/246
f 250/257/262 262/237/242 252/240/245 244/258/263
f 240/256/261 249/236/241 262/237/242 250/257/262
f 249/236/241 241/235/240 251/238/243 262/237/242
f 246/254/259 263/264/238 249/236/241 240/256/261
f 238/255/260 247/265/253 263/264/238 246/254/259
f 247/248/253 239/247/252 248/234/239 263/233/238
f 289/233/264 275/236/265 267/235/266 274/234/267
f 288/237/268 278/240/269 271/239/270 277/238/271
f 287/241/272 281/244/273 269/243/274 280/242/275
f 286/245/276 273/248/277 265/247/278 283/246/279
f 285/249/280 282/252/281 268/251/282 279/250/283
f 284/253/284 283/246/279 265/247/278 274/234/267
f 280/242/275 269/243/274 283/246/279 284/253/284
f 271/239/270 280/242/275 284/253/284 277/238/271
f 277/238/271 284/253/284 274/234/267 267/235/266
f 272/254/285 264/255/286 282/252/281 285/249/280
f 266/256/287 272/254/285 285/249/280 276/257/288
f 276/257/288 285/249/280 279/250/283 270/258/289
f 282/259/281 264/260/286 273/248/277 286/245/276
f 268/261/282 282/259/281 286/245/276 281/244/273
f 281/244/273 286/245/276 283/246/279 269/243/274
f 279/250/283 268/251/282 281/263/273 287/262/272
f 270/258/289 279/250/283 287/262/272 278/240/269
f 278/240/269 287/241/272 280/242/275 271/239/270
f 276/257/288 270/258/289 278/240/269 288/237/268
f 266/256/287 276/257/288 288/237/268 275/236/265
f 275/236/265 288/237/268 277/238/271 267/235/266
f 272/254/285 266/256/287 275/236/265 289/264/264
f 264/255/286 272/254/285 289/264/264 273/265/277
f 273/248/277 289/233/264 274/234/267 265/247/278
o hair_front
v -0.738441 1.991491 0.232208
v 0.748991 2.002004 0.231323
v -0.477326 2.414507 0.196610
v 0.477326 2.414507 0.196610
v -0.677778 2.222710 0.212750
v 0.226827 2.166013 0.576175
v 0.677778 2.222710 0.212750
v 0.000000 2.574829 0.183118
v -0.050074 2.402290 0.426046
v -0.374495 2.104062 0.484775
v -0.743716 1.694501 0.257200
v -0.495821 1.779134 0.492307
v -0.672503 1.304905 0.282590
v -0.556484 1.405418 0.423324
v -0.625027 1.172274 0.247702
v -0.585497 1.293266 0.348718
v 0.200451 1.914802 0.605220
v -0.240421 1.728095 0.577760
v 0.174076 1.694146 0.578000
v -0.040410 1.456292 0.598016
v 0.147701 1.546274 0.576921
v 0.095862 1.398217 0.589381
v 0.755584 1.837509 0.242411
v 0.510360 1.788873 0.471752
v 0.759980 1.620736 0.235109
v 0.646632 1.536742 0.385023
v 0.762989 1.453340 0.154935
v 0.713747 1.358395 0.305770
v -0.725703 1.987915 0.217209
v 0.736629 1.998274 0.216049
v -0.469613 2.402348 0.182729
v 0.469717 2.401576 0.183385
v -0.667072 2.215285 0.197576
v 0.223187 2.157338 0.558526
v 0.666754 2.215123 0.197887
v -0.000433 2.558569 0.171480
v -0.048461 2.388932 0.411249
v -0.366790 2.097004 0.467721
v -0.729641 1.694387 0.242991
v -0.482451 1.777133 0.477568
v -0.659609 1.309879 0.268133
v -0.542667 1.407564 0.409025
v -0.613152 1.179583 0.233364
v -0.573622 1.300575 0.334380
v 0.202469 1.912715 0.585432
v -0.238789 1.726472 0.557893
v 0.173714 1.694351 0.558005
v -0.041407 1.456352 0.578041
v 0.145567 1.546073 0.557037
v 0.093728 1.398016 0.569496
v 0.741765 1.836007 0.228031
v 0.497449 1.785846 0.456780
v 0.744011 1.620189 0.223081
v 0.630570 1.536250 0.373116
v 0.745246 1.453987 0.145728
v 0.696004 1.359042 0.296563
vn 0.8565 0.5152 0.0320
vn 0.5341 0.8433 -0.0598
vn 0.2723 0.2428 0.9311
vn -0.5508 0.8343 -0.0253
vn -0.8620 0.5047 0.0475
vn -0.3844 0.1791 0.9056
vn -0.9849 0.1619 0.0611
vn 0.9782 0.1935 0.0750
vn 0.0063 -0.0996 0.9950
vn -0.0807 0.6679 0.7399
vn -0.9971 -0.0723 0.0232
vn -0.9578 -0.2716 0.0939
vn 0.0347 -0.3545 0.9344
vn -0.2951 -0.9555 0.0061
vn 0.1069 -0.6193 0.7779
vn -0.6955 -0.2959 0.6547
vn 0.6390 -0.0008 0.7692
vn -0.4288 -0.5927 0.6818
vn 0.7265 -0.1188 0.6768
vn 0.3881 -0.7429 0.5455
vn 0.7711 -0.1815 0.6103
vn 0.0768 -0.2726 0.9591
vn 0.9977 0.0584 0.0339
vn 0.2334 -0.3317 0.9141
vn 0.9895 0.1406 -0.0331
vn 0.4040 -0.8000 0.4435
vn 0.8542 -0.2788 -0.4389
vn 0.0155 0.9916 -0.1280
vn 0.1519 0.0310 -0.9879
vn -0.0335 -0.7388 -0.6731
vn 0.0454 0.0132 -0.9989
vn -0.0481 0.0532 -0.9974
vn 0.3332 -0.5870 -0.7379
vn -0.1861 0.0319 -0.9820
vn -0.1310 -0.0842 -0.9878
vn 0.1508 -0.0608 -0.9867
vn 0.9686 -0.2463 -0.0327
vn 0.0806 -0.6681 -0.7397
vn 0.9746 -0.2234 -0.0154
vn -0.0938 0.0738 -0.9928
vn -0.0577 -0.0864 -0.9946
vn 0.9703 -0.1322 -0.2026
vn 0.3565 -0.5379 -0.7640
vn 0.7673 -0.1460 -0.6244
vn -0.5980 -0.4056 -0.6914
vn 0.6845 -0.1027 -0.7217
vn -0.5128 -0.5949 -0.6189
vn 0.6230 -0.1948 -0.7576
vn 0.2657 -0.7578 -0.5960
vn 0.0155 -0.0476 -0.9987
vn -0.8600 -0.5008 -0.0978
vn -0.1693 0.1357 -0.9762
vn -0.9182 -0.3840 0.0971
vn -0.1878 -0.2336 -0.9540
vn -0.6115 -0.7866 -0.0861
vn -0.0176 0.0119 -0.9998
vt 0.936389 0.952253
vt 0.909211 0.970620
vt 0.876228 0.919102
vt 0.794948 0.972626
vt 0.767430 0.954748
vt 0.805583 0.922266
vt 0.752290 0.930813
vt 0.951866 0.929568
vt 0.779845 0.890394
vt 0.846125 0.952287
vt 0.739023 0.898210
vt 0.727611 0.852765
vt 0.752130 0.854656
vt 0.725157 0.836694
vt 0.742458 0.844993
vt 0.815947 0.876007
vt 0.869498 0.890474
vt 0.834457 0.841562
vt 0.862876 0.865438
vt 0.849179 0.832740
vt 0.857563 0.848896
vt 0.925503 0.890367
vt 0.959440 0.911625
vt 0.954768 0.870548
vt 0.970896 0.888723
vt 0.969561 0.853967
vt 0.981411 0.872296
vt 0.852105 0.986074
s 1
usemtl miku_plush
f 296/266/290 293/267/291 295/268/292
f 292/269/293 294/270/294 299/271/295
f 290/272/296 299/271/295 294/270/294
f 291/273/297 296/266/290 295/268/292
f 299/271/295 290/272/296 301/274/298
f 298/275/299 299/271/295 295/268/292
f 301/274/298 300/276/300 302/277/301 303/278/302
f 303/278/302 302/277/301 304/279/303 305/280/304
f 295/268/292 299/271/295 307/281/305 306/282/306
f 306/282/306 307/281/305 309/283/307 308/284/308
f 308/284/308 309/283/307 311/285/309 310/286/310
f 291/273/297 313/287/311 312/288/312
f 312/288/312 313/287/311 315/289/313 314/290/314
f 314/290/314 315/289/313 317/291/315 316/292/316
f 292/269/293 299/271/295 298/275/299
f 295/268/292 293/267/291 298/275/299
f 292/269/293 298/275/299 297/293/317
f 293/267/291 297/293/317 298/275/299
f 313/287/311 291/273/297 295/268/292
f 301/274/298 290/272/296 300/276/300
f 324/266/318 323/268/319 321/267/320
f 320/269/321 327/271/322 322/270/323
f 318/272/324 322/270/323 327/271/322
f 319/273/325 323/268/319 324/266/318
f 327/271/322 329/274/326 318/272/324
f 326/275/327 323/268/319 327/271/322
f 329/274/326 331/278/328 330/277/329 328/276/330
f 331/278/328 333/280/331 332/279/332 330/277/329
f 323/268/319 334/282/333 335/281/334 327/271/322
f 334/282/333 336/284/335 337/283/336 335/281/334
f 336/284/335 338/286/337 339/285/338 337/283/336
f 319/273/325 340/288/339 341/287/340
f 340/288/339 342/290/341 343/289/342 341/287/340
f 342/290/341 344/292/343 345/291/344 343/289/342
f 320/269/321 326/275/327 327/271/322
f 323/268/319 326/275/327 321/267/320
f 320/269/321 325/293/345 326/275/327
f 321/267/320 326/275/327 325/293/345
f 341/287/340 323/268/319 319/273/325
f 329/274/326 328/276/330 318/272/324
f 290/272/296 294/270/294 322/270/323 318/272/324
f 293/267/291 296/266/290 324/266/318 321/267/320
f 292/269/293 297/293/317 325/293/345 320/269/321
f 294/270/294 292/269/293 320/269/321 322/270/323
f 296/266/290 291/273/297 319/273/325 324/266/318
f 297/293/317 293/267/291 321/267/320 325/293/345
f 300/276/300 290/272/296 318/272/324 328/276/330
f 299/271/295 301/274/298 329/274/326 327/271/322
f 302/277/301 300/276/300 328/276/330 330/277/329
f 301/274/298 303/278/302 331/278/328 329/274/326
f 305/280/304 304/279/303 332/279/332 333/280/331
f 304/279/303 302/277/301 330/277/329 332/279/332
f 303/278/302 305/280/304 333/280/331 331/278/328
f 307/281/305 299/271/295 327/271/322 335/281/334
f 295/268/292 306/282/306 334/282/333 323/268/319
f 309/283/307 307/281/305 335/281/334 337/283/336
f 306/282/306 308/284/308 336/284/335 334/282/333
f 310/286/310 311/285/309 339/285/338 338/286/337
f 311/285/309 309/283/307 337/283/336 339/285/338
f 308/284/308 310/286/310 338/286/337 336/284/335
f 313/287/311 295/268/292 323/268/319 341/287/340
f 291/273/297 312/288/312 340/288/339 319/273/325
f 315/289/313 313/287/311 341/287/340 343/289/342
f 312/288/312 314/290/314 342/290/341 340/288/339
f 316/292/316 317/291/315 345/291/344 344/292/343
f 317/291/315 315/289/313 343/289/342 345/291/344
f 314/290/314 316/292/316 344/292/343 342/290/341
o collar
v -0.382785 1.041517 0.144473
v -0.192605 0.905309 0.320162
v -0.236181 1.156871 0.144473
v -0.056397 1.067636 0.294105
v -0.314681 1.122680 0.144473
v -0.311570 0.973413 0.235360
v -0.129579 0.996629 0.320162
v -0.186701 1.109079 0.212863
v -0.244736 1.063463 0.235360
v -0.392424 1.055046 0.062463
v -0.253319 1.170399 0.062463
v -0.324320 1.136209 0.062463
v -0.395118 1.050566 -0.033036
v -0.256059 1.165919 -0.033036
v -0.327014 1.131729 -0.033036
v -0.372290 1.041570 -0.137396
v -0.240697 1.156923 -0.137396
v -0.304186 1.122733 -0.137396
v -0.330503 1.031196 -0.238410
v -0.211363 1.144877 -0.224559
v -0.262399 1.112359 -0.238410
v -0.195611 1.029358 -0.323830
v -0.144633 1.144711 -0.268544
v -0.160034 1.110521 -0.304256
v 0.000000 1.035442 -0.340000
v 0.000000 1.147885 -0.268544
v 0.000000 1.115442 -0.306049
v 0.382785 1.041517 0.144473
v 0.192605 0.905309 0.320162
v 0.236181 1.156871 0.144473
v 0.056397 1.067636 0.294105
v 0.314681 1.122680 0.144473
v 0.311570 0.973413 0.235360
v 0.129579 0.996629 0.320162
v 0.186701 1.109079 0.212863
v 0.244736 1.063463 0.235360
v 0.392424 1.055046 0.062463
v 0.253319 1.170399 0.062463
v 0.324320 1.136209 0.062463
v 0.395118 1.050566 -0.033036
v 0.256059 1.165919 -0.033036
v 0.327014 1.131729 -0.033036
v 0.372290 1.041570 -0.137396
v 0.240697 1.156923 -0.137396
v 0.304186 1.122733 -0.137396
v 0.330503 1.031196 -0.238410
v 0.211363 1.144877 -0.224559
v 0.262399 1.112359 -0.238410
v 0.195611 1.029358 -0.323830
v 0.144633 1.144711 -0.268544
v 0.160034 1.110521 -0.304256
vn -0.3925 0.5070 0.7674
vn -0.3430 0.4689 0.8139
vn -0.2506 0.5987 0.7608
vn -0.2684 0.6389 0.7209
vn -0.5431 0.7005 0.4630
vn -0.3516 0.7994 0.4872
vn -0.6759 0.5521 0.4882
vn -0.4913 0.3715 0.7878
vn -0.4337 0.3106 0.8458
vn -0.4226 0.9010 0.0983
vn -0.6042 0.7914 0.0930
vn -0.7628 0.6400 0.0923
vn -0.4418 0.8921 -0.0950
vn -0.6225 0.7754 -0.1058
vn -0.7611 0.6387 -0.1131
vn -0.4547 0.8626 -0.2218
vn -0.6097 0.7497 -0.2572
vn -0.7348 0.6166 -0.2827
vn -0.4004 0.8041 -0.4394
vn -0.5350 0.6530 -0.5360
vn -0.6521 0.5456 -0.5264
vn -0.1808 0.7608 -0.6233
vn -0.2284 0.5606 -0.7960
vn -0.3264 0.3838 -0.8638
vn -0.0000 0.7420 -0.6703
vn -0.0000 0.5543 -0.8323
vn -0.0000 0.3267 -0.9451
vn 0.3925 0.5070 0.7674
vn 0.2684 0.6389 0.7209
vn 0.2506 0.5987 0.7608
vn 0.3430 0.4689 0.8139
vn 0.5431 0.7005 0.4630
vn 0.3516 0.7994 0.4872
vn 0.6759 0.5521 0.4882
vn 0.4913 0.3715 0.7878
vn 0.4337 0.3106 0.8458
vn 0.6042 0.7914 0.0930
vn 0.4226 0.9010 0.0983
vn 0.7628 0.6400 0.0923
vn 0.6225 0.7754 -0.1058
vn 0.4418 0.8921 -0.0950
vn 0.7611 0.6387 -0.1131
vn 0.6097 0.7497 -0.2572
vn 0.4547 0.8626 -0.2218
vn 0.7348 0.6166 -0.2827
vn 0.5350 0.6530 -0.5360
vn 0.4004 0.8041 -0.4394
vn 0.6521 0.5456 -0.5264
vn 0.2284 0.5606 -0.7960
vn 0.1808 0.7608 -0.6233
vn 0.3264 0.3838 -0.8638
vt 0.050942 0.537064
vt 0.066957 0.503782
vt 0.090213 0.512524
vt 0.068084 0.542857
vt 0.043131 0.565325
vt 0.062919 0.565404
vt 0.019186 0.559739
vt 0.026111 0.528710
vt 0.042392 0.494126
vt 0.059606 0.585780
vt 0.040975 0.584089
vt 0.016099 0.579987
vt 0.055646 0.608917
vt 0.036752 0.606007
vt 0.011649 0.602920
vt 0.053419 0.634789
vt 0.036236 0.631460
vt 0.010754 0.629137
vt 0.053401 0.657426
vt 0.038645 0.657199
vt 0.013341 0.655881
vt 0.063163 0.674091
vt 0.053351 0.681147
vt 0.033223 0.689207
vt 0.090213 0.695940
vt 0.082532 0.705008
vt 0.068372 0.721067
s 1
usemtl miku_plush
f 354/294/346 352/295/347 349/296/348 353/297/349
f 350/298/350 354/294/346 353/297/349 348/299/351
f 346/300/352 351/301/353 354/294/346 350/298/350
f 351/301/353 347/302/354 352/295/347 354/294/346
f 350/298/350 348/299/351 356/303/355 357/304/356
f 346/300/352 350/298/350 357/304/356 355/305/357
f 357/304/356 356/303/355 359/306/358 360/307/359
f 355/305/357 357/304/356 360/307/359 358/308/360
f 360/307/359 359/306/358 362/309/361 363/310/362
f 358/308/360 360/307/359 363/310/362 361/311/363
f 363/310/362 362/309/361 365/312/364 366/313/365
f 361/311/363 363/310/362 366/313/365 364/314/366
f 366/313/365 365/312/364 368/315/367 369/316/368
f 364/314/366 366/313/365 369/316/368 367/317/369
f 369/316/368 368/315/367 371/318/370 372/319/371
f 367/317/369 369/316/368 372/319/371 370/320/372
f 381/294/373 380/297/374 376/296/375 379/295/376
f 377/298/377 375/299/378 380/297/374 381/294/373
f 373/300/379 377/298/377 381/294/373 378/301/380
f 378/301/380 381/294/373 379/295/376 374/302/381
f 377/298/377 384/304/382 383/303/383 375/299/378
f 373/300/379 382/305/384 384/304/382 377/298/377
f 384/304/382 387/307/385 386/306/386 383/303/383
f 382/305/384 385/308/387 387/307/385 384/304/382
f 387/307/385 390/310/388 389/309/389 386/306/386
f 385/308/387 388/311/390 390/310/388 387/307/385
f 390/310/388 393/313/391 392/312/392 389/309/389
f 388/311/390 391/314/393 393/313/391 390/310/388
f 393/313/391 396/316/394 395/315/395 392/312/392
f 391/314/393 394/317/396 396/316/394 393/313/391
f 396/316/394 372/319/371 371/318/370 395/315/395
f 394/317/396 370/320/372 372/319/371 396/316/394
o skirt
v -0.355368 0.596809 -0.249468
v -0.241387 0.612742 0.257570
v 0.000000 0.598646 0.317865
v 0.000000 0.579147 -0.344970
v -0.423362 0.587937 0.009957
v -0.121394 0.605377 0.301196
v -0.226242 0.586488 -0.317783
v -0.424529 0.590659 -0.137726
v -0.358902 0.599682 0.159473
v -0.062105 0.602083 0.311387
v -0.178671 0.609059 0.284307
v -0.318239 0.606212 0.208522
v -0.404287 0.593809 0.081672
v -0.423874 0.589298 -0.060081
v -0.402653 0.593734 -0.205966
v -0.293975 0.591649 -0.290106
v -0.114175 0.582817 -0.338142
v 0.355368 0.596809 -0.249468
v 0.241387 0.612742 0.257570
v 0.423362 0.587937 0.009957
v 0.121394 0.605377 0.301196
v 0.226242 0.586488 -0.317783
v 0.424529 0.590659 -0.137726
v 0.358902 0.599682 0.159473
v 0.062105 0.602083 0.311387
v 0.178671 0.609059 0.284307
v 0.318239 0.606212 0.208522
v 0.404287 0.593809 0.081672
v 0.423874 0.589298 -0.060081
v 0.402653 0.593734 -0.205966
v 0.293975 0.591649 -0.290106
v 0.114175 0.582817 -0.338142
v -0.354100 0.539752 -0.249468
v -0.240119 0.555685 0.257570
v 0.001268 0.541589 0.317865
v 0.001268 0.522090 -0.344970
v -0.422094 0.530880 0.009957
v -0.120126 0.548320 0.301196
v -0.224975 0.529431 -0.317783
v -0.423261 0.533602 -0.137726
v -0.357634 0.542625 0.159473
v -0.060837 0.545026 0.311387
v -0.177403 0.552002 0.284307
v -0.316971 0.549155 0.208522
v -0.403019 0.536752 0.081672
v -0.422606 0.532241 -0.060081
v -0.401385 0.536677 -0.205966
v -0.292707 0.534592 -0.290106
v -0.112907 0.525761 -0.338142
v 0.356636 0.539752 -0.249468
v 0.242655 0.555685 0.257570
v 0.424630 0.530880 0.009957
v 0.122662 0.548320 0.301196
v 0.227510 0.529431 -0.317783
v 0.425797 0.533602 -0.137726
v 0.360170 0.542625 0.159473
v 0.063373 0.545026 0.311387
v 0.179939 0.552002 0.284307
v 0.319507 0.549155 0.208522
v 0.405555 0.536752 0.081672
v 0.425142 0.532241 -0.060081
v 0.403921 0.536677 -0.205966
v 0.295243 0.534592 -0.290106
v 0.115443 0.525761 -0.338142
v -0.593491 0.072112 -0.362381
v -0.510641 0.383919 0.548574
v 0.001427 0.191659 0.495115
v -0.054338 0.123472 -0.439671
v -0.675441 0.074090 -0.000527
v -0.249071 0.274294 0.561414
v -0.494721 0.239321 -0.583638
v -0.821105 0.178373 -0.274709
v -0.690137 0.221550 0.304592
v -0.133142 0.221390 0.517969
v -0.365310 0.346837 0.577200
v -0.639289 0.284172 0.422869
v -0.742353 0.158932 0.125789
v -0.731175 0.113782 -0.141212
v -0.725782 0.118405 -0.391807
v -0.485012 0.112293 -0.478650
v -0.243737 0.198519 -0.593980
v 0.732019 0.264159 -0.514941
v 0.513173 0.384159 0.548581
v 0.679847 0.075500 0.009939
v 0.251499 0.275631 0.562988
v 0.452709 0.118287 -0.430388
v 0.744052 0.114478 -0.295321
v 0.694710 0.223148 0.304260
v 0.135272 0.222814 0.520202
v 0.367776 0.348463 0.578090
v 0.640370 0.282250 0.422800
v 0.754951 0.168716 0.125290
v 0.667507 0.072350 -0.145955
v 0.809301 0.210267 -0.405897
v 0.593312 0.177497 -0.489147
v 0.199082 0.100861 -0.415699
v -0.182135 0.415996 0.437653
v -0.279135 0.425231 0.408848
v 0.535345 0.296026 -0.102995
v 0.542682 0.298127 0.009969
v -0.178216 0.381871 -0.489956
v -0.024295 0.331286 -0.400867
v -0.359981 0.406302 -0.473684
v -0.390920 0.332104 -0.386502
v 0.612804 0.382653 -0.307706
v 0.550198 0.413037 -0.384917
v 0.184517 0.416746 0.438472
v 0.100884 0.378517 0.406564
v 0.453219 0.347598 -0.360385
v 0.281487 0.425967 0.409560
v -0.625374 0.359791 -0.206130
v -0.565832 0.316422 -0.104548
v 0.154982 0.310262 -0.361141
v 0.338705 0.318652 -0.357833
v -0.565351 0.329664 -0.301214
v -0.519313 0.375540 0.229629
v -0.487317 0.425788 0.314171
v 0.573016 0.316995 -0.220863
v -0.578974 0.353069 0.103185
v -0.098349 0.378067 0.405793
v 0.001331 0.362709 0.398969
v 0.522190 0.375303 0.229074
v 0.488708 0.424052 0.313928
v -0.378521 0.472674 0.402389
v 0.586713 0.358776 0.104063
v -0.539740 0.297627 0.003942
v 0.381071 0.472913 0.402481
v -0.465855 0.299942 -0.299929
v -0.211979 0.347420 0.504134
v 0.600650 0.183078 -0.124469
v -0.210865 0.290344 -0.542296
v -0.427292 0.323562 -0.529924
v 0.711236 0.296597 -0.356769
v 0.214464 0.348435 0.505189
v 0.525477 0.261539 -0.421000
v -0.723449 0.269232 -0.240259
v 0.176890 0.205178 -0.387192
v 0.395877 0.216773 -0.389330
v -0.604951 0.299038 0.267478
v 0.658018 0.215498 -0.258574
v -0.115987 0.299017 0.460848
v 0.608160 0.299096 0.266966
v -0.326418 0.375942 0.486573
v 0.611087 0.186703 0.009889
v -0.039981 0.227166 -0.418500
v -0.436945 0.221524 -0.431963
v 0.641409 0.338944 -0.450078
v 0.118368 0.299899 0.462284
v 0.328882 0.376785 0.487270
v -0.647922 0.214777 -0.123381
v -0.645496 0.223957 -0.346534
v -0.565274 0.357048 0.368669
v -0.661259 0.256353 0.114082
v 0.001372 0.276711 0.446292
v 0.566200 0.354907 0.368487
v -0.445891 0.429564 0.475848
v 0.671391 0.264112 0.114279
v -0.607317 0.185671 0.001785
v 0.448420 0.430343 0.475905
v -0.529115 0.184853 -0.330832
v -0.229513 0.480734 0.336889
v 0.476113 0.410638 0.010140
v 0.000212 0.435035 -0.406567
v -0.370416 0.453750 -0.352018
v 0.458569 0.486350 -0.319266
v 0.082483 0.459396 0.354615
v 0.232070 0.480810 0.336963
v -0.486092 0.419475 -0.084231
v -0.484633 0.434570 -0.254775
v -0.405996 0.490377 0.259715
v -0.494273 0.448070 0.093554
v 0.001295 0.450736 0.355382
v 0.407864 0.489196 0.259472
v -0.311397 0.515261 0.328286
v 0.500062 0.451947 0.094892
v -0.474151 0.410784 0.006017
v 0.313909 0.515463 0.328398
v -0.404177 0.416178 -0.270102
v -0.152614 0.484441 0.370839
v 0.473987 0.411189 -0.081362
v -0.145812 0.463453 -0.423026
v -0.292758 0.477020 -0.402730
v 0.513701 0.468047 -0.258657
v 0.155219 0.484653 0.371010
v 0.373831 0.440367 -0.323778
v -0.526558 0.449624 -0.172347
v 0.134267 0.417204 -0.342702
v 0.282609 0.425451 -0.347560
v -0.434104 0.451925 0.190874
v 0.491802 0.420675 -0.180805
v -0.079909 0.459212 0.354273
v 0.436917 0.451815 0.190432
vn -0.6572 -0.0146 0.7536
vn -0.8168 -0.0182 0.5766
vn -0.8119 0.4026 0.4228
vn -0.6661 0.5063 0.5476
vn 0.9997 0.0222 0.0083
vn 0.9768 0.2122 0.0303
vn 0.9587 0.2842 0.0135
vn 0.9881 0.0220 -0.1525
vn -0.9209 -0.0205 0.3892
vn -0.8977 0.3408 0.2793
vn 0.8401 0.0187 -0.5421
vn 0.8168 0.4962 -0.2943
vn -0.0017 -0.0000 1.0000
vn -0.1384 -0.0031 0.9904
vn -0.0350 0.2507 0.9674
vn -0.0000 0.2226 0.9749
vn 0.6564 0.0146 0.7543
vn 0.6638 0.5166 0.5408
vn 0.8012 0.4215 0.4248
vn 0.8177 0.0182 0.5753
vn -0.4674 -0.0104 0.8840
vn -0.3452 0.4543 0.8212
vn -0.2584 0.4004 0.8791
vn -0.3413 -0.0076 0.9399
vn 0.9214 0.0205 0.3880
vn 0.8886 0.3688 0.2727
vn 0.0346 0.2549 0.9663
vn 0.1371 0.0030 0.9906
vn -0.9905 -0.0220 0.1356
vn -0.9644 0.2606 0.0455
vn 0.4657 0.0103 0.8849
vn 0.3389 0.0075 0.9408
vn 0.2580 0.4082 0.8757
vn 0.3460 0.4641 0.8154
vn -0.9997 -0.0222 0.0075
vn -0.9650 0.2424 0.1002
vn -0.6180 -0.0137 -0.7861
vn -0.6232 0.2715 -0.7334
vn -0.7106 0.3337 -0.6194
vn -0.8416 -0.0187 -0.5398
vn -0.2297 -0.0051 0.9733
vn -0.1321 0.3480 0.9281
vn 0.9906 0.0220 0.1348
vn 0.9628 0.2700 0.0083
vn -0.4733 -0.0105 -0.8808
vn -0.5379 0.4242 -0.7285
vn -0.0009 -0.0000 -1.0000
vn 0.1061 0.2749 -0.9556
vn -0.0362 0.4205 -0.9066
vn -0.1216 -0.0027 -0.9926
vn -0.2852 -0.0063 -0.9584
vn -0.2424 0.4968 -0.8333
vn 0.6163 0.0137 -0.7874
vn 0.4631 0.4186 -0.7812
vn 0.1327 0.3542 0.9257
vn 0.2274 0.0051 0.9738
vn 0.3240 0.2684 -0.9072
vn 0.4697 0.0104 -0.8828
vn -0.9880 -0.0220 -0.1530
vn -0.9298 0.3610 -0.0720
vn 0.1196 0.0027 -0.9928
vn 0.1488 0.1340 -0.9797
vn 0.2008 0.1470 -0.9685
vn 0.2816 0.0063 -0.9595
vn 0.2138 0.7560 0.6186
vn 0.2500 0.7822 0.5707
vn 0.4018 0.5767 0.7113
vn 0.3432 0.5982 0.7241
vn 0.7758 0.4979 -0.3876
vn 0.7773 0.4987 -0.3835
vn 0.8392 0.4905 0.2347
vn 0.8479 0.4977 0.1827
vn 0.4006 0.1842 -0.8975
vn 0.4078 0.1883 -0.8935
vn 0.3158 0.3622 -0.8770
vn 0.3442 0.3433 -0.8739
vn -0.8742 0.4784 -0.0834
vn -0.6409 0.6471 -0.4129
vn -0.8028 0.5828 -0.1256
vn -0.8562 0.4943 -0.1506
vn 0.1461 0.7440 -0.6521
vn 0.7098 0.6326 0.3100
vn 0.7115 0.6050 0.3576
vn 0.3050 0.8072 -0.5055
vn -0.3694 0.4746 0.7989
vn -0.3857 0.4629 0.7981
vn -0.4007 0.5830 0.7068
vn -0.3422 0.6032 0.7205
vn -0.3950 0.3001 -0.8683
vn -0.3681 0.2855 -0.8849
vn -0.2111 0.7598 0.6149
vn -0.2465 0.7864 0.5664
vn -0.7198 0.4817 0.4998
vn -0.7096 0.7044 0.0166
vn -0.6868 0.7215 -0.0883
vn -0.7018 0.4693 0.5360
vn 0.0658 0.2542 -0.9649
vn 0.0279 0.2768 -0.9605
vn -0.2724 0.2797 -0.9206
vn -0.1668 0.2908 -0.9421
vn -0.1386 0.4761 -0.8684
vn -0.1489 0.4870 -0.8606
vn -0.6515 0.7585 -0.0161
vn -0.7106 0.7034 -0.0177
vn -0.7184 0.6950 -0.0288
vn -0.6754 0.7369 -0.0288
vn 0.7130 0.3817 0.5882
vn 0.7321 0.3997 0.5516
vn -0.7357 0.6138 -0.2863
vn -0.7267 0.5835 -0.3627
vn -0.0075 0.5228 0.8524
vn 0.3628 0.4715 0.8038
vn 0.3792 0.4588 0.8036
vn -0.0089 0.5297 0.8481
vn 0.6500 0.7599 -0.0112
vn 0.6692 0.7428 -0.0194
vn 0.6997 0.7144 0.0106
vn 0.6949 0.7188 0.0198
vn -0.1964 0.9081 0.3699
vn -0.3280 0.9049 0.2711
vn 0.7181 0.6265 -0.3029
vn 0.7049 0.5913 -0.3917
vn -0.8247 0.5508 -0.1283
vn -0.8300 0.5526 -0.0759
vn 0.2053 0.9097 0.3610
vn 0.3369 0.9046 0.2612
vn -0.3251 0.4366 -0.8389
vn -0.1666 0.3785 -0.9105
vn -0.5440 0.4778 -0.6898
vn -0.7211 0.5867 -0.3686
vn -0.8615 0.4669 -0.1997
vn -0.4175 0.4370 -0.7967
vn 0.8438 0.4931 -0.2119
vn 0.7422 0.6700 -0.0172
vn 0.7279 0.6555 -0.2010
vn 0.7946 0.5044 -0.3380
vn 0.1701 0.4905 0.8547
vn 0.0503 0.6685 0.7420
vn 0.2057 0.6555 0.7266
vn 0.3094 0.4831 0.8191
vn -0.2269 0.5239 -0.8210
vn -0.3750 0.5943 -0.7115
vn 0.1302 0.8638 0.4867
vn 0.1345 0.8816 0.4524
vn 0.6141 0.7892 0.0050
vn 0.5594 0.8222 0.1050
vn -0.8467 0.5244 -0.0903
vn -0.8065 0.5134 0.2931
vn -0.7479 0.5016 0.4348
vn -0.8236 0.5508 -0.1357
vn 0.0402 0.7546 0.6549
vn -0.0948 0.7573 0.6462
vn -0.7418 0.6435 -0.1888
vn -0.7540 0.6568 -0.0095
vn -0.0026 0.4520 0.8920
vn -0.0049 0.5001 0.8659
vn -0.3147 0.4858 0.8155
vn -0.1731 0.4933 0.8525
vn -0.1250 0.8624 0.4906
vn -0.5564 0.8248 0.1005
vn -0.6125 0.7905 0.0007
vn -0.1267 0.8789 0.4598
vn 0.6586 0.7361 0.1563
vn 0.6807 0.7297 0.0646
vn 0.0964 0.7535 0.6503
vn -0.0406 0.7516 0.6584
vn 0.6699 0.7335 0.1145
vn 0.8162 0.4908 0.3049
vn 0.7653 0.4316 0.4776
vn 0.7081 0.6595 0.2522
vn -0.6926 0.7208 0.0292
vn -0.6703 0.7301 0.1330
vn 0.8923 0.4437 0.0827
vn 0.8590 0.4930 0.1381
vn 0.1644 0.1645 -0.9726
vn 0.0833 0.2571 -0.9628
vn -0.0370 0.2477 -0.9681
vn 0.1197 0.1677 -0.9786
vn -0.7175 0.6956 0.0372
vn -0.7227 0.6905 0.0304
vn 0.0070 0.4036 -0.9149
vn -0.2326 0.2858 -0.9296
vn 0.2812 0.3164 -0.9060
vn 0.3714 0.1517 -0.9160
vn -0.0506 0.6726 0.7383
vn -0.2066 0.6597 0.7226
vn 0.1878 0.7541 -0.6293
vn 0.1471 0.7111 -0.6876
vn 0.1290 0.6146 -0.7782
vn 0.2653 0.4106 -0.8724
vn -0.5232 0.6541 -0.5462
vn -0.2939 0.7749 -0.5596
vt 0.676256 0.404699
vt 0.668923 0.411713
vt 0.661068 0.405855
vt 0.669860 0.397405
vt 0.803728 0.450842
vt 0.813492 0.451154
vt 0.812373 0.464991
vt 0.803199 0.462949
vt 0.660720 0.423604
vt 0.651939 0.419933
vt 0.798837 0.472636
vt 0.807420 0.478098
vt 0.732113 0.388263
vt 0.721121 0.389023
vt 0.720852 0.379264
vt 0.732690 0.378636
vt 0.786737 0.408524
vt 0.793833 0.401949
vt 0.801965 0.410956
vt 0.793583 0.416040
vt 0.689575 0.397725
vt 0.685407 0.388392
vt 0.698085 0.383726
vt 0.700487 0.393322
vt 0.801077 0.428368
vt 0.810129 0.425519
vt 0.744434 0.380137
vt 0.743027 0.389766
vt 0.656756 0.434489
vt 0.647327 0.432752
vt 0.773696 0.400793
vt 0.763209 0.395504
vt 0.766704 0.386291
vt 0.778901 0.391925
vt 0.656284 0.445807
vt 0.646407 0.445469
vt 0.666225 0.475287
vt 0.659677 0.482939
vt 0.650866 0.473302
vt 0.659294 0.468635
vt 0.710588 0.390567
vt 0.709309 0.380713
vt 0.804089 0.439493
vt 0.813686 0.438584
vt 0.676281 0.482055
vt 0.671856 0.491214
vt 0.728111 0.494932
vt 0.728166 0.504615
vt 0.706519 0.502640
vt 0.707711 0.492798
vt 0.687910 0.487726
vt 0.685055 0.497371
vt 0.790861 0.479116
vt 0.797418 0.487493
vt 0.755795 0.382443
vt 0.753367 0.392037
vt 0.784413 0.494804
vt 0.780431 0.485764
vt 0.656310 0.458521
vt 0.646531 0.460028
vt 0.748783 0.493865
vt 0.749859 0.503614
vt 0.771157 0.499757
vt 0.768684 0.490298
vt 0.666895 0.335370
vt 0.656908 0.319025
vt 0.682640 0.312431
vt 0.689530 0.329419
vt 0.886629 0.439841
vt 0.910758 0.439894
vt 0.909966 0.468107
vt 0.886018 0.464278
vt 0.725107 0.562649
vt 0.724310 0.582360
vt 0.675400 0.578081
vt 0.682926 0.558986
vt 0.616348 0.538807
vt 0.640188 0.550074
vt 0.625772 0.567895
vt 0.598232 0.554519
vt 0.861861 0.531433
vt 0.879608 0.516321
vt 0.903200 0.528420
vt 0.882776 0.546062
vt 0.757789 0.328559
vt 0.762251 0.311359
vt 0.787468 0.316629
vt 0.779316 0.332940
vt 0.855393 0.562849
vt 0.838270 0.545830
vt 0.801281 0.340590
vt 0.812414 0.325186
vt 0.571756 0.453453
vt 0.568911 0.481251
vt 0.543507 0.487741
vt 0.546987 0.455617
vt 0.768597 0.560977
vt 0.774928 0.580443
vt 0.825163 0.573171
vt 0.811870 0.554636
vt 0.576662 0.506341
vt 0.552449 0.516953
vt 0.613493 0.360570
vt 0.598284 0.377436
vt 0.577544 0.367723
vt 0.595225 0.348308
vt 0.911307 0.499937
vt 0.886768 0.491781
vt 0.580930 0.403286
vt 0.557722 0.397604
vt 0.734716 0.325424
vt 0.711422 0.326727
vt 0.708333 0.309168
vt 0.735433 0.307644
vt 0.852278 0.369473
vt 0.871230 0.358652
vt 0.887369 0.379128
vt 0.866140 0.387252
vt 0.642542 0.344049
vt 0.628785 0.329146
vt 0.881600 0.414042
vt 0.904992 0.410069
vt 0.573866 0.428752
vt 0.549612 0.427039
vt 0.824719 0.351030
vt 0.839432 0.337285
vt 0.594345 0.523081
vt 0.572919 0.536091
vt 0.637688 0.496248
vt 0.652573 0.507356
vt 0.634366 0.523064
vt 0.615921 0.509735
vt 0.838127 0.439280
vt 0.834180 0.422032
vt 0.858010 0.418028
vt 0.862384 0.439692
vt 0.717453 0.361882
vt 0.702369 0.363697
vt 0.695891 0.346562
vt 0.714433 0.344264
vt 0.600957 0.495579
vt 0.625460 0.484645
vt 0.794835 0.378848
vt 0.809813 0.364899
vt 0.833198 0.380416
vt 0.814061 0.391566
vt 0.622685 0.431806
vt 0.621681 0.448751
vt 0.596635 0.451167
vt 0.598249 0.430390
vt 0.779052 0.371855
vt 0.790190 0.356385
vt 0.604339 0.409002
vt 0.628015 0.414760
vt 0.733345 0.360947
vt 0.734022 0.343180
vt 0.753440 0.345771
vt 0.749106 0.363082
vt 0.670489 0.374190
vt 0.650295 0.385552
vt 0.631875 0.372965
vt 0.656513 0.359123
vt 0.823630 0.403519
vt 0.844819 0.395445
vt 0.676809 0.352050
vt 0.686822 0.368350
vt 0.832419 0.491853
vt 0.837069 0.475078
vt 0.862141 0.483443
vt 0.855996 0.504096
vt 0.619130 0.387238
vt 0.639851 0.396883
vt 0.837465 0.456012
vt 0.861770 0.460324
vt 0.756014 0.522472
vt 0.784823 0.517628
vt 0.798493 0.536006
vt 0.762267 0.541603
vt 0.594422 0.474609
vt 0.620064 0.467731
vt 0.803236 0.511275
vt 0.820985 0.528734
vt 0.727678 0.523383
vt 0.725949 0.542869
vt 0.763974 0.366033
vt 0.771680 0.349469
vt 0.820178 0.501850
vt 0.840934 0.516709
vt 0.698793 0.521513
vt 0.690446 0.540099
vt 0.654726 0.532126
vt 0.669998 0.514710
s 1
usemtl miku_plush
f 408/321/397 405/322/398 437/323/399 440/324/400
f 425/325/401 457/326/402 451/327/403 419/328/404
f 409/329/405 441/330/406 437/323/399 405/322/398
f 426/331/407 419/328/404 451/327/403 458/332/408
f 399/333/409 406/334/410 438/335/411 431/336/412
f 423/337/413 455/338/414 452/339/415 420/340/416
f 398/341/417 430/342/418 439/343/419 407/344/420
f 424/345/421 420/340/416 452/339/415 456/346/422
f 398/341/417 408/321/397 440/324/400 430/342/418
f 399/333/409 431/336/412 453/347/423 421/348/424
f 401/349/425 433/350/426 441/330/406 409/329/405
f 415/351/427 422/352/428 454/353/429 447/354/430
f 401/349/425 410/355/431 442/356/432 433/350/426
f 415/351/427 447/354/430 455/338/414 423/337/413
f 397/357/433 429/358/434 443/359/435 411/360/436
f 406/334/410 402/361/437 434/362/438 438/335/411
f 416/363/439 424/345/421 456/346/422 448/364/440
f 397/357/433 412/365/441 444/366/442 429/358/434
f 407/344/420 439/343/419 434/362/438 402/361/437
f 416/363/439 448/364/440 457/326/402 425/325/401
f 400/367/443 432/368/444 445/369/445 413/370/446
f 412/365/441 403/371/447 435/372/448 444/366/442
f 414/373/449 426/331/407 458/332/408 446/374/450
f 421/348/424 453/347/423 449/375/451 417/376/452
f 413/370/446 445/369/445 435/372/448 403/371/447
f 414/373/449 446/374/450 459/377/453 427/378/454
f 422/352/428 417/376/452 449/375/451 454/353/429
f 410/355/431 404/379/455 436/380/456 442/356/432
f 400/367/443 428/381/457 460/382/458 432/368/444
f 427/378/454 459/377/453 450/383/459 418/384/460
f 411/360/436 443/359/435 436/380/456 404/379/455
f 428/381/457 418/384/460 450/383/459 460/382/458
f 539/385/461 471/386/462 466/387/463 525/388/464
f 540/389/465 480/390/466 489/391/467 526/392/468
f 541/393/469 464/394/470 477/395/471 527/396/472
f 542/397/473 528/398/474 467/399/475 476/400/476
f 543/401/477 529/402/478 490/403/479 478/404/480
f 544/405/481 485/406/482 481/407/483 530/408/484
f 527/396/472 477/395/471 467/399/475 528/398/474
f 543/401/477 478/404/480 491/409/485 531/410/486
f 545/411/487 530/408/484 481/407/483 486/412/488
f 546/413/489 532/414/490 468/415/491 474/416/492
f 541/393/469 533/417/493 492/418/494 464/394/470
f 531/410/486 491/409/485 482/419/495 534/420/496
f 547/421/497 475/422/498 468/415/491 532/414/490
f 533/417/493 534/420/496 482/419/495 492/418/494
f 548/423/499 535/424/500 469/425/501 472/426/502
f 526/392/468 489/391/467 483/427/503 536/428/504
f 549/429/505 473/430/506 469/425/501 535/424/500
f 529/402/478 536/428/504 483/427/503 490/403/479
f 550/431/507 537/432/508 470/433/509 463/434/510
f 551/435/511 487/436/512 484/437/513 538/438/514
f 552/439/515 462/440/516 471/386/462 539/385/461
f 553/441/517 538/438/514 484/437/513 488/442/518
f 552/439/515 548/423/499 472/426/502 462/440/516
f 550/431/507 463/434/510 485/406/482 544/405/481
f 554/443/519 465/444/520 473/430/506 549/429/505
f 555/445/521 545/411/487 486/412/488 479/446/522
f 554/443/519 546/413/489 474/416/492 465/444/520
f 555/445/521 479/446/522 487/436/512 551/435/511
f 556/447/523 461/448/524 475/422/498 547/421/497
f 537/432/508 525/388/464 466/387/463 470/433/509
f 540/389/465 553/441/517 488/442/518 480/390/466
f 556/447/523 542/397/473 476/400/476 461/448/524
f 574/449/525 560/450/526 500/451/527 524/452/528
f 558/453/529 571/454/530 521/455/531 496/456/532
f 587/457/533 575/458/534 493/459/535 516/460/536
f 574/449/525 524/452/528 511/461/537 565/462/538
f 573/463/539 523/464/540 519/465/541 569/466/542
f 572/467/543 564/468/544 508/469/545 522/470/546
f 573/463/539 563/471/547 506/472/548 523/464/540
f 572/467/543 522/470/546 515/473/549 567/474/550
f 568/475/551 517/476/552 504/477/553 562/478/554
f 570/479/555 566/480/556 513/481/557 520/482/558
f 571/454/530 588/483/559 518/484/560 521/455/531
f 570/479/555 520/482/558 494/485/561 557/486/562
f 569/466/542 519/465/541 518/484/560 588/483/559
f 568/475/551 587/457/533 516/460/536 517/476/552
f 579/487/563 586/488/564 514/489/565 501/490/566
f 567/474/550 515/473/549 512/491/567 585/492/568
f 576/493/569 495/494/570 514/489/565 586/488/564
f 566/480/556 585/492/568 512/491/567 513/481/557
f 583/495/571 584/496/572 510/497/573 509/498/574
f 565/462/538 511/461/537 507/499/575 582/500/576
f 581/501/577 505/502/578 510/497/573 584/496/572
f 559/503/579 583/495/571 509/498/574 498/504/580
f 564/468/544 582/500/576 507/499/575 508/469/545
f 563/471/547 580/505/581 503/506/582 506/472/548
f 561/507/583 502/508/584 505/502/578 581/501/577
f 577/509/585 497/510/586 499/511/587 578/512/588
f 562/478/554 504/477/553 503/506/582 580/505/581
f 561/507/583 579/487/563 501/490/566 502/508/584
f 560/450/526 578/512/588 499/511/587 500/451/527
f 559/503/579 498/504/580 497/510/586 577/509/585
f 558/453/529 496/456/532 495/494/570 576/493/569
f 557/486/562 494/485/561 493/459/535 575/458/534
f 524/452/528 500/451/527 542/397/473 556/447/523
f 496/456/532 521/455/531 553/441/517 540/389/465
f 516/460/536 493/459/535 525/388/464 537/432/508
f 524/452/528 556/447/523 547/421/497 511/461/537
f 523/464/540 555/445/521 551/435/511 519/465/541
f 522/470/546 508/469/545 546/413/489 554/443/519
f 523/464/540 506/472/548 545/411/487 555/445/521
f 522/470/546 554/443/519 549/429/505 515/473/549
f 517/476/552 550/431/507 544/405/481 504/477/553
f 520/482/558 513/481/557 548/423/499 552/439/515
f 521/455/531 518/484/560 538/438/514 553/441/517
f 520/482/558 552/439/515 539/385/461 494/485/561
f 519/465/541 551/435/511 538/438/514 518/484/560
f 517/476/552 516/460/536 537/432/508 550/431/507
f 501/490/566 514/489/565 536/428/504 529/402/478
f 515/473/549 549/429/505 535/424/500 512/491/567
f 495/494/570 526/392/468 536/428/504 514/489/565
f 513/481/557 512/491/567 535/424/500 548/423/499
f 509/498/574 510/497/573 534/420/496 533/417/493
f 511/461/537 547/421/497 532/414/490 507/499/575
f 505/502/578 531/410/486 534/420/496 510/497/573
f 498/504/580 509/498/574 533/417/493 541/393/469
f 508/469/545 507/499/575 532/414/490 546/413/489
f 506/472/548 503/506/582 530/408/484 545/411/487
f 502/508/584 543/401/477 531/410/486 505/502/578
f 497/510/586 527/396/472 528/398/474 499/511/587
f 504/477/553 544/405/481 530/408/484 503/506/582
f 502/508/584 501/490/566 529/402/478 543/401/477
f 500/451/527 499/511/587 528/398/474 542/397/473
f 498/504/580 541/393/469 527/396/472 497/510/586
f 496/456/532 540/389/465 526/392/468 495/494/570
f 494/485/561 539/385/461 525/388/464 493/459/535
f 439/343/419 557/486/562 575/458/534 434/362/438
f 448/364/440 558/453/529 576/493/569 457/326/402
f 432/368/444 559/503/579 577/509/585 445/369/445
f 444/366/442 435/372/448 578/512/588 560/450/526
f 446/374/450 458/332/408 579/487/563 561/507/583
f 453/347/423 562/478/554 580/505/581 449/375/451
f 445/369/445 577/509/585 578/512/588 435/372/448
f 446/374/450 561/507/583 581/501/577 459/377/453
f 454/353/429 449/375/451 580/505/581 563/471/547
f 442/356/432 436/380/456 582/500/576 564/468/544
f 432/368/444 460/382/458 583/495/571 559/503/579
f 459/377/453 581/501/577 584/496/572 450/383/459
f 443/359/435 565/462/538 582/500/576 436/380/456
f 460/382/458 450/383/459 584/496/572 583/495/571
f 440/324/400 437/323/399 585/492/568 566/480/556
f 457/326/402 576/493/569 586/488/564 451/327/403
f 441/330/406 567/474/550 585/492/568 437/323/399
f 458/332/408 451/327/403 586/488/564 579/487/563
f 431/336/412 438/335/411 587/457/533 568/475/551
f 455/338/414 569/466/542 588/483/559 452/339/415
f 430/342/418 570/479/555 557/486/562 439/343/419
f 456/346/422 452/339/415 588/483/559 571/454/530
f 430/342/418 440/324/400 566/480/556 570/479/555
f 431/336/412 568/475/551 562/478/554 453/347/423
f 433/350/426 572/467/543 567/474/550 441/330/406
f 447/354/430 454/353/429 563/471/547 573/463/539
f 433/350/426 442/356/432 564/468/544 572/467/543
f 447/354/430 573/463/539 569/466/542 455/338/414
f 429/358/434 574/449/525 565/462/538 443/359/435
f 438/335/411 434/362/438 575/458/534 587/457/533
f 448/364/440 456/346/422 571/454/530 558/453/529
f 429/358/434 444/366/442 560/450/526 574/449/525
o body
v -0.317489 0.260096 0.266628
v -0.408262 0.246757 -0.267732
v 0.317489 0.260096 0.266628
v 0.408262 0.246757 -0.267732
v -0.492045 0.186152 -0.005142
v -0.000000 0.168942 -0.300912
v 0.492045 0.186152 -0.005142
v -0.000000 0.182961 0.316387
v 0.000000 0.018733 -0.000382
v -0.415669 0.208657 0.158906
v -0.337570 0.496781 -0.244793
v -0.257610 0.192472 -0.294695
v 0.337570 0.496781 -0.244793
v 0.481101 0.201448 -0.169011
v 0.255586 0.513110 0.262391
v 0.192178 0.206095 0.300582
v -0.481101 0.201448 -0.169011
v -0.255586 0.513110 0.262391
v 0.257610 0.192472 -0.294695
v 0.415669 0.208657 0.158906
v -0.192178 0.206095 0.300582
v -0.000000 0.057003 0.177536
v 0.000000 0.050691 -0.174581
v -0.303222 0.060157 -0.003186
v 0.303221 0.060157 -0.003186
v 0.000000 0.498664 0.304936
v 0.425882 0.487688 0.002377
v 0.000000 0.478679 -0.299009
v -0.425882 0.487688 0.002377
v 0.255414 0.093526 0.168518
v -0.255414 0.093526 0.168518
v -0.297338 0.087408 -0.173602
v 0.297338 0.087408 -0.173602
v -0.133456 0.505562 0.318018
v 0.133456 0.505562 0.318018
v 0.361576 0.499725 0.149377
v 0.418787 0.490478 -0.141185
v 0.190667 0.486203 -0.290551
v -0.190667 0.486203 -0.290551
v -0.418787 0.490478 -0.141185
v -0.361576 0.499725 0.149377
vn -0.0000 -0.9997 0.0251
vn 0.3654 -0.9285 0.0657
vn 0.3259 -0.8125 0.4834
vn -0.0000 -0.8880 0.4598
vn 0.9149 -0.3770 0.1445
vn 0.7713 -0.3148 0.5532
vn 0.5613 -0.1497 0.8139
vn 0.2357 -0.3753 0.8964
vn -0.0000 -0.4216 0.9068
vn -0.9149 -0.3770 0.1445
vn -0.3654 -0.9285 0.0657
vn -0.3259 -0.8125 0.4834
vn -0.7713 -0.3148 0.5532
vn -0.2357 -0.3753 0.8964
vn -0.5613 -0.1497 0.8139
vn -0.5585 -0.1448 -0.8168
vn -0.1958 -0.3770 -0.9053
vn -0.3082 -0.8550 -0.4171
vn -0.8564 -0.3399 -0.3887
vn -0.0000 -0.4124 -0.9110
vn -0.0000 -0.9006 -0.4346
vn 0.1958 -0.3770 -0.9053
vn 0.3082 -0.8550 -0.4171
vn 0.5585 -0.1448 -0.8168
vn 0.8564 -0.3399 -0.3887
vn -0.0000 -0.0089 1.0000
vn -0.1570 0.0179 0.9874
vn -0.5305 0.1083 0.8407
vn 0.5305 0.1083 0.8407
vn 0.1570 0.0179 0.9874
vn 0.9608 0.2039 0.1877
vn 0.8271 0.1817 0.5318
vn 0.5147 0.1813 -0.8380
vn 0.9200 0.2407 -0.3092
vn -0.0000 0.0135 -0.9999
vn 0.1146 0.0539 -0.9919
vn -0.5147 0.1813 -0.8380
vn -0.1146 0.0539 -0.9919
vn -0.9608 0.2039 0.1877
vn -0.9200 0.2407 -0.3092
vn -0.8271 0.1817 0.5318
vt 0.391997 0.900784
vt 0.391506 0.917647
vt 0.381543 0.915495
vt 0.381357 0.900389
vt 0.391576 0.929569
vt 0.381114 0.927658
vt 0.370785 0.923985
vt 0.369725 0.913445
vt 0.369191 0.899937
vt 0.393711 0.872046
vt 0.392757 0.883931
vt 0.382663 0.885338
vt 0.383136 0.873177
vt 0.370725 0.886507
vt 0.372563 0.876074
vt 0.409716 0.873829
vt 0.412818 0.883932
vt 0.402365 0.883896
vt 0.402379 0.872190
vt 0.414042 0.901602
vt 0.402596 0.901177
vt 0.411511 0.919133
vt 0.401084 0.918394
vt 0.407669 0.928978
vt 0.400230 0.930069
vt 0.333042 0.898596
vt 0.334549 0.878333
vt 0.345878 0.860272
vt 0.343001 0.937765
vt 0.333042 0.918915
vt 0.387719 0.964826
vt 0.362271 0.955879
vt 0.429566 0.949093
vt 0.410328 0.959930
vt 0.446934 0.902823
vt 0.443168 0.929963
vt 0.433044 0.855393
vt 0.445190 0.875479
vt 0.392478 0.836601
vt 0.414662 0.843159
vt 0.366437 0.843637
s 1
usemtl miku_plush
f 597/513/589 613/514/590 618/515/591 610/516/592
f 613/514/590 595/517/593 608/518/594 618/515/591
f 618/515/591 608/518/594 591/519/595 604/520/596
f 610/516/592 618/515/591 604/520/596 596/521/597
f 593/522/598 612/523/599 619/524/600 598/525/601
f 612/523/599 597/513/589 610/516/592 619/524/600
f 619/524/600 610/516/592 596/521/597 609/526/602
f 598/525/601 619/524/600 609/526/602 589/527/603
f 590/528/604 600/529/605 620/530/606 605/531/607
f 600/529/605 594/532/608 611/533/609 620/530/606
f 620/530/606 611/533/609 597/513/589 612/523/599
f 605/531/607 620/530/606 612/523/599 593/522/598
f 594/532/608 607/534/610 621/535/611 611/533/609
f 607/534/610 592/536/612 602/537/613 621/535/611
f 621/535/611 602/537/613 595/517/593 613/514/590
f 611/533/609 621/535/611 613/514/590 597/513/589
f 596/521/597 614/538/614 622/539/615 609/526/602
f 609/526/602 622/539/615 606/540/616 589/527/603
f 591/519/595 603/541/617 623/542/618 604/520/596
f 604/520/596 623/542/618 614/538/614 596/521/597
f 595/517/593 615/543/619 624/544/620 608/518/594
f 608/518/594 624/544/620 603/541/617 591/519/595
f 592/536/612 601/545/621 625/546/622 602/537/613
f 602/537/613 625/546/622 615/543/619 595/517/593
f 594/532/608 616/547/623 626/548/624 607/534/610
f 607/534/610 626/548/624 601/545/621 592/536/612
f 590/528/604 599/549/625 627/550/626 600/529/605
f 600/529/605 627/550/626 616/547/623 594/532/608
f 593/522/598 617/551/627 628/552/628 605/531/607
f 605/531/607 628/552/628 599/549/625 590/528/604
f 589/527/603 606/540/616 629/553/629 598/525/601
f 598/525/601 629/553/629 617/551/627 593/522/598
o shirt
v -0.425119 0.518500 0.318551
v -0.228237 1.028654 0.254474
v -0.477226 0.462331 -0.412872
v -0.279607 1.020548 -0.280085
v 0.429548 0.505692 0.377355
v 0.228237 1.028654 0.254474
v 0.523145 0.493414 -0.350831
v 0.279607 1.020548 -0.280085
v -0.544042 0.486542 -0.066250
v -0.256763 0.755638 0.288621
v -0.336221 1.106285 -0.001172
v -0.336475 0.720467 -0.335669
v -0.000000 1.045805 -0.327802
v 0.336475 0.720467 -0.335669
v 0.535505 0.486684 -0.021936
v 0.336221 1.106285 -0.001172
v 0.256763 0.755638 0.288621
v 0.000000 1.066939 0.282049
v 0.000000 1.193991 0.001650
v -0.000000 0.754234 0.363781
v 0.408417 0.756203 -0.036515
v 0.000000 0.720830 -0.408299
v -0.408417 0.756203 -0.036515
v -0.523644 0.470979 0.136320
v -0.239828 0.918880 0.279763
v -0.324498 1.076883 -0.169943
v -0.371912 0.550540 -0.307475
v -0.314862 0.483774 -0.531662
v 0.169526 1.040783 -0.313971
v 0.374134 0.557554 -0.304518
v 0.556409 0.452121 -0.188729
v 0.289469 1.078802 0.159056
v 0.304689 0.600733 0.267751
v 0.273786 0.488560 0.505469
v -0.134498 1.055495 0.277390
v -0.565788 0.444714 -0.262025
v -0.293522 0.614251 0.280686
v -0.289469 1.078802 0.159056
v -0.305024 0.903392 -0.314356
v 0.332279 0.428081 -0.485650
v -0.169526 1.040783 -0.313971
v 0.305024 0.903392 -0.314356
v 0.500756 0.473639 0.176705
v 0.324498 1.076883 -0.169943
v 0.239828 0.918880 0.279763
v -0.264320 0.492551 0.441372
v 0.134498 1.055495 0.277390
v 0.000000 1.161530 0.165558
v 0.000000 1.150327 -0.181437
v 0.196093 1.179968 0.002836
v -0.196093 1.179968 0.002836
v -0.134721 0.754033 0.352177
v 0.134721 0.754033 0.352177
v -0.000434 0.558401 0.381905
v 0.000000 0.928730 0.339335
v 0.352985 0.759697 0.146285
v 0.407788 0.738059 -0.208996
v 0.456780 0.597240 -0.028678
v 0.387383 0.946264 -0.017519
v 0.189524 0.718050 -0.395287
v -0.189524 0.718050 -0.395287
v 0.004731 0.526982 -0.465391
v 0.000000 0.900046 -0.393277
v -0.407788 0.738059 -0.208996
v -0.352985 0.759697 0.146285
v -0.464665 0.596562 -0.048815
v -0.387383 0.946264 -0.017519
v -0.378500 0.928689 -0.187304
v 0.170870 0.898660 -0.377379
v 0.333435 0.935694 0.154155
v -0.125805 0.922758 0.331624
v -0.168732 1.146356 0.164504
v 0.168732 1.146356 0.164504
v 0.189009 1.139786 -0.175074
v -0.189009 1.139786 -0.175074
v -0.164566 0.595320 0.341494
v 0.158649 0.584176 0.335187
v 0.125805 0.922758 0.331624
v 0.454809 0.631684 0.169331
v 0.489614 0.588593 -0.201536
v 0.378500 0.928689 -0.187304
v 0.207405 0.524995 -0.372931
v -0.205863 0.545391 -0.378338
v -0.170870 0.898660 -0.377379
v -0.497596 0.578956 -0.229069
v -0.439695 0.617269 0.153109
v -0.333435 0.935694 0.154155
vn -0.9568 0.2690 0.1103
vn -0.9706 0.2122 0.1140
vn -0.9211 0.2542 -0.2948
vn -0.9051 0.2701 -0.3284
vn -0.7599 0.6458 0.0747
vn -0.6953 0.6301 -0.3457
vn -0.5377 0.5138 -0.6685
vn -0.6220 0.2661 -0.7364
vn -0.5835 0.1245 -0.8025
vn 0.0039 0.1030 -0.9947
vn -0.0000 0.2539 -0.9672
vn 0.2281 0.2541 -0.9399
vn 0.2845 0.0717 -0.9560
vn -0.0000 0.6286 -0.7778
vn 0.2148 0.6105 -0.7623
vn 0.5377 0.5138 -0.6685
vn 0.6220 0.2661 -0.7364
vn 0.5996 0.1100 -0.7927
vn 0.9566 0.2765 0.0920
vn 0.9706 0.2122 0.1140
vn 0.8770 0.1670 0.4506
vn 0.8568 0.2591 0.4457
vn 0.7599 0.6458 0.0747
vn 0.6876 0.5551 0.4680
vn 0.5334 0.4201 0.7342
vn 0.6105 0.1803 0.7712
vn 0.5888 0.1222 0.7990
vn 0.0068 0.0790 0.9969
vn -0.0000 0.2598 0.9657
vn -0.2330 0.2322 0.9443
vn -0.2772 0.0809 0.9574
vn -0.0000 0.5991 0.8007
vn -0.2188 0.5587 0.8000
vn -0.5334 0.4201 0.7342
vn -0.6105 0.1803 0.7712
vn -0.6080 0.1333 0.7827
vn -0.0000 0.9999 -0.0121
vn -0.2798 0.9599 0.0150
vn -0.2586 0.8591 0.4417
vn -0.0000 0.9035 0.4286
vn -0.6876 0.5551 0.4680
vn 0.2798 0.9599 0.0150
vn 0.2586 0.8591 0.4417
vn 0.2188 0.5587 0.8000
vn 0.2365 0.8869 -0.3967
vn 0.6953 0.6301 -0.3457
vn -0.0000 0.9100 -0.4145
vn -0.2148 0.6105 -0.7623
vn -0.2365 0.8869 -0.3967
vn -0.2012 0.7375 0.6447
vn 0.0098 0.3273 0.9449
vn -0.2355 0.4156 0.8785
vn -0.5315 0.4773 0.6997
vn -0.5226 0.6832 0.5101
vn 0.4062 0.7876 0.4633
vn 0.5051 0.5409 0.6726
vn 0.2361 0.5192 0.8214
vn 0.1355 0.8804 0.4545
vn 0.2858 0.0641 0.9562
vn 0.2330 0.2322 0.9443
vn 0.8804 0.4697 0.0661
vn 0.8922 0.4466 0.0677
vn 0.8016 0.4994 0.3288
vn 0.7990 0.5423 0.2598
vn 0.4296 0.7816 -0.4522
vn 0.4850 0.4962 -0.7201
vn 0.8342 0.5081 -0.2144
vn 0.7732 0.6246 -0.1097
vn 0.9135 0.2474 -0.3229
vn 0.9211 0.2542 -0.2948
vn 0.1519 0.8120 -0.5635
vn 0.0436 0.3919 -0.9190
vn 0.2850 0.4939 -0.8215
vn -0.3773 0.8225 -0.4256
vn -0.5016 0.5468 -0.6704
vn -0.2735 0.5689 -0.7756
vn -0.1801 0.9249 -0.3350
vn -0.2786 0.0785 -0.9572
vn -0.2281 0.2541 -0.9399
vn -0.8535 0.5173 0.0631
vn -0.8795 0.4689 0.0819
vn -0.8005 0.5253 -0.2885
vn -0.6990 0.6579 -0.2801
vn -0.7966 0.5021 0.3366
vn -0.7874 0.5744 0.2239
vn -0.8656 0.2308 0.4443
vn -0.8770 0.1670 0.4506
vt 0.072744 0.348313
vt 0.096787 0.347049
vt 0.097222 0.363851
vt 0.074713 0.374730
vt 0.110920 0.346554
vt 0.110231 0.358785
vt 0.111393 0.369258
vt 0.103378 0.378177
vt 0.085564 0.394877
vt 0.134962 0.413229
vt 0.134962 0.389032
vt 0.153009 0.386685
vt 0.163688 0.408117
vt 0.134962 0.374064
vt 0.149071 0.372127
vt 0.158531 0.369258
vt 0.166546 0.378177
vt 0.184361 0.394877
vt 0.197180 0.348313
vt 0.173138 0.347049
vt 0.168629 0.330121
vt 0.189402 0.320859
vt 0.159004 0.346554
vt 0.156424 0.334778
vt 0.153761 0.325458
vt 0.159752 0.316729
vt 0.173188 0.301188
vt 0.134962 0.287297
vt 0.134962 0.310085
vt 0.122020 0.311226
vt 0.114637 0.290689
vt 0.134962 0.324010
vt 0.124248 0.324242
vt 0.116164 0.325458
vt 0.110172 0.316729
vt 0.096737 0.301188
vt 0.134962 0.346628
vt 0.121693 0.346367
vt 0.123235 0.335247
vt 0.134962 0.335057
vt 0.113501 0.334778
vt 0.148231 0.346367
vt 0.146690 0.335247
vt 0.145676 0.324242
vt 0.148687 0.358956
vt 0.159693 0.358785
vt 0.134962 0.359918
vt 0.120854 0.372127
vt 0.121238 0.358956
vt 0.063979 0.210162
vt 0.134962 0.243287
vt 0.098575 0.257209
vt 0.072967 0.279822
vt 0.031193 0.252353
vt 0.238732 0.252353
vt 0.196957 0.279822
vt 0.171349 0.257209
vt 0.205945 0.210162
vt 0.155287 0.290689
vt 0.147904 0.311226
vt 0.259667 0.354786
vt 0.227442 0.351035
vt 0.217265 0.311850
vt 0.257035 0.303533
vt 0.249212 0.444411
vt 0.215185 0.418154
vt 0.227394 0.388566
vt 0.262464 0.403878
vt 0.195211 0.374730
vt 0.172702 0.363851
vt 0.212802 0.479581
vt 0.134962 0.457689
vt 0.184643 0.440031
vt 0.020713 0.444411
vt 0.054739 0.418154
vt 0.085282 0.440031
vt 0.057122 0.479581
vt 0.106236 0.408117
vt 0.116915 0.386685
vt 0.010257 0.354786
vt 0.042483 0.351035
vt 0.042531 0.388566
vt 0.007461 0.403878
vt 0.052660 0.311850
vt 0.012890 0.303533
vt 0.080522 0.320859
vt 0.101295 0.330121
s 1
usemtl miku_plush
f 652/554/630 696/555/631 697/556/632 693/557/633
f 696/555/631 640/558/634 655/559/635 697/556/632
f 697/556/632 655/559/635 633/560/636 668/561/637
f 693/557/633 697/556/632 668/561/637 641/562/638
f 651/563/639 692/564/640 698/565/641 689/566/642
f 692/564/640 642/567/643 658/568/644 698/565/641
f 698/565/641 658/568/644 637/569/645 671/570/646
f 689/566/642 698/565/641 671/570/646 643/571/647
f 650/572/648 688/573/649 699/574/650 685/575/651
f 688/573/649 645/576/652 661/577/653 699/574/650
f 699/574/650 661/577/653 635/578/654 674/579/655
f 685/575/651 699/574/650 674/579/655 646/580/656
f 649/581/657 684/582/658 700/583/659 681/584/660
f 684/582/658 647/585/661 664/586/662 700/583/659
f 700/583/659 664/586/662 631/587/663 654/588/664
f 681/584/660 700/583/659 654/588/664 639/589/665
f 648/590/666 680/591/667 701/592/668 677/593/669
f 680/591/667 640/558/634 667/594/670 701/592/668
f 701/592/668 667/594/670 631/587/663 664/586/662
f 677/593/669 701/592/668 664/586/662 647/585/661
f 645/576/652 679/595/671 702/596/672 661/577/653
f 679/595/671 648/590/666 677/593/669 702/596/672
f 702/596/672 677/593/669 647/585/661 676/597/673
f 661/577/653 702/596/672 676/597/673 635/578/654
f 637/569/645 658/568/644 703/598/674 673/599/675
f 658/568/644 642/567/643 678/600/676 703/598/674
f 703/598/674 678/600/676 648/590/666 679/595/671
f 673/599/675 703/598/674 679/595/671 645/576/652
f 642/567/643 670/601/677 704/602/678 678/600/676
f 670/601/677 633/560/636 655/559/635 704/602/678
f 704/602/678 655/559/635 640/558/634 680/591/667
f 678/600/676 704/602/678 680/591/667 648/590/666
f 675/603/679 683/604/680 705/605/681
f 683/604/680 649/581/657 681/584/660 705/605/681
f 705/605/681 681/584/660 639/589/665 666/606/682
f 675/603/679 705/605/681 666/606/682 630/607/683
f 634/608/684 662/609/685 706/610/686 663/611/687
f 662/609/685 646/580/656 682/612/688 706/610/686
f 706/610/686 682/612/688 649/581/657 683/604/680
f 663/611/687 706/610/686 683/604/680
f 646/580/656 674/579/655 707/613/689 682/612/688
f 674/579/655 635/578/654 676/597/673 707/613/689
f 707/613/689 676/597/673 647/585/661 684/582/658
f 682/612/688 707/613/689 684/582/658 649/581/657
f 644/614/690 687/615/691 708/616/692 672/617/693
f 687/615/691 650/572/648 685/575/651 708/616/692
f 708/616/692 685/575/651 646/580/656 662/609/685
f 672/617/693 708/616/692 662/609/685 634/608/684
f 636/618/694 659/619/695 709/620/696 660/621/697
f 659/619/695 643/571/647 686/622/698 709/620/696
f 709/620/696 686/622/698 650/572/648 687/615/691
f 660/621/697 709/620/696 687/615/691 644/614/690
f 643/571/647 671/570/646 710/623/699 686/622/698
f 671/570/646 637/569/645 673/599/675 710/623/699
f 710/623/699 673/599/675 645/576/652 688/573/649
f 686/622/698 710/623/699 688/573/649 650/572/648
f 669/624/700 691/625/701 711/626/702
f 691/625/701 651/563/639 689/566/642 711/626/702
f 711/626/702 689/566/642 643/571/647 659/619/695
f 669/624/700 711/626/702 659/619/695 636/618/694
f 632/627/703 656/628/704 712/629/705 657/630/706
f 656/628/704 641/562/638 690/631/707 712/629/705
f 712/629/705 690/631/707 651/563/639 691/625/701
f 657/630/706 712/629/705 691/625/701
f 641/562/638 668/561/637 713/632/708 690/631/707
f 668/561/637 633/560/636 670/601/677 713/632/708
f 713/632/708 670/601/677 642/567/643 692/564/640
f 690/631/707 713/632/708 692/564/640 651/563/639
f 638/633/709 695/634/710 714/635/711 665/636/712
f 695/634/710 652/554/630 693/557/633 714/635/711
f 714/635/711 693/557/633 641/562/638 656/628/704
f 665/636/712 714/635/711 656/628/704 632/627/703
f 630/607/683 666/606/682 715/637/713 653/638/714
f 666/606/682 639/589/665 694/639/715 715/637/713
f 715/637/713 694/639/715 652/554/630 695/634/710
f 653/638/714 715/637/713 695/634/710 638/633/709
f 639/589/665 654/588/664 716/640/716 694/639/715
f 654/588/664 631/587/663 667/594/670 716/640/716
f 716/640/716 667/594/670 640/558/634 696/555/631
f 694/639/715 716/640/716 696/555/631 652/554/630
o hair_front_2
v 0.592092 1.030498 0.283736
v 0.565690 0.960305 0.143926
v 0.658776 1.585305 0.257445
v 0.701726 1.528454 0.149939
v 0.607488 1.205938 0.317082
v 0.572353 0.921407 0.250959
v 0.581589 1.366490 0.097398
v 0.706507 1.535110 0.250798
v 0.673772 1.243210 0.253147
v 0.507156 0.835268 0.148934
v 0.510876 0.814773 0.215819
v 0.576082 1.035052 0.272649
v 0.547777 0.965753 0.150958
v 0.648230 1.585056 0.240453
v 0.684413 1.533317 0.158692
v 0.592989 1.208918 0.303631
v 0.553989 0.927820 0.255608
v 0.564135 1.370821 0.106149
v 0.688788 1.537510 0.241838
v 0.654489 1.246564 0.249037
v 0.489548 0.843871 0.152923
v 0.493267 0.823376 0.219808
vn 0.9642 -0.1677 0.2055
vn 0.2190 0.0439 -0.9747
vn 0.5217 0.4619 -0.7173
vn 0.9201 0.3394 0.1955
vn -0.0019 -0.0625 0.9980
vn 0.2235 0.8632 0.4527
vn 0.2408 -0.2366 0.9413
vn 0.6971 -0.4719 0.5398
vn 0.4504 -0.1998 -0.8702
vn 0.2801 -0.9201 0.2739
vn 0.1640 -0.6521 -0.7401
vn -0.9596 0.1606 -0.2310
vn -0.1304 0.7827 -0.6086
vn -0.4576 0.8698 -0.1842
vn -0.8860 0.3020 -0.3518
vn -0.9873 0.1424 0.0702
vn -0.6023 0.7050 -0.3746
vn -0.9708 0.0597 0.2323
vn -0.5880 0.0060 0.8088
vn -0.8747 0.1960 -0.4433
vn -0.8682 -0.1289 -0.4791
vn -0.7436 -0.4280 0.5138
vt 0.857788 0.900276
vt 0.875510 0.911939
vt 0.865262 0.930212
vt 0.855244 0.928439
vt 0.849851 0.894927
vt 0.849851 0.932493
vt 0.855633 0.878011
vt 0.859828 0.867200
vt 0.870701 0.871525
vt 0.864697 0.855006
vt 0.871481 0.857376
s 1
usemtl miku_plush
f 725/641/717 723/642/718 720/643/719 724/644/720
f 721/645/721 725/641/717 724/644/720 719/646/722
f 717/647/723 722/648/724 725/641/717 721/645/721
f 722/648/724 718/649/725 723/642/718 725/641/717
f 718/649/725 722/648/724 727/650/726 726/651/727
f 736/641/728 735/644/729 731/643/730 734/642/731
f 732/645/732 730/646/733 735/644/729 736/641/728
f 728/647/734 732/645/732 736/641/728 733/648/735
f 733/648/735 736/641/728 734/642/731 729/649/736
f 729/649/736 737/651/737 738/650/738 733/648/735
f 717/647/723 721/645/721 732/645/732 728/647/734
f 720/643/719 723/642/718 734/642/731 731/643/730
f 719/646/722 724/644/720 735/644/729 730/646/733
f 721/645/721 719/646/722 730/646/733 732/645/732
f 722/648/724 717/647/723 728/647/734 733/648/735
f 723/642/718 718/649/725 729/649/736 734/642/731
f 724/644/720 720/643/719 731/643/730 735/644/729
f 726/651/727 727/650/726 738/650/738 737/651/737
f 727/650/726 722/648/724 733/648/735 738/650/738
f 718/649/725 726/651/727 737/651/737 729/649/736
o hair_front_3
v -0.628118 1.091953 0.172014
v -0.482463 0.884419 0.248297
v -0.721219 1.498441 0.125815
v -0.536208 1.508810 0.406293
v -0.645702 1.234482 0.132448
v -0.570676 0.946245 0.222876
v -0.533016 1.206323 0.370093
v -0.657183 1.569728 0.287082
v -0.594854 1.210055 0.283389
v -0.609873 1.094234 0.164146
v -0.469430 0.890419 0.234364
v -0.703028 1.502428 0.118523
v -0.521000 1.511085 0.393505
v -0.627473 1.237822 0.124930
v -0.556261 0.951519 0.210054
v -0.518726 1.210347 0.356692
v -0.640180 1.572947 0.277056
v -0.578501 1.213769 0.272491
vn -0.8177 -0.1857 0.5449
vn -0.0343 -0.2239 0.9740
vn -0.0476 0.3626 0.9307
vn -0.6653 0.6504 0.3665
vn -0.8580 -0.2662 -0.4392
vn -0.8846 0.2666 -0.3827
vn -0.8873 -0.3286 -0.3235
vn -0.7970 -0.6021 -0.0479
vn -0.0119 -0.9345 0.3558
vn 0.8177 0.1861 -0.5447
vn 0.4091 0.8801 -0.2411
vn 0.8557 0.4885 0.1708
vn 0.9953 0.0483 0.0837
vn 0.4115 -0.0249 -0.9111
vn 0.1797 0.5254 -0.8317
vn 0.3297 -0.2017 -0.9223
vn 0.1383 -0.2958 -0.9452
vn 0.7792 -0.5382 -0.3213
vt 0.898417 0.888906
vt 0.909018 0.889531
vt 0.909018 0.919849
vt 0.891750 0.924652
vt 0.882347 0.889034
vt 0.875528 0.915483
vt 0.888609 0.875602
vt 0.897490 0.861836
vt 0.906142 0.855006
s 1
usemtl miku_plush
f 747/652/739 745/653/740 742/654/741 746/655/742
f 743/656/743 747/652/739 746/655/742 741/657/744
f 739/658/745 744/659/746 747/652/739 743/656/743
f 744/659/746 740/660/747 745/653/740 747/652/739
f 756/652/748 755/655/749 751/654/750 754/653/751
f 752/656/752 750/657/753 755/655/749 756/652/748
f 748/658/754 752/656/752 756/652/748 753/659/755
f 753/659/755 756/652/748 754/653/751 749/660/756
f 739/658/745 743/656/743 752/656/752 748/658/754
f 740/660/747 744/659/746 753/659/755 749/660/756
f 742/654/741 745/653/740 754/653/751 751/654/750
f 741/657/744 746/655/742 755/655/749 750/657/753
f 743/656/743 741/657/744 750/657/753 752/656/752
f 744/659/746 739/658/745 748/658/754 753/659/755
f 745/653/740 740/660/747 749/660/756 754/653/751
f 746/655/742 742/654/741 751/654/750 755/655/749
o tie
v -0.243533 0.526782 0.479532
v 0.255059 0.538193 0.485727
v -0.076230 1.071954 0.298324
v 0.076230 1.071954 0.298324
v -0.076230 0.975882 0.331526
v 0.005700 0.375636 0.569018
v 0.076230 0.975882 0.331526
v 0.000000 1.070428 0.311839
v 0.000000 0.975882 0.339226
v -0.245281 0.523996 0.459254
v 0.242192 0.530202 0.471388
v -0.073660 1.065946 0.279422
v 0.073660 1.065946 0.279422
v -0.074423 0.971813 0.312028
v -0.002244 0.370850 0.551101
v 0.074423 0.971813 0.312028
v 0.000000 1.064370 0.292779
v 0.000000 0.971658 0.319677
v -0.076230 1.076617 0.308560
v 0.076230 1.076617 0.308560
v -0.076230 0.980545 0.341762
v 0.076230 0.980545 0.341762
v 0.000000 1.075091 0.322075
v 0.000000 0.980545 0.349462
v 0.006425 0.688174 0.481768
vn 0.9606 -0.0555 0.2723
vn 0.7050 0.6478 -0.2887
vn 0.5788 0.7698 0.2690
vn 0.6237 -0.3309 0.7082
vn -0.7847 -0.1006 0.6117
vn 0.1049 -0.6425 0.7590
vn -0.0122 0.3680 0.9297
vn 0.9017 0.0002 0.4323
vn -0.7050 0.6478 -0.2887
vn -0.9265 -0.0129 0.3760
vn -0.6237 -0.3309 0.7082
vn -0.5788 0.7698 0.2690
vn 0.4788 0.3742 -0.7942
vn 0.5251 -0.1940 -0.8286
vn 0.0115 -0.3324 -0.9431
vn -0.0000 0.4887 -0.8725
vn -0.7676 -0.3767 -0.5186
vn -0.5869 -0.1630 -0.7931
vn -0.1138 -0.9390 -0.3245
vn 0.5993 -0.5204 -0.6084
vn -0.4788 0.3742 -0.7942
vn -0.0000 0.9318 -0.3629
vn -0.0000 0.8795 0.4759
vn -0.0000 -0.3917 0.9201
vn -0.0000 -0.9100 0.4146
vn -0.0145 0.4165 0.9090
vt 0.914606 0.959108
vt 0.922983 0.983349
vt 0.920400 0.984525
vt 0.912023 0.960285
vt 0.847665 0.841285
vt 0.910802 0.797382
vt 0.911537 0.879227
vt 0.973939 0.841285
vt 0.929387 0.981833
vt 0.929580 0.958082
vt 0.910802 0.958043
vt 0.910802 0.981435
vt 0.847956 0.840678
vt 0.892024 0.958082
vt 0.910802 0.796774
vt 0.973648 0.840678
vt 0.892217 0.981833
vt 0.902025 0.841285
vt 0.919525 0.958082
vt 0.907027 0.840678
vt 0.973939 0.881873
vt 0.910802 0.873699
vt 0.910802 0.878709
vt 0.973648 0.886874
vt 0.927752 0.981833
vt 0.891568 0.902830
vt 0.910802 0.899420
vt 0.910802 0.904230
vt 0.892217 0.907600
vt 0.847665 0.881873
vt 0.847956 0.886874
vt 0.930036 0.902830
vt 0.929387 0.907600
vt 0.930036 0.984525
vt 0.910802 0.984140
vt 0.910802 0.960285
vt 0.930036 0.960285
vt 0.891568 0.984525
vt 0.891568 0.960285
vt 0.891568 0.894453
vt 0.910802 0.892510
vt 0.910802 0.889928
vt 0.891568 0.891870
vt 0.910802 0.896838
vt 0.930036 0.900248
vt 0.891568 0.900248
vt 0.930036 0.894453
vt 0.930036 0.891870
vt 0.930036 0.959108
vt 0.910802 0.959108
vt 0.891568 0.959108
s 1
usemtl miku_plush
f 763/661/757 760/662/758 776/663/759 778/664/760
f 757/665/761 762/666/762 781/667/763
f 762/666/762 758/668/764 781/667/763
f 759/662/765 761/661/766 777/664/767 775/663/768
f 769/669/769 772/670/770 774/671/771 773/672/772
f 766/673/773 770/674/774 774/671/771 771/675/775
f 771/675/775 774/671/771 772/670/770 767/676/776
f 768/677/777 773/672/772 774/671/771 770/674/774
f 757/678/761 761/661/766 770/679/774 766/680/773
f 758/681/764 762/682/762 771/683/775 767/684/776
f 760/662/758 763/661/757 772/679/770 769/685/769
f 759/686/765 764/687/778 773/688/772 768/689/777
f 761/661/766 759/662/765 768/685/777 770/679/774
f 762/682/762 757/690/761 766/691/773 771/683/775
f 763/661/757 758/678/764 767/680/776 772/679/770
f 764/687/778 760/692/758 769/693/769 773/688/772
f 776/694/759 779/695/779 780/696/780 778/697/760
f 775/698/768 777/699/767 780/696/780 779/695/779
f 761/700/766 765/701/781 780/702/780 777/703/767
f 760/692/758 764/687/778 779/704/779 776/705/759
f 764/687/778 759/686/765 775/706/768 779/704/779
f 765/701/781 763/707/757 778/708/760 780/702/780
f 781/667/763 758/668/764 763/709/757 765/710/782
f 781/667/763 765/710/782 761/711/766 757/665/761
o hair_clips
v -0.724935 1.942893 -0.308322
v -0.874847 2.030117 -0.410267
v -0.566734 1.923735 -0.557351
v -0.716647 2.010959 -0.659296
v -0.609904 2.202649 -0.255230
v -0.759816 2.289873 -0.357174
v -0.451703 2.183491 -0.504259
v -0.601616 2.270716 -0.606203
v -0.672286 1.873582 -0.445046
v -0.799891 1.986505 -0.359295
v -0.822199 1.960806 -0.546990
v -0.641691 1.967347 -0.608324
v -0.475436 2.049522 -0.583984
v -0.625349 2.136747 -0.685929
v -0.526660 2.227104 -0.555231
v -0.504352 2.252802 -0.367535
v -0.654264 2.340026 -0.469480
v -0.684860 2.246261 -0.306202
v -0.701202 2.076862 -0.228597
v -0.851114 2.164086 -0.330542
v -0.776158 2.120474 -0.279570
v -0.579308 2.296414 -0.418508
v -0.550392 2.093134 -0.634956
v -0.747242 1.917194 -0.496018
v 0.724935 1.942893 -0.308322
v 0.874847 2.030117 -0.410267
v 0.566734 1.923735 -0.557351
v 0.716647 2.010959 -0.659296
v 0.609904 2.202649 -0.255230
v 0.759816 2.289873 -0.357174
v 0.451703 2.183491 -0.504259
v 0.601616 2.270716 -0.606203
v 0.672286 1.873582 -0.445046
v 0.799891 1.986505 -0.359295
v 0.822199 1.960806 -0.546990
v 0.641691 1.967347 -0.608324
v 0.475436 2.049522 -0.583984
v 0.625349 2.136747 -0.685929
v 0.526660 2.227104 -0.555231
v 0.504352 2.252802 -0.367535
v 0.654264 2.340026 -0.469480
v 0.684860 2.246261 -0.306202
v 0.701202 2.076862 -0.228597
v 0.851114 2.164086 -0.330542
v 0.776158 2.120474 -0.279570
v 0.579308 2.296414 -0.418508
v 0.550392 2.093134 -0.634956
v 0.747242 1.917194 -0.496018
v -0.705125 1.960476 -0.322408
v -0.855037 2.047700 -0.424353
v -0.569747 1.944082 -0.535513
v -0.719659 2.031306 -0.637457
v -0.606891 2.182302 -0.277068
v -0.756804 2.269526 -0.379013
v -0.471513 2.165908 -0.490173
v -0.621425 2.253132 -0.592117
v -0.660345 1.900546 -0.439535
v -0.780081 2.004088 -0.373381
v -0.810258 1.987770 -0.541479
v -0.644703 1.987694 -0.586485
v -0.491489 2.051466 -0.558715
v -0.641401 2.138690 -0.660659
v -0.546469 2.209520 -0.541145
v -0.516293 2.225838 -0.373047
v -0.666205 2.313062 -0.474991
v -0.681848 2.225914 -0.328041
v -0.685149 2.074918 -0.253866
v -0.835062 2.162142 -0.355811
v -0.760105 2.118530 -0.304839
v -0.591249 2.269450 -0.424019
v -0.566445 2.095078 -0.609687
v -0.735302 1.944158 -0.490507
v 0.705125 1.960476 -0.322408
v 0.855037 2.047700 -0.424353
v 0.569747 1.944082 -0.535513
v 0.719659 2.031306 -0.637457
v 0.606891 2.182302 -0.277068
v 0.756804 2.269526 -0.379013
v 0.471513 2.165908 -0.490173
v 0.621425 2.253132 -0.592117
v 0.660345 1.900546 -0.439535
v 0.780081 2.004088 -0.373381
v 0.810258 1.987770 -0.541479
v 0.644703 1.987694 -0.586485
v 0.491489 2.051466 -0.558715
v 0.641401 2.138690 -0.660659
v 0.546469 2.209520 -0.541145
v 0.516293 2.225838 -0.373047
v 0.666205 2.313062 -0.474991
v 0.681848 2.225914 -0.328041
v 0.685149 2.074918 -0.253866
v 0.835062 2.162142 -0.355811
v 0.760105 2.118530 -0.304839
v 0.591249 2.269450 -0.424019
v 0.566445 2.095078 -0.609687
v 0.735302 1.944158 -0.490507
vn -0.3980 -0.8988 -0.1837
vn -0.7766 -0.4302 -0.4603
vn -0.3951 -0.2493 -0.8842
vn 0.1004 -0.6782 -0.7280
vn 0.5351 -0.0648 -0.8423
vn -0.0505 0.2214 -0.9739
vn 0.0378 0.7281 -0.6844
vn 0.6603 0.5861 -0.4695
vn 0.3980 0.8988 0.1837
vn -0.1554 0.9725 -0.1736
vn -0.5503 0.7993 0.2413
vn -0.1004 0.6782 0.7280
vn -0.5351 0.0648 0.8423
vn -0.8841 0.3224 0.3383
vn -0.9831 -0.1781 0.0415
vn -0.6603 -0.5861 0.4695
vn 0.0505 -0.2214 0.9739
vn -0.0378 -0.7281 0.6844
vn 0.3951 0.2493 0.8842
vn 0.7766 0.4302 0.4603
vn 0.9831 0.1781 -0.0415
vn 0.8841 -0.3224 -0.3383
vn 0.5503 -0.7993 -0.2413
vn 0.1554 -0.9725 0.1736
vn 0.3980 -0.8988 -0.1837
vn -0.1004 -0.6782 -0.7280
vn 0.3951 -0.2493 -0.8842
vn 0.7766 -0.4302 -0.4603
vn -0.5351 -0.0648 -0.8423
vn -0.6603 0.5861 -0.4695
vn -0.0378 0.7281 -0.6844
vn 0.0505 0.2214 -0.9739
vn -0.3980 0.8988 0.1837
vn 0.1004 0.6782 0.7280
vn 0.5503 0.7993 0.2413
vn 0.1554 0.9725 -0.1736
vn 0.5351 0.0648 0.8423
vn 0.6603 -0.5861 0.4695
vn 0.9831 -0.1781 0.0415
vn 0.8841 0.3224 0.3383
vn -0.0505 -0.2214 0.9739
vn 0.0378 -0.7281 0.6844
vn -0.3951 0.2493 0.8842
vn -0.7766 0.4302 0.4603
vn -0.9831 0.1781 -0.0415
vn -0.8841 -0.3224 -0.3383
vn -0.5503 -0.7993 -0.2413
vn -0.1554 -0.9725 0.1736
vn -0.1007 0.6780 0.7281
vn -0.6545 0.7552 0.0364
vn -0.3743 0.8756 -0.3052
vn -0.6604 -0.5858 0.4698
vn -0.9928 -0.0086 -0.1198
vn -0.9174 0.3893 0.0832
vn 0.1007 -0.6780 -0.7281
vn -0.5328 -0.0643 -0.8438
vn -0.8376 -0.1705 -0.5190
vn 0.6604 0.5858 -0.4698
vn -0.1946 0.6995 -0.6877
vn -0.2901 0.3133 -0.9043
vn 0.9174 -0.3893 -0.0832
vn 0.9928 0.0086 0.1198
vn 0.6545 -0.7552 -0.0364
vn 0.3743 -0.8756 0.3052
vn 0.1946 -0.6995 0.6877
vn 0.2901 -0.3133 0.9043
vn 0.5328 0.0643 0.8438
vn 0.8376 0.1705 0.5190
vn 0.3743 0.8756 -0.3052
vn 0.6545 0.7552 0.0364
vn 0.1007 0.6780 0.7281
vn 0.9174 0.3893 0.0832
vn 0.9928 -0.0086 -0.1198
vn 0.6604 -0.5858 0.4698
vn 0.8376 -0.1705 -0.5190
vn 0.5328 -0.0643 -0.8438
vn -0.1007 -0.6780 -0.7281
vn 0.2901 0.3133 -0.9043
vn 0.1946 0.6995 -0.6877
vn -0.6604 0.5858 -0.4698
vn -0.9174 -0.3893 -0.0832
vn -0.9928 0.0086 0.1198
vn -0.6545 -0.7552 -0.0364
vn -0.3743 -0.8756 0.3052
vn -0.1946 -0.6995 0.6877
vn -0.2901 -0.3133 0.9043
vn -0.5328 0.0643 0.8438
vn -0.8376 0.1705 0.5190
vt 0.615292 0.929155
vt 0.620666 0.940532
vt 0.611450 0.949244
vt 0.600815 0.945298
vt 0.600704 0.966499
vt 0.612088 0.960955
vt 0.621137 0.969413
vt 0.617466 0.980966
vt 0.639062 0.979316
vt 0.634439 0.969496
vt 0.642833 0.959272
vt 0.654181 0.963822
vt 0.653563 0.941645
vt 0.642024 0.946930
vt 0.633323 0.938958
vt 0.637006 0.928300
vt 0.664507 0.937325
vt 0.641628 0.916516
vt 0.664507 0.967485
vt 0.645021 0.992012
vt 0.612460 0.992744
vt 0.589670 0.970861
vt 0.590485 0.941542
vt 0.609305 0.916671
s 1
usemtl miku_plush
f 805/712/783 792/713/784 785/714/785 793/715/786
f 804/716/787 795/717/788 789/718/789 796/719/790
f 803/720/791 798/721/792 787/722/793 799/723/794
f 802/724/795 801/725/796 783/726/797 791/727/798
f 800/728/799 802/724/795 791/727/798 782/729/800
f 786/730/801 799/723/794 802/724/795 800/728/799
f 799/723/794 787/722/793 801/725/796 802/724/795
f 797/731/802 803/720/791 799/723/794 786/730/801
f 788/732/803 796/719/790 803/720/791 797/731/802
f 796/719/790 789/718/789 798/721/792 803/720/791
f 794/733/804 804/716/787 796/719/790 788/732/803
f 784/734/805 793/715/786 804/716/787 794/733/804
f 793/715/786 785/714/785 795/717/788 804/716/787
f 790/735/806 805/712/783 793/715/786 784/734/805
f 782/729/800 791/727/798 805/712/783 790/735/806
f 791/727/798 783/726/797 792/713/784 805/712/783
f 829/712/807 817/715/808 809/714/809 816/713/810
f 828/716/811 820/719/812 813/718/813 819/717/814
f 827/720/815 823/723/816 811/722/817 822/721/818
f 826/724/819 815/727/820 807/726/821 825/725/822
f 824/728/823 806/729/824 815/727/820 826/724/819
f 810/730/825 824/728/823 826/724/819 823/723/816
f 823/723/816 826/724/819 825/725/822 811/722/817
f 821/731/826 810/730/825 823/723/816 827/720/815
f 812/732/827 821/731/826 827/720/815 820/719/812
f 820/719/812 827/720/815 822/721/818 813/718/813
f 818/733/828 812/732/827 820/719/812 828/716/811
f 808/734/829 818/733/828 828/716/811 817/715/808
f 817/715/808 828/716/811 819/717/814 809/714/809
f 814/735/830 808/734/829 817/715/808 829/712/807
f 806/729/824 814/735/830 829/712/807 815/727/820
f 815/727/820 829/712/807 816/713/810 807/726/821
f 853/712/791 841/715/831 833/714/832 840/713/833
f 852/716/795 844/719/834 837/718/835 843/717/836
f 851/720/783 847/723/837 835/722/838 846/721/839
f 850/724/787 839/727/840 831/726/841 849/725/842
f 848/728/843 830/729/844 839/727/840 850/724/787
f 834/730/845 848/728/843 850/724/787 847/723/837
f 847/723/837 850/724/787 849/725/842 835/722/838
f 845/731/846 834/730/845 847/723/837 851/720/783
f 836/732/847 845/731/846 851/720/783 844/719/834
f 844/719/834 851/720/783 846/721/839 837/718/835
f 842/733/848 836/732/847 844/719/834 852/716/795
f 832/734/849 842/733/848 852/716/795 841/715/831
f 841/715/831 852/716/795 843/717/836 833/714/832
f 838/735/850 832/734/849 841/715/831 853/712/791
f 830/729/844 838/735/850 853/712/791 839/727/840
f 839/727/840 853/712/791 840/713/833 831/726/841
f 877/712/815 864/713/851 857/714/852 865/715/853
f 876/716/819 867/717/854 861/718/855 868/719/856
f 875/720/807 870/721/857 859/722/858 871/723/859
f 874/724/811 873/725/860 855/726/861 863/727/862
f 872/728/863 874/724/811 863/727/862 854/729/864
f 858/730/865 871/723/859 874/724/811 872/728/863
f 871/723/859 859/722/858 873/725/860 874/724/811
f 869/731/866 875/720/807 871/723/859 858/730/865
f 860/732/867 868/719/856 875/720/807 869/731/866
f 868/719/856 861/718/855 870/721/857 875/720/807
f 866/733/868 876/716/819 868/719/856 860/732/867
f 856/734/869 865/715/853 876/716/819 866/733/868
f 865/715/853 857/714/852 867/717/854 876/716/819
f 862/735/870 877/712/815 865/715/853 856/734/869
f 854/729/864 863/727/862 877/712/815 862/735/870
f 863/727/862 855/726/861 864/713/851 877/712/815
f 782/729/800 790/735/806 838/735/850 830/729/844
f 785/714/785 792/713/784 840/713/833 833/714/832
f 784/734/805 794/733/804 842/733/848 832/734/849
f 789/718/789 795/717/788 843/717/836 837/718/835
f 788/732/803 797/731/802 845/731/846 836/732/847
f 787/722/793 798/721/792 846/721/839 835/722/838
f 786/730/801 800/728/799 848/728/843 834/730/845
f 783/726/797 801/725/796 849/725/842 831/726/841
f 790/735/806 784/734/805 832/734/849 838/735/850
f 792/713/784 783/726/797 831/726/841 840/713/833
f 794/733/804 788/732/803 836/732/847 842/733/848
f 795/717/788 785/714/785 833/714/832 843/717/836
f 797/731/802 786/730/801 834/730/845 845/731/846
f 798/721/792 789/718/789 837/718/835 846/721/839
f 800/728/799 782/729/800 830/729/844 848/728/843
f 801/725/796 787/722/793 835/722/838 849/725/842
f 814/735/830 806/729/824 854/729/864 862/735/870
f 816/713/810 809/714/809 857/714/852 864/713/851
f 818/733/828 808/734/829 856/734/869 866/733/868
f 819/717/814 813/718/813 861/718/855 867/717/854
f 821/731/826 812/732/827 860/732/867 869/731/866
f 822/721/818 811/722/817 859/722/858 870/721/857
f 824/728/823 810/730/825 858/730/865 872/728/863
f 825/725/822 807/726/821 855/726/861 873/725/860
f 808/734/829 814/735/830 862/735/870 856/734/869
f 807/726/821 816/713/810 864/713/851 855/726/861
f 812/732/827 818/733/828 866/733/868 860/732/867
f 809/714/809 819/717/814 867/717/854 857/714/852
f 810/730/825 821/731/826 869/731/866 858/730/865
f 813/718/813 822/721/818 870/721/857 861/718/855
f 806/729/824 824/728/823 872/728/863 854/729/864
f 811/722/817 825/725/822 873/725/860 859/722/858
o legs
v 0.400487 0.306180 0.709886
v 0.225050 0.302981 0.111431
v 0.394080 0.068813 0.712335
v 0.213841 0.084852 -0.009237
v 0.606442 0.300373 0.664513
v 0.437361 0.326582 -0.099015
v 0.600036 0.063006 0.666962
v 0.464061 0.095932 -0.106248
v 0.346986 0.184260 0.723362
v 0.308155 0.297059 0.372181
v 0.171549 0.159143 -0.001635
v 0.301748 0.069000 0.372290
v 0.495852 0.022990 0.689669
v 0.359877 0.055917 -0.083541
v 0.526020 0.064673 0.326544
v 0.653536 0.175617 0.655827
v 0.497327 0.208543 -0.117384
v 0.532427 0.292732 0.326435
v 0.504670 0.346195 0.687179
v 0.373497 0.340036 0.089468
v 0.430654 0.338554 0.349102
v 0.579521 0.177284 0.315409
v 0.421837 0.024658 0.349251
v 0.254654 0.184448 0.383316
v 0.421451 0.336295 0.801465
v 0.415044 0.070714 0.811008
v 0.627407 0.331410 0.755860
v 0.621000 0.065828 0.765403
v 0.367950 0.204698 0.817374
v 0.516817 0.018291 0.790002
v 0.674501 0.197426 0.749495
v 0.525634 0.383833 0.776867
v 0.451565 0.313665 0.866915
v 0.446367 0.098201 0.874657
v 0.618655 0.309701 0.829917
v 0.613457 0.094237 0.837659
v 0.408160 0.206901 0.879822
v 0.528934 0.055671 0.857615
v 0.656862 0.201001 0.824752
v 0.536088 0.352231 0.846959
v 0.533190 0.205576 0.884212
v 0.197431 0.307264 -0.074057
v 0.187586 0.143393 -0.187008
v 0.383904 0.326543 -0.234353
v 0.392796 0.141146 -0.234287
v 0.150441 0.180929 -0.173363
v 0.301291 0.120763 -0.218055
v 0.422014 0.240053 -0.244067
v 0.327813 0.339809 -0.093347
v 0.261340 0.244204 -0.291480
v 0.508764 0.196863 0.105099
v -0.400487 0.306180 0.709886
v -0.225050 0.302981 0.111431
v -0.394080 0.068813 0.712335
v -0.213841 0.084852 -0.009237
v -0.606442 0.300373 0.664513
v -0.437361 0.326582 -0.099015
v -0.600036 0.063006 0.666962
v -0.464061 0.095932 -0.106248
v -0.346986 0.184260 0.723362
v -0.308155 0.297059 0.372181
v -0.171549 0.159143 -0.001635
v -0.301748 0.069000 0.372290
v -0.495852 0.022990 0.689669
v -0.359877 0.055917 -0.083541
v -0.526020 0.064673 0.326544
v -0.653536 0.175617 0.655827
v -0.497327 0.208543 -0.117384
v -0.532427 0.292732 0.326435
v -0.504670 0.346195 0.687179
v -0.373497 0.340036 0.089468
v -0.430654 0.338554 0.349102
v -0.579521 0.177284 0.315409
v -0.421837 0.024658 0.349251
v -0.254654 0.184448 0.383316
v -0.421451 0.336295 0.801465
v -0.415044 0.070714 0.811008
v -0.627407 0.331410 0.755860
v -0.621000 0.065828 0.765403
v -0.367950 0.204698 0.817374
v -0.516817 0.018291 0.790002
v -0.674501 0.197426 0.749495
v -0.525634 0.383833 0.776867
v -0.451565 0.313665 0.866915
v -0.446367 0.098201 0.874657
v -0.618655 0.309701 0.829917
v -0.613457 0.094237 0.837659
v -0.408160 0.206901 0.879822
v -0.528934 0.055671 0.857615
v -0.656862 0.201001 0.824752
v -0.536088 0.352231 0.846959
v -0.533190 0.205576 0.884212
v -0.197431 0.307264 -0.074057
v -0.187586 0.143393 -0.187008
v -0.383904 0.326543 -0.234353
v -0.392796 0.141146 -0.234287
v -0.150441 0.180929 -0.173363
v -0.301291 0.120763 -0.218055
v -0.422014 0.240053 -0.244067
v -0.327813 0.339809 -0.093347
v -0.261340 0.244204 -0.291480
v -0.508764 0.196863 0.105099
vn -0.9691 -0.0203 0.2458
vn -0.9776 -0.1582 0.1391
vn -0.6081 -0.7937 -0.0151
vn -0.6548 -0.7423 0.1420
vn 0.0055 -0.9996 -0.0287
vn 0.0078 -0.9715 -0.2369
vn 0.6357 -0.6883 -0.3494
vn 0.6603 -0.7353 -0.1526
vn 0.9805 0.0130 -0.1960
vn 0.8649 0.4280 -0.2621
vn 0.5818 0.7962 -0.1661
vn 0.6848 0.7169 -0.1313
vn 0.0292 0.9996 0.0039
vn 0.0170 0.9996 0.0245
vn -0.6923 0.7033 0.1613
vn -0.6632 0.7292 0.1684
vn 0.7012 0.6587 -0.2728
vn -0.0113 0.9811 -0.1934
vn 0.0370 0.9991 0.0215
vn 0.7232 0.6870 -0.0710
vn -0.1085 -0.7429 -0.6605
vn 0.3988 -0.5513 -0.7328
vn 0.9805 0.0131 -0.1960
vn 0.8650 0.4280 -0.2621
vn 0.5983 0.2537 -0.7601
vn 0.2509 0.9673 0.0379
vn 0.5983 0.2536 -0.7601
vn 0.2708 0.8197 -0.5048
vn -0.1598 0.9732 -0.1654
vn -0.7014 0.7101 -0.0618
vn -0.9743 -0.0040 0.2251
vn -0.6915 -0.7016 0.1720
vn -0.6597 -0.6612 0.3572
vn -0.9323 0.0519 0.3579
vn -0.0177 -0.9998 -0.0014
vn 0.6690 -0.7309 -0.1352
vn 0.7189 -0.6894 0.0885
vn 0.0282 -0.9735 0.2268
vn 0.9729 -0.0636 -0.2224
vn 0.9998 -0.0025 -0.0211
vn -0.7045 0.7079 0.0502
vn 0.8649 0.4281 -0.2620
vn 0.6573 0.4629 0.5947
vn 0.8089 0.0036 0.5879
vn 0.1419 -0.6370 0.7577
vn -0.3726 -0.4270 0.8239
vn 0.1634 0.6890 0.7061
vn 0.6383 -0.4424 0.6300
vn -0.6522 0.7306 0.2018
vn 0.2067 0.0309 0.9779
vn -0.5319 0.0440 0.8457
vn -0.3573 0.5039 0.7864
vn -0.3559 0.2573 -0.8984
vn -0.9339 -0.0323 -0.3561
vn -0.5485 -0.6952 -0.4646
vn 0.9691 -0.0203 0.2458
vn 0.6548 -0.7423 0.1420
vn 0.6081 -0.7937 -0.0151
vn 0.9776 -0.1582 0.1391
vn -0.0055 -0.9996 -0.0287
vn -0.6603 -0.7353 -0.1526
vn -0.6357 -0.6883 -0.3494
vn -0.0078 -0.9715 -0.2369
vn -0.9805 0.0130 -0.1960
vn -0.6848 0.7169 -0.1313
vn -0.5818 0.7962 -0.1661
vn -0.8649 0.4280 -0.2621
vn -0.0292 0.9996 0.0039
vn 0.6632 0.7292 0.1684
vn 0.6923 0.7033 0.1613
vn -0.0170 0.9996 0.0245
vn -0.7012 0.6587 -0.2728
vn -0.7232 0.6870 -0.0710
vn -0.0370 0.9991 0.0215
vn 0.0113 0.9811 -0.1934
vn -0.3988 -0.5513 -0.7328
vn 0.1085 -0.7429 -0.6605
vn -0.9805 0.0131 -0.1960
vn -0.2509 0.9673 0.0379
vn -0.5982 0.2537 -0.7601
vn -0.8650 0.4280 -0.2620
vn -0.2708 0.8197 -0.5048
vn -0.5983 0.2536 -0.7601
vn 0.7014 0.7101 -0.0618
vn 0.1598 0.9732 -0.1654
vn 0.9743 -0.0040 0.2251
vn 0.9323 0.0519 0.3579
vn 0.6597 -0.6612 0.3572
vn 0.6915 -0.7016 0.1720
vn 0.0177 -0.9998 -0.0014
vn -0.0282 -0.9735 0.2268
vn -0.7189 -0.6894 0.0885
vn -0.6690 -0.7309 -0.1352
vn -0.9998 -0.0025 -0.0211
vn -0.9729 -0.0636 -0.2224
vn 0.7045 0.7079 0.0502
vn -0.8649 0.4281 -0.2620
vn -0.8089 0.0036 0.5879
vn -0.6573 0.4629 0.5947
vn 0.3726 -0.4270 0.8239
vn -0.1419 -0.6370 0.7577
vn -0.1634 0.6890 0.7061
vn -0.6383 -0.4424 0.6300
vn 0.6522 0.7306 0.2018
vn -0.2067 0.0309 0.9779
vn 0.5319 0.0440 0.8457
vn 0.3573 0.5039 0.7864
vn 0.3559 0.2573 -0.8984
vn 0.9339 -0.0323 -0.3561
vn 0.5485 -0.6952 -0.4646
vt 0.791510 0.155319
vt 0.791716 0.064162
vt 0.807065 0.064147
vt 0.811368 0.154640
vt 0.841459 0.154683
vt 0.843527 0.053755
vt 0.863361 0.053369
vt 0.861293 0.154297
vt 0.707820 0.154838
vt 0.707820 0.052766
vt 0.730361 0.053372
vt 0.727074 0.154396
vt 0.753332 0.154502
vt 0.753713 0.093016
vt 0.783698 0.091332
vt 0.777483 0.154306
vt 0.727384 0.234377
vt 0.753641 0.234483
vt 0.756114 0.255531
vt 0.729437 0.255844
vt 0.831322 0.020761
vt 0.849791 0.021227
vt 0.720464 0.020360
vt 0.714741 0.103777
vt 0.735561 0.020226
vt 0.755050 0.049477
vt 0.781386 0.047999
vt 0.911810 0.238436
vt 0.932822 0.240068
vt 0.931455 0.263333
vt 0.906399 0.260415
vt 0.843344 0.235258
vt 0.863178 0.234872
vt 0.863361 0.258161
vt 0.844061 0.258958
vt 0.939597 0.238344
vt 0.968398 0.240852
vt 0.971368 0.263165
vt 0.938339 0.261513
vt 0.773969 0.235045
vt 0.975064 0.160742
vt 0.995498 0.160994
vt 0.990905 0.240685
vt 0.946264 0.158234
vt 0.963574 0.058970
vt 0.990731 0.060038
vt 0.817043 0.235956
vt 0.916712 0.157062
vt 0.937724 0.158694
vt 0.880959 0.236793
vt 0.887892 0.156065
vt 0.891411 0.092911
vt 0.926022 0.066459
vt 0.995930 0.262581
vt 0.987902 0.278022
vt 0.967975 0.278496
vt 0.817292 0.259295
vt 0.840819 0.274939
vt 0.819101 0.275213
vt 0.754732 0.272102
vt 0.733089 0.272356
vt 0.856477 0.274293
vt 0.775964 0.256570
vt 0.873437 0.258101
vt 0.953951 0.335547
vt 0.925190 0.324295
vt 0.943176 0.304584
vt 0.964973 0.303113
vt 0.980000 0.345991
vt 0.980000 0.319160
vt 0.962014 0.365702
vt 0.940217 0.367173
vt 0.925190 0.351125
vt 0.923435 0.278984
vt 0.903108 0.276617
vt 0.941179 0.277156
vt 0.876367 0.274739
vt 0.770836 0.272945
vt 0.898026 0.005324
vt 0.921715 0.026496
vt 0.891316 0.049728
vt 0.873437 0.052197
vt 0.752964 0.002123
vt 0.972077 0.026204
vt 0.959704 0.023054
vt 0.985482 0.005324
vt 0.995930 0.027142
vt 0.804026 0.022768
vt 0.792513 0.024294
vt 0.815804 0.002611
s 1
usemtl miku_plush
f 901/736/871 888/737/872 881/738/873 889/739/874
f 900/740/875 891/741/876 885/742/877 892/743/878
f 899/744/879 894/745/880 883/746/881 895/747/882
f 898/748/883 897/749/884 879/750/885 887/751/886
f 882/752/887 896/753/888 909/754/889 904/755/890
f 885/742/877 891/741/876 924/756/891 922/757/892
f 899/744/893 894/745/894 925/758/895 928/759/896
f 883/746/881 894/745/880 925/758/897 921/760/898
f 879/750/885 897/749/884 926/761/899 919/762/900
f 886/763/901 880/764/902 903/765/903 906/766/904
f 890/767/905 884/768/906 905/769/907 907/770/908
f 884/771/906 893/772/909 908/773/910 905/774/907
f 896/753/888 898/748/883 887/751/886 878/775/911
f 882/752/887 895/747/882 898/748/883 896/753/888
f 895/747/882 883/746/881 897/749/884 898/748/883
f 893/772/909 899/776/879 895/777/882 882/778/887
f 884/771/906 892/779/878 899/776/879 893/772/909
f 892/779/878 885/780/877 894/781/912 899/776/879
f 890/767/905 900/740/875 892/743/878 884/768/906
f 880/782/902 889/739/874 900/740/875 890/767/905
f 889/739/874 881/738/873 891/741/876 900/740/875
f 886/763/901 901/783/871 889/784/874 880/764/902
f 878/785/911 887/786/886 901/783/871 886/763/901
f 887/786/886 879/787/885 888/788/872 901/783/871
f 908/773/910 904/789/890 912/790/913 916/791/914
f 903/792/903 907/770/908 915/793/915 911/794/916
f 904/755/890 909/754/889 917/795/917 912/796/913
f 907/770/908 905/769/907 913/797/918 915/793/915
f 893/772/909 882/778/887 904/789/890 908/773/910
f 880/782/902 890/767/905 907/770/908 903/792/903
f 896/753/888 878/775/911 902/798/919 909/754/889
f 878/785/911 886/763/901 906/766/904 902/799/919
f 918/800/920 916/801/914 912/802/913 917/803/917
f 914/804/921 918/800/920 917/803/917 910/805/922
f 911/806/916 915/807/915 918/800/920 914/804/921
f 915/807/915 913/808/918 916/801/914 918/800/920
f 906/766/904 903/765/903 911/809/916 914/810/921
f 905/774/907 908/773/910 916/791/914 913/811/918
f 902/799/919 906/766/904 914/810/921 910/812/922
f 909/754/889 902/798/919 910/813/922 917/795/917
f 927/814/923 923/815/924 919/816/900 926/817/899
f 925/758/897 927/818/923 926/761/899 921/760/898
f 922/819/892 924/820/891 927/821/923 925/822/897
f 924/756/891 920/823/925 923/824/924 927/825/923
f 881/738/873 888/737/872 923/824/924 920/823/925
f 897/749/884 883/746/881 921/760/898 926/761/899
f 894/781/912 885/780/877 922/819/892 925/822/897
f 891/741/876 881/738/873 920/823/925 924/756/891
f 888/788/872 879/787/885 919/816/900 923/815/924
f 952/736/926 940/739/927 932/738/928 939/737/929
f 951/740/930 943/743/931 936/742/932 942/741/933
f 950/744/934 946/747/935 934/746/936 945/745/937
f 949/748/938 938/751/939 930/750/940 948/749/941
f 933/752/942 955/755/943 960/754/944 947/753/945
f 936/742/932 973/757/946 975/756/947 942/741/933
f 950/744/948 979/759/949 976/758/950 945/745/951
f 934/746/936 972/760/952 976/758/953 945/745/937
f 930/750/940 970/762/954 977/761/955 948/749/941
f 937/763/956 957/766/957 954/765/958 931/764/959
f 941/767/960 958/770/961 956/769/962 935/768/963
f 935/771/963 956/774/962 959/773/964 944/772/965
f 947/753/945 929/775/966 938/751/939 949/748/938
f 933/752/942 947/753/945 949/748/938 946/747/935
f 946/747/935 949/748/938 948/749/941 934/746/936
f 944/772/965 933/778/942 946/777/935 950/776/934
f 935/771/963 944/772/965 950/776/934 943/779/931
f 943/779/931 950/776/934 945/781/967 936/780/932
f 941/767/960 935/768/963 943/743/931 951/740/930
f 931/782/959 941/767/960 951/740/930 940/739/927
f 940/739/927 951/740/930 942/741/933 932/738/928
f 937/763/956 931/764/959 940/784/927 952/783/926
f 929/785/966 937/763/956 952/783/926 938/786/939
f 938/786/939 952/783/926 939/788/929 930/787/940
f 959/773/964 967/791/968 963/790/969 955/789/943
f 954/792/958 962/794/970 966/793/971 958/770/961
f 955/755/943 963/796/969 968/795/972 960/754/944
f 958/770/961 966/793/971 964/797/973 956/769/962
f 944/772/965 959/773/964 955/789/943 933/778/942
f 931/782/959 954/792/958 958/770/961 941/767/960
f 947/753/945 960/754/944 953/798/974 929/775/966
f 929/785/966 953/799/974 957/766/957 937/763/956
f 969/800/975 968/803/972 963/802/969 967/801/968
f 965/804/976 961/805/977 968/803/972 969/800/975
f 962/806/970 965/804/976 969/800/975 966/807/971
f 966/807/971 969/800/975 967/801/968 964/808/973
f 957/766/957 965/810/976 962/809/970 954/765/958
f 956/774/962 964/811/973 967/791/968 959/773/964
f 953/799/974 961/812/977 965/810/976 957/766/957
f 960/754/944 968/795/972 961/813/977 953/798/974
f 978/814/978 977/817/955 970/816/954 974/815/979
f 976/758/953 972/760/952 977/761/955 978/818/978
f 973/819/946 976/822/953 978/821/978 975/820/947
f 975/756/947 978/825/978 974/824/979 971/823/980
f 932/738/928 971/823/980 974/824/979 939/737/929
f 948/749/941 977/761/955 972/760/952 934/746/936
f 945/781/967 976/822/953 973/819/946 936/780/932
f 942/741/933 975/756/947 971/823/980 932/738/928
f 939/788/929 974/815/979 970/816/954 930/787/940
o twintails
v -1.845903 0.208017 0.062474
v -1.229138 1.434847 -0.097146
v -1.649213 0.353264 -0.565677
v -1.146003 1.604536 -0.713951
v -1.131500 0.565055 -0.019077
v -0.982429 1.655926 -0.205293
v -1.105514 0.596927 -0.582955
v -0.897517 1.531727 -0.702278
v -1.887503 0.235065 -0.287528
v -1.449711 0.778029 0.083657
v -1.172721 1.819758 -0.472647
v -1.314004 0.974317 -0.719491
v -1.414904 0.326569 -0.579280
v -0.979161 1.682733 -0.782336
v -0.979706 0.969568 -0.672250
v -1.067907 0.594331 -0.320620
v -0.920011 1.586457 -0.438767
v -0.997162 0.991842 -0.033924
v -1.550193 0.231083 0.121963
v -1.092542 1.580622 -0.082415
v -0.977055 2.042566 -0.513109
v -1.540497 0.154433 -0.266586
v -1.233054 0.746446 0.225012
v -0.932172 1.020818 -0.365346
v -1.118728 0.900975 -0.807956
v -1.436743 1.127331 -0.380391
v -0.864576 2.008081 -0.381907
v -0.832852 1.863034 -0.684771
v -0.856460 1.961477 -0.720912
v -0.828892 2.010336 -0.525862
v -0.869074 2.076569 -0.370296
v -0.818940 2.186796 -0.548111
v -0.763095 2.063670 -0.417765
v -0.714178 2.034420 -0.511593
v -0.737047 2.129702 -0.379301
v -0.695319 2.205072 -0.500902
v -0.681471 2.072243 -0.511066
v -0.700588 2.151893 -0.400478
v -0.662867 2.204755 -0.496928
v -1.914560 0.194638 -0.084682
v -1.297478 1.158353 0.001088
v -1.156305 1.762023 -0.627539
v -1.505676 0.596285 -0.647438
v -1.574776 0.291586 -0.572384
v -0.925600 1.567897 -0.778310
v -1.038655 0.743446 -0.634644
v -1.078079 0.597364 -0.483725
v -0.945730 1.641526 -0.315895
v -1.051152 0.727391 -0.007453
v -1.299579 0.403223 0.061537
v -1.179656 1.467491 -0.062393
v -1.779444 0.286592 -0.458766
v -1.691731 0.418035 0.098317
v -1.204271 1.656456 -0.265058
v -1.198573 1.350216 -0.733064
v -1.231241 0.462064 -0.590818
v -1.079347 1.638936 -0.752084
v -0.936733 1.253924 -0.693853
v -1.089475 0.578884 -0.144941
v -0.899687 1.542740 -0.577647
v -0.989284 1.330295 -0.105936
v -1.766835 0.159270 0.115271
v -1.035612 1.600129 -0.107046
v -1.030065 1.892022 -0.306357
v -0.968773 1.959617 -0.671446
v -0.971046 1.901549 -0.260788
v -1.074937 1.964494 -0.495878
v -1.580248 0.151581 -0.062379
v -1.495662 0.200876 -0.435078
v -1.797142 0.086277 -0.265392
v -1.272575 0.355477 -0.290309
v -1.362341 0.700014 0.211643
v -1.100690 0.872528 0.125561
v -1.400075 0.435284 0.224521
v -1.151675 1.131094 0.120328
v -0.944504 1.032305 -0.199723
v -0.944723 0.999149 -0.530475
v -0.964176 0.801497 -0.343200
v -0.928511 1.299703 -0.397212
v -1.037739 0.930061 -0.766697
v -1.218091 0.907808 -0.793931
v -1.267496 0.569302 -0.714923
v -1.034190 1.278180 -0.825339
v -1.386056 1.092282 -0.580567
v -1.467136 0.975177 -0.136499
v -1.707435 0.634430 -0.328829
v -1.269477 1.539665 -0.431964
v -0.838404 1.912723 -0.714463
v -0.849348 1.996988 -0.440047
v -0.829389 1.927912 -0.618118
v -0.874388 2.029214 -0.353239
v -0.843464 2.154800 -0.442277
v -0.842807 2.075167 -0.658067
v -0.802833 2.123147 -0.565637
v -0.893788 2.120825 -0.534656
v -0.855949 1.738984 -0.698037
v -0.884423 1.820181 -0.485587
v -0.898031 1.877057 -0.752628
v -0.934859 1.883862 -0.307573
v -0.744591 2.060910 -0.453601
v -0.752770 2.094987 -0.406288
v -0.710503 2.190452 -0.450499
v -0.699068 2.142811 -0.516645
v -0.801328 2.050862 -0.408984
v -0.792369 2.137059 -0.406427
v -0.773271 2.072606 -0.505776
v -0.755644 2.213389 -0.513943
v -0.677542 2.192992 -0.449719
v -0.666584 2.147336 -0.513109
v -0.679093 2.204913 -0.498915
v -0.697920 2.039104 -0.510044
v -0.720312 2.132402 -0.380507
v -1.241739 1.489009 -0.611442
v -0.972189 1.259995 -0.788136
v -0.947292 1.338675 -0.249532
v -1.241184 1.083424 0.112085
v -1.303243 0.347853 -0.098611
v -1.120928 1.793318 -0.282487
v -0.862092 1.765330 -0.598279
v -0.932612 2.036070 -0.377788
v -1.064186 1.891788 -0.651745
v -1.833007 0.076860 -0.062950
v -1.710150 0.148236 -0.432674
v -1.260383 0.381087 -0.457664
v -1.577678 0.373962 0.211793
v -1.203857 0.582520 0.137457
v -1.061499 1.237874 0.033446
v -0.978814 0.790758 -0.170698
v -0.983056 0.788768 -0.509149
v -0.923979 1.267496 -0.553861
v -1.139648 0.651552 -0.697839
v -1.392184 0.554433 -0.703972
v -1.120930 1.290395 -0.804330
v -1.620126 0.641396 -0.519729
v -1.737169 0.531947 -0.100809
v -1.297205 1.375178 -0.203665
v -0.802282 2.084376 -0.391019
v -0.821616 2.031881 -0.642133
v -0.875371 1.775107 -0.756417
v -0.892968 2.035910 -0.671021
v -0.963501 1.871448 -0.250876
v -0.908654 1.864707 -0.387396
v -0.721802 2.116978 -0.452455
v -0.790111 2.042881 -0.454293
v -0.757602 2.153409 -0.528877
v -0.771662 2.196287 -0.460112
v -0.682837 2.143459 -0.514731
v -0.694192 2.190769 -0.449044
v 1.838594 0.208017 0.062474
v 1.221829 1.434847 -0.097146
v 1.641904 0.353264 -0.565677
v 1.138695 1.604536 -0.713951
v 1.124191 0.565055 -0.019077
v 0.975120 1.655926 -0.205293
v 1.098205 0.596927 -0.582955
v 0.890208 1.531727 -0.702278
v 1.880194 0.235065 -0.287528
v 1.442402 0.778029 0.083657
v 1.165412 1.819758 -0.472647
v 1.306695 0.974317 -0.719491
v 1.407595 0.326569 -0.579280
v 0.971852 1.682733 -0.782336
v 0.972397 0.969568 -0.672250
v 1.060598 0.594331 -0.320620
v 0.912702 1.586457 -0.438767
v 0.989853 0.991842 -0.033924
v 1.542884 0.231083 0.121963
v 1.085233 1.580622 -0.082415
v 0.969746 2.042566 -0.513109
v 1.533188 0.154433 -0.266586
v 1.225745 0.746446 0.225012
v 0.924863 1.020818 -0.365346
v 1.111419 0.900975 -0.807956
v 1.429434 1.127331 -0.380391
v 0.857267 2.008081 -0.381907
v 0.825543 1.863034 -0.684771
v 0.849151 1.961477 -0.720912
v 0.821583 2.010336 -0.525862
v 0.861765 2.076569 -0.370296
v 0.811631 2.186796 -0.548111
v 0.755787 2.063670 -0.417765
v 0.706869 2.034420 -0.511593
v 0.729738 2.129702 -0.379301
v 0.688010 2.205072 -0.500902
v 0.674162 2.072243 -0.511066
v 0.693279 2.151893 -0.400478
v 0.655558 2.204755 -0.496928
v 1.907251 0.194638 -0.084682
v 1.290169 1.158353 0.001088
v 1.148996 1.762023 -0.627539
v 1.498367 0.596285 -0.647438
v 1.567467 0.291586 -0.572384
v 0.918291 1.567897 -0.778310
v 1.031346 0.743446 -0.634644
v 1.070770 0.597364 -0.483725
v 0.938421 1.641526 -0.315895
v 1.043843 0.727391 -0.007453
v 1.292270 0.403223 0.061537
v 1.172347 1.467491 -0.062393
v 1.772135 0.286592 -0.458766
v 1.684422 0.418035 0.098317
v 1.196962 1.656456 -0.265058
v 1.191264 1.350216 -0.733064
v 1.223932 0.462064 -0.590818
v 1.072038 1.638936 -0.752084
v 0.929424 1.253924 -0.693853
v 1.082166 0.578884 -0.144941
v 0.892378 1.542740 -0.577647
v 0.981975 1.330295 -0.105936
v 1.759526 0.159270 0.115271
v 1.028303 1.600129 -0.107046
v 1.022756 1.892022 -0.306357
v 0.961464 1.959617 -0.671446
v 0.963737 1.901549 -0.260788
v 1.067628 1.964494 -0.495878
v 1.572939 0.151581 -0.062379
v 1.488353 0.200876 -0.435078
v 1.789833 0.086277 -0.265392
v 1.265266 0.355477 -0.290309
v 1.355032 0.700014 0.211643
v 1.093382 0.872528 0.125561
v 1.392766 0.435284 0.224521
v 1.144367 1.131094 0.120328
v 0.937195 1.032305 -0.199723
v 0.937414 0.999149 -0.530475
v 0.956867 0.801497 -0.343200
v 0.921202 1.299703 -0.397212
v 1.030430 0.930061 -0.766697
v 1.210782 0.907808 -0.793931
v 1.260187 0.569302 -0.714923
v 1.026881 1.278180 -0.825339
v 1.378747 1.092282 -0.580567
v 1.459827 0.975177 -0.136499
v 1.700126 0.634430 -0.328829
v 1.262168 1.539665 -0.431964
v 0.831095 1.912723 -0.714463
v 0.842039 1.996988 -0.440047
v 0.822080 1.927912 -0.618118
v 0.867079 2.029214 -0.353239
v 0.836155 2.154800 -0.442277
v 0.835498 2.075167 -0.658067
v 0.795524 2.123147 -0.565637
v 0.886479 2.120825 -0.534656
v 0.848640 1.738984 -0.698037
v 0.877114 1.820181 -0.485587
v 0.890722 1.877057 -0.752628
v 0.927550 1.883862 -0.307573
v 0.737282 2.060910 -0.453601
v 0.745461 2.094987 -0.406288
v 0.703194 2.190452 -0.450499
v 0.691760 2.142811 -0.516645
v 0.794019 2.050862 -0.408984
v 0.785060 2.137059 -0.406427
v 0.765962 2.072606 -0.505776
v 0.748335 2.213389 -0.513943
v 0.670233 2.192992 -0.449719
v 0.659275 2.147336 -0.513109
v 0.671784 2.204913 -0.498915
v 0.690611 2.039104 -0.510044
v 0.713004 2.132402 -0.380507
v 1.234430 1.489009 -0.611442
v 0.964880 1.259995 -0.788136
v 0.939983 1.338675 -0.249532
v 1.233875 1.083424 0.112085
v 1.295934 0.347853 -0.098611
v 1.113619 1.793318 -0.282487
v 0.854783 1.765330 -0.598279
v 0.925303 2.036070 -0.377788
v 1.056877 1.891788 -0.651745
v 1.825698 0.076860 -0.062950
v 1.702842 0.148236 -0.432674
v 1.253075 0.381087 -0.457664
v 1.570369 0.373962 0.211793
v 1.196548 0.582520 0.137457
v 1.054190 1.237874 0.033446
v 0.971505 0.790758 -0.170698
v 0.975747 0.788768 -0.509149
v 0.916670 1.267496 -0.553861
v 1.132339 0.651552 -0.697839
v 1.384875 0.554433 -0.703972
v 1.113621 1.290395 -0.804330
v 1.612817 0.641396 -0.519729
v 1.729860 0.531947 -0.100809
v 1.289896 1.375178 -0.203665
v 0.794973 2.084376 -0.391019
v 0.814307 2.031881 -0.642133
v 0.868062 1.775107 -0.756417
v 0.885659 2.035910 -0.671021
v 0.956192 1.871448 -0.250876
v 0.901345 1.864707 -0.387396
v 0.714493 2.116978 -0.452455
v 0.782802 2.042881 -0.454293
v 0.750293 2.153409 -0.528877
v 0.764353 2.196287 -0.460112
v 0.675528 2.143459 -0.514731
v 0.686883 2.190769 -0.449044
vn -0.9085 0.4120 -0.0698
vn -0.9408 0.3352 -0.0509
vn -0.8780 0.2677 -0.3968
vn -0.8305 0.3087 -0.4636
vn -0.8818 0.4717 -0.0025
vn -0.8107 0.3624 -0.4598
vn -0.7017 0.2371 -0.6718
vn -0.6897 0.1978 -0.6966
vn -0.6439 0.1729 -0.7453
vn 0.1752 -0.2147 -0.9608
vn 0.1029 0.0103 -0.9946
vn 0.7093 -0.1233 -0.6940
vn 0.6756 -0.2743 -0.6844
vn -0.1107 0.1950 -0.9745
vn 0.6626 -0.0673 -0.7459
vn 0.9693 -0.1504 -0.1943
vn 0.9584 -0.1430 -0.2469
vn 0.9168 -0.2248 -0.3300
vn 0.9963 -0.0828 0.0215
vn 0.9963 -0.0170 0.0841
vn 0.9760 0.0356 0.2149
vn 0.9791 -0.0417 0.1990
vn 0.9818 -0.0589 0.1807
vn 0.9645 -0.0201 0.2634
vn 0.9134 0.0362 0.4054
vn 0.9016 0.0923 0.4226
vn 0.9019 -0.0321 0.4308
vn 0.2740 0.0113 0.9617
vn 0.1338 0.3039 0.9433
vn -0.4627 0.3766 0.8026
vn -0.3717 0.2654 0.8896
vn -0.0968 0.4961 0.8628
vn -0.5360 0.4610 0.7073
vn -0.7776 0.3991 0.4858
vn -0.7464 0.3989 0.5327
vn -0.6888 0.4359 0.5794
vn 0.4261 -0.9034 -0.0490
vn 0.6800 -0.7332 0.0063
vn 0.6614 -0.7348 0.1501
vn 0.4164 -0.8917 0.1772
vn 0.8338 -0.5521 0.0018
vn 0.8235 -0.5501 0.1386
vn 0.7855 -0.5441 0.2948
vn 0.6609 -0.6609 0.3555
vn 0.3682 -0.7315 0.5739
vn -0.6931 0.7198 -0.0385
vn -0.7193 0.6944 0.0197
vn -0.6508 0.5804 0.4895
vn -0.5748 0.6411 0.5086
vn -0.8332 0.4375 0.3382
vn 0.9899 -0.1142 0.0834
vn 0.9727 -0.1689 0.1591
vn 0.9557 -0.1641 0.2443
vn 0.9703 -0.1741 -0.1680
vn 0.9824 -0.1372 -0.1266
vn 0.9876 -0.1371 0.0761
vn 0.9306 -0.3658 0.0142
vn -0.6092 0.6759 0.4148
vn -0.6933 0.7057 -0.1460
vn -0.1140 0.5342 0.8376
vn -0.1335 0.5461 0.8270
vn -0.5022 0.7677 0.3980
vn -0.1851 0.8422 -0.5064
vn -0.4708 0.2569 -0.8440
vn -0.6330 0.5090 -0.5832
vn -0.5625 0.5279 -0.6363
vn -0.9505 -0.0682 -0.3031
vn -0.3349 -0.9018 -0.2729
vn -0.3774 -0.9069 0.1875
vn -0.9813 -0.0950 0.1674
vn -0.2996 -0.5601 0.7724
vn -0.8109 0.0103 0.5851
vn -0.5503 -0.0912 -0.8300
vn -0.1448 -0.5311 -0.8349
vn -0.2214 -0.7863 -0.5769
vn -0.7506 -0.0902 -0.6545
vn 0.3043 -0.6921 -0.6545
vn 0.3883 -0.8580 -0.3361
vn 0.5939 -0.6629 -0.4559
vn 0.6566 -0.7311 -0.1857
vn 0.7596 -0.5600 -0.3307
vn 0.8199 -0.5550 -0.1401
vn 0.3153 -0.3521 0.8813
vn -0.2702 -0.0640 0.9607
vn -0.6852 0.3943 0.6124
vn 0.8702 -0.3052 0.3868
vn 0.7157 -0.3977 0.5741
vn 0.7246 -0.0460 0.6876
vn 0.6489 0.1982 0.7346
vn 0.5943 0.2712 0.7571
vn 0.9553 -0.2956 -0.0001
vn 0.9445 -0.2752 0.1796
vn 0.8407 -0.3944 -0.3711
vn 0.9332 -0.3236 -0.1560
vn 0.9820 -0.1448 -0.1213
vn 0.9961 -0.0838 -0.0262
vn 0.2031 -0.4576 -0.8656
vn 0.5895 -0.4840 -0.6467
vn -0.5805 0.0849 -0.8098
vn -0.2345 -0.2313 -0.9442
vn -0.3311 -0.0225 -0.9433
vn -0.4030 0.1174 -0.9076
vn -0.8889 0.4384 -0.1325
vn -0.7905 0.3051 -0.5311
vn -0.8344 0.4826 0.2662
vn -0.8302 0.4606 0.3141
vn -0.8873 0.3772 0.2655
vn 0.6153 0.0105 0.7882
vn 0.3145 -0.1192 0.9418
vn -0.1346 0.5208 0.8430
vn 0.7969 -0.4057 0.4477
vn 0.5439 -0.6445 0.5374
vn 0.5392 -0.6409 0.5464
vn 0.5837 -0.3405 0.7371
vn 0.3299 0.3639 0.8711
vn 0.8366 0.0439 -0.5460
vn 0.9530 0.0739 -0.2939
vn 0.3404 0.3696 -0.8646
vn 0.1993 0.6196 -0.7592
vn 0.8146 0.0357 -0.5790
vn 0.6285 -0.0363 -0.7769
vn -0.0155 0.2776 -0.9606
vn -0.4808 0.5708 -0.6656
vn 0.6296 0.1997 0.7508
vn 0.9089 -0.1562 0.3867
vn 0.9375 -0.1790 0.2984
vn 0.8301 -0.5003 0.2461
vn 0.4350 -0.5295 -0.7283
vn 0.5383 -0.0194 -0.8425
vn 0.9120 -0.2491 0.3259
vn 0.5972 -0.7483 0.2889
vn 0.4482 0.8058 -0.3872
vn 0.3534 0.7453 0.5653
vn 0.4640 -0.8804 0.0984
vn 0.3896 -0.6457 -0.6568
vn 0.3439 0.0582 -0.9372
vn 0.0359 0.9108 -0.4112
vn 0.4481 0.8057 -0.3872
vn 0.5382 -0.0194 -0.8426
vn -0.2272 0.8795 0.4181
vn 0.3534 0.7454 0.5653
vn 0.4350 -0.5294 -0.7284
vn 0.5383 -0.0193 -0.8426
vn 0.0957 0.0875 -0.9916
vn 0.1102 -0.0602 -0.9921
vn 0.4482 0.8057 -0.3872
vn 0.0289 0.8616 -0.5068
vn 0.0085 0.8442 -0.5360
vn 0.0776 0.1410 -0.9870
vn 0.0747 -0.0498 -0.9960
vn -0.0783 0.8866 0.4558
vn 0.3298 0.3639 0.8711
vn -0.0818 0.7742 0.6276
vn -0.1207 0.7827 0.6106
vn -0.0906 0.9200 0.3813
vn 0.9085 0.4120 -0.0698
vn 0.8305 0.3087 -0.4636
vn 0.8780 0.2677 -0.3968
vn 0.9408 0.3352 -0.0509
vn 0.8107 0.3624 -0.4598
vn 0.8818 0.4717 -0.0025
vn 0.6897 0.1978 -0.6966
vn 0.7017 0.2371 -0.6718
vn 0.6439 0.1729 -0.7453
vn -0.1752 -0.2147 -0.9608
vn -0.6756 -0.2743 -0.6844
vn -0.7093 -0.1233 -0.6940
vn -0.1029 0.0103 -0.9946
vn -0.6626 -0.0673 -0.7459
vn 0.1107 0.1950 -0.9745
vn -0.9584 -0.1430 -0.2469
vn -0.9693 -0.1504 -0.1943
vn -0.9168 -0.2248 -0.3300
vn -0.9963 -0.0828 0.0215
vn -0.9791 -0.0417 0.1990
vn -0.9760 0.0356 0.2149
vn -0.9963 -0.0170 0.0841
vn -0.9645 -0.0201 0.2634
vn -0.9818 -0.0589 0.1807
vn -0.9016 0.0923 0.4226
vn -0.9134 0.0362 0.4054
vn -0.9019 -0.0321 0.4308
vn -0.2740 0.0113 0.9617
vn 0.3717 0.2654 0.8896
vn 0.4627 0.3766 0.8026
vn -0.1338 0.3039 0.9433
vn 0.5360 0.4610 0.7073
vn 0.0968 0.4961 0.8628
vn 0.7464 0.3989 0.5327
vn 0.7776 0.3991 0.4858
vn 0.6888 0.4359 0.5794
vn -0.4261 -0.9034 -0.0490
vn -0.4164 -0.8917 0.1772
vn -0.6614 -0.7348 0.1501
vn -0.6800 -0.7332 0.0063
vn -0.8235 -0.5501 0.1386
vn -0.8338 -0.5521 0.0018
vn -0.6609 -0.6609 0.3555
vn -0.7855 -0.5441 0.2948
vn -0.3682 -0.7315 0.5739
vn 0.6931 0.7198 -0.0385
vn 0.5748 0.6411 0.5086
vn 0.6508 0.5804 0.4895
vn 0.7193 0.6944 0.0197
vn 0.8332 0.4375 0.3382
vn -0.9557 -0.1641 0.2443
vn -0.9727 -0.1689 0.1591
vn -0.9899 -0.1142 0.0834
vn -0.9703 -0.1741 -0.1680
vn -0.9876 -0.1371 0.0761
vn -0.9824 -0.1372 -0.1266
vn -0.9306 -0.3658 0.0142
vn 0.6933 0.7057 -0.1460
vn 0.6092 0.6759 0.4148
vn 0.1140 0.5342 0.8376
vn 0.5022 0.7677 0.3980
vn 0.1335 0.5461 0.8270
vn 0.1851 0.8422 -0.5064
vn 0.5625 0.5279 -0.6363
vn 0.6330 0.5090 -0.5832
vn 0.4708 0.2569 -0.8440
vn 0.9505 -0.0682 -0.3031
vn 0.9813 -0.0950 0.1674
vn 0.3774 -0.9069 0.1875
vn 0.3349 -0.9018 -0.2729
vn 0.2996 -0.5601 0.7724
vn 0.8109 0.0103 0.5851
vn 0.5503 -0.0912 -0.8300
vn 0.7506 -0.0902 -0.6545
vn 0.2214 -0.7863 -0.5769
vn 0.1448 -0.5311 -0.8349
vn -0.3883 -0.8580 -0.3361
vn -0.3043 -0.6921 -0.6545
vn -0.6566 -0.7311 -0.1857
vn -0.5939 -0.6629 -0.4559
vn -0.8199 -0.5550 -0.1401
vn -0.7596 -0.5600 -0.3307
vn 0.2702 -0.0640 0.9607
vn -0.3153 -0.3521 0.8813
vn 0.6852 0.3943 0.6124
vn -0.7157 -0.3977 0.5741
vn -0.8702 -0.3052 0.3868
vn -0.7246 -0.0460 0.6876
vn -0.6489 0.1982 0.7346
vn -0.5943 0.2712 0.7571
vn -0.9445 -0.2752 0.1796
vn -0.9553 -0.2956 -0.0001
vn -0.9332 -0.3236 -0.1560
vn -0.8407 -0.3944 -0.3711
vn -0.9820 -0.1448 -0.1213
vn -0.9961 -0.0838 -0.0262
vn -0.5895 -0.4840 -0.6467
vn -0.2031 -0.4576 -0.8656
vn 0.2345 -0.2313 -0.9442
vn 0.5805 0.0849 -0.8098
vn 0.3311 -0.0225 -0.9433
vn 0.4030 0.1174 -0.9076
vn 0.7905 0.3051 -0.5311
vn 0.8889 0.4384 -0.1325
vn 0.8344 0.4826 0.2662
vn 0.8302 0.4606 0.3141
vn 0.8873 0.3772 0.2655
vn 0.1346 0.5208 0.8430
vn -0.3145 -0.1192 0.9418
vn -0.6153 0.0105 0.7882
vn -0.5439 -0.6445 0.5374
vn -0.7969 -0.4057 0.4477
vn -0.5837 -0.3405 0.7371
vn -0.5392 -0.6409 0.5464
vn -0.3299 0.3639 0.8711
vn -0.9530 0.0739 -0.2939
vn -0.8366 0.0439 -0.5460
vn -0.1993 0.6196 -0.7592
vn -0.3404 0.3696 -0.8646
vn -0.8146 0.0357 -0.5790
vn -0.6285 -0.0363 -0.7769
vn 0.0155 0.2776 -0.9606
vn 0.4808 0.5708 -0.6656
vn -0.6296 0.1997 0.7508
vn -0.9089 -0.1562 0.3867
vn -0.9375 -0.1790 0.2984
vn -0.8301 -0.5003 0.2461
vn -0.4350 -0.5295 -0.7283
vn -0.5972 -0.7483 0.2889
vn -0.9120 -0.2491 0.3259
vn -0.5383 -0.0194 -0.8425
vn -0.3535 0.7453 0.5653
vn -0.4482 0.8057 -0.3872
vn -0.4640 -0.8804 0.0984
vn -0.3896 -0.6457 -0.6568
vn -0.3439 0.0582 -0.9372
vn -0.0359 0.9108 -0.4112
vn -0.5382 -0.0193 -0.8426
vn -0.4481 0.8057 -0.3872
vn 0.2272 0.8795 0.4181
vn -0.3534 0.7454 0.5653
vn -0.4349 -0.5294 -0.7284
vn -0.1102 -0.0602 -0.9921
vn -0.0957 0.0875 -0.9916
vn -0.5383 -0.0193 -0.8426
vn -0.0289 0.8616 -0.5068
vn -0.0776 0.1410 -0.9870
vn -0.0085 0.8442 -0.5360
vn -0.0747 -0.0498 -0.9960
vn 0.0783 0.8866 0.4558
vn 0.0818 0.7742 0.6276
vn 0.0906 0.9200 0.3813
vn 0.1207 0.7827 0.6106
vt 0.943872 0.778020
vt 0.960651 0.808910
vt 0.951541 0.802717
vt 0.944907 0.759697
vt 0.987273 0.881393
vt 0.955897 0.842810
vt 0.932567 0.821582
vt 0.939254 0.781478
vt 0.945941 0.741373
vt 0.961833 0.748190
vt 0.950823 0.788286
vt 0.955279 0.788156
vt 0.965521 0.752257
vt 0.937748 0.833459
vt 0.943567 0.827911
vt 0.949386 0.822363
vt 0.959229 0.786106
vt 0.969071 0.749849
vt 0.926381 0.754636
vt 0.905575 0.786155
vt 0.883852 0.786957
vt 0.909905 0.750215
vt 0.891702 0.824215
vt 0.866687 0.829341
vt 0.823752 0.840888
vt 0.863347 0.787783
vt 0.902942 0.734677
vt 0.910399 0.698368
vt 0.911252 0.745331
vt 0.934144 0.734900
vt 0.925360 0.691678
vt 0.915876 0.804861
vt 0.944238 0.782959
vt 0.972439 0.769154
vt 0.957160 0.729673
vt 0.941881 0.690192
vt 0.950049 0.656362
vt 0.950865 0.686792
vt 0.932309 0.678385
vt 0.928235 0.643824
vt 0.949118 0.713967
vt 0.933503 0.706851
vt 0.921998 0.700052
vt 0.915845 0.676277
vt 0.896723 0.628466
vt 0.955921 0.935561
vt 0.971597 0.908477
vt 0.957642 0.842660
vt 0.940499 0.867169
vt 0.979856 0.825273
vt 0.919383 0.820996
vt 0.917929 0.854239
vt 0.895631 0.863533
vt 0.937964 0.847937
vt 0.938437 0.868009
vt 0.926566 0.883962
vt 0.908500 0.909936
vt 0.934819 0.905349
vt 0.948579 0.930632
vt 0.914553 0.870444
vt 0.922292 0.922985
vt 0.936087 0.954620
vt 0.949883 0.986254
vt 0.935158 0.827521
vt 0.952987 0.867183
vt 0.946835 0.884510
vt 0.949924 0.600209
vt 0.949729 0.628416
vt 0.928803 0.611198
vt 0.931642 0.579882
vt 0.905041 0.594011
vt 0.913359 0.559555
vt 0.987273 0.658435
vt 0.981303 0.663559
vt 0.966762 0.646252
vt 0.968598 0.629322
vt 0.975332 0.668684
vt 0.965685 0.666473
vt 0.979208 0.698193
vt 0.966152 0.693397
vt 0.983082 0.727702
vt 0.964824 0.719075
vt 0.903561 0.663417
vt 0.915448 0.645262
vt 0.926937 0.639071
vt 0.915723 0.714171
vt 0.909361 0.692125
vt 0.906671 0.716523
vt 0.888235 0.763649
vt 0.878865 0.812890
vt 0.941460 0.733590
vt 0.926632 0.727090
vt 0.976077 0.738776
vt 0.958196 0.736952
vt 0.946517 0.756063
vt 0.931155 0.786010
vt 0.970534 0.710880
vt 0.973191 0.723795
vt 0.964471 0.699432
vt 0.968474 0.703942
vt 0.956238 0.744319
vt 0.945525 0.785473
vt 0.946958 0.681691
vt 0.956543 0.693718
vt 0.937199 0.657679
vt 0.942876 0.734106
vt 0.960884 0.777630
vt 0.908717 0.913576
vt 0.921023 0.915329
vt 0.934637 0.927409
vt 0.895141 0.904167
vt 0.905487 0.908683
vt 0.915832 0.913200
vt 0.928684 0.914388
vt 0.955028 0.919209
vt 0.950899 0.874062
vt 0.942653 0.907260
vt 0.975772 0.872612
vt 0.962828 0.929433
vt 0.929828 0.935876
vt 0.948831 0.849102
vt 0.956760 0.853036
vt 0.954382 0.903920
vt 0.888980 0.863445
vt 0.859447 0.872528
vt 0.877256 0.868701
vt 0.901821 0.907051
vt 0.876857 0.915271
vt 0.914263 0.904612
vt 0.924182 0.910211
vt 0.896345 0.914235
vt 0.951669 0.893954
vt 0.953349 0.906581
vt 0.899083 0.910643
vt 0.892679 0.912603
vt 0.917655 0.943053
vt 0.936194 0.961671
vt 0.938242 0.972375
vt 0.907550 0.943823
vt 0.940187 0.949107
vt 0.946635 0.945792
vt 0.895753 0.698690
vt 0.891878 0.705382
vt 0.888303 0.705346
vt 0.891963 0.698674
vt 0.888004 0.712074
vt 0.886366 0.711857
vt 0.880423 0.712041
vt 0.884298 0.705350
vt 0.888172 0.698658
vt 0.891878 0.718043
vt 0.888303 0.718007
vt 0.895753 0.724012
vt 0.891963 0.723996
vt 0.888172 0.723980
vt 0.884298 0.718011
s 1
usemtl miku_plush
f 1005/826/981 1066/827/982 1092/828/983 1063/829/984
f 1066/827/982 990/830/985 1021/831/986 1092/828/983
f 1092/828/983 1021/831/986 983/832/987 1034/833/988
f 1063/829/984 1092/828/983 1034/833/988 991/834/989
f 1004/835/990 1062/836/991 1093/837/992 1059/838/993
f 1062/836/991 993/839/994 1024/840/995 1093/837/992
f 1093/837/992 1024/840/995 987/841/996 1037/842/997
f 1059/838/993 1093/837/992 1037/842/997 994/843/998
f 1003/844/999 1058/845/1000 1094/846/1001 1055/847/1002
f 1058/845/1000 996/848/1003 1027/849/1004 1094/846/1001
f 1094/846/1001 1027/849/1004 985/850/1005 1040/851/1006
f 1055/847/1002 1094/846/1001 1040/851/1006 997/852/1007
f 1002/853/1008 1054/854/1009 1095/855/1010 1051/856/1011
f 1054/854/1009 999/857/1012 1030/858/1013 1095/855/1010
f 1095/855/1010 1030/858/1013 981/859/1014 1020/860/1015
f 1051/856/1011 1095/855/1010 1020/860/1015 989/861/1016
f 1001/862/1017 1050/863/1018 1096/864/1019 1047/865/1020
f 1050/863/1018 995/866/1021 1038/867/1022 1096/864/1019
f 1096/864/1019 1038/867/1022 984/868/1023 1029/869/1024
f 1047/865/1020 1096/864/1019 1029/869/1024 998/870/1025
f 1000/871/1026 1046/872/1027 1097/873/1028 1043/874/1029
f 1046/872/1027 990/830/985 1033/875/1030 1097/873/1028
f 1097/873/1028 1033/875/1030 981/859/1014 1030/858/1013
f 1043/874/1029 1097/873/1028 1030/858/1013 999/857/1012
f 996/848/1003 1039/876/1031 1098/877/1032 1076/878/1033
f 1039/876/1031 987/841/996 1075/879/1034 1098/877/1032
f 1098/877/1032 1075/879/1034 1007/880/1035 1069/881/1036
f 1076/878/1033 1098/877/1032 1069/881/1036 1009/882/1037
f 1000/871/1026 1043/874/1029 1099/883/1038 1074/884/1039
f 1043/874/1029 999/857/1012 1045/885/1040 1099/883/1038
f 1099/883/1038 1045/885/1040 1010/886/1041 1071/887/1042
f 1074/884/1039 1099/883/1038 1071/887/1042 1011/888/1043
f 993/839/994 1036/889/1044 1100/890/1045 1044/891/1046
f 1036/889/1044 983/832/987 1021/831/986 1100/890/1045
f 1100/890/1045 1021/831/986 990/830/985 1046/872/1027
f 1044/891/1046 1100/890/1045 1046/872/1027 1000/871/1026
f 988/892/1047 1049/893/1048 1101/894/1049 1019/895/1050
f 1049/893/1048 1001/862/1017 1047/865/1020 1101/894/1049
f 1101/894/1049 1047/865/1020 998/870/1025 1041/896/1051
f 1019/895/1050 1101/894/1049 1041/896/1051 980/897/1052
f 982/898/1053 1023/899/1054 1102/900/1055 1031/901/1056
f 1023/899/1054 992/902/1057 1048/903/1058 1102/900/1055
f 1102/900/1055 1048/903/1058 1001/862/1017 1049/893/1048
f 1031/901/1056 1102/900/1055 1049/893/1048 988/892/1047
f 992/902/1057 1035/904/1059 1103/905/1060 1048/903/1058
f 1035/904/1059 986/906/1061 1026/907/1062 1103/905/1060
f 1103/905/1060 1026/907/1062 995/866/1021 1050/863/1018
f 1048/903/1058 1103/905/1060 1050/863/1018 1001/862/1017
f 998/870/1025 1053/908/1063 1104/909/1064 1041/896/1051
f 1053/908/1063 1002/853/1008 1051/856/1011 1104/909/1064
f 1104/909/1064 1051/856/1011 989/861/1016 1032/910/1065
f 1041/896/1051 1104/909/1064 1032/910/1065 980/897/1052
f 984/868/1023 1028/911/1066 1105/912/1067 1029/869/1024
f 1028/911/1066 997/852/1007 1052/913/1068 1105/912/1067
f 1105/912/1067 1052/913/1068 1002/853/1008 1053/908/1063
f 1029/869/1024 1105/912/1067 1053/908/1063 998/870/1025
f 997/852/1007 1040/851/1006 1106/914/1069 1052/913/1068
f 1040/851/1006 985/850/1005 1042/915/1070 1106/914/1069
f 1106/914/1069 1042/915/1070 999/857/1012 1054/854/1009
f 1052/913/1068 1106/914/1069 1054/854/1009 1002/853/1008
f 995/866/1021 1057/916/1071 1107/917/1072 1038/867/1022
f 1057/916/1071 1003/844/999 1055/847/1002 1107/917/1072
f 1107/917/1072 1055/847/1002 997/852/1007 1028/911/1066
f 1038/867/1022 1107/917/1072 1028/911/1066 984/868/1023
f 986/906/1061 1025/918/1073 1108/919/1074 1026/907/1062
f 1025/918/1073 994/843/998 1056/920/1075 1108/919/1074
f 1108/919/1074 1056/920/1075 1003/844/999 1057/916/1071
f 1026/907/1062 1108/919/1074 1057/916/1071 995/866/1021
f 994/843/998 1037/842/997 1109/921/1076 1056/920/1075
f 1037/842/997 987/841/996 1039/876/1031 1109/921/1076
f 1109/921/1076 1039/876/1031 996/848/1003 1058/845/1000
f 1056/920/1075 1109/921/1076 1058/845/1000 1003/844/999
f 992/902/1057 1061/922/1077 1110/923/1078 1035/904/1059
f 1061/922/1077 1004/835/990 1059/838/993 1110/923/1078
f 1110/923/1078 1059/838/993 994/843/998 1025/918/1073
f 1035/904/1059 1110/923/1078 1025/918/1073 986/906/1061
f 982/898/1053 1022/924/1079 1111/925/1080 1023/899/1054
f 1022/924/1079 991/834/989 1060/926/1081 1111/925/1080
f 1111/925/1080 1060/926/1081 1004/835/990 1061/922/1077
f 1023/899/1054 1111/925/1080 1061/922/1077 992/902/1057
f 991/834/989 1034/833/988 1112/927/1082 1060/926/1081
f 1034/833/988 983/832/987 1036/889/1044 1112/927/1082
f 1112/927/1082 1036/889/1044 993/839/994 1062/836/991
f 1060/926/1081 1112/927/1082 1062/836/991 1004/835/990
f 988/892/1047 1065/928/1083 1113/929/1084 1031/901/1056
f 1065/928/1083 1005/826/981 1063/829/984 1113/929/1084
f 1113/929/1084 1063/829/984 991/834/989 1022/924/1079
f 1031/901/1056 1113/929/1084 1022/924/1079 982/898/1053
f 980/897/1052 1032/910/1065 1114/930/1085 1019/895/1050
f 1032/910/1065 989/861/1016 1064/931/1086 1114/930/1085
f 1114/930/1085 1064/931/1086 1005/826/981 1065/928/1083
f 1019/895/1050 1114/930/1085 1065/928/1083 988/892/1047
f 989/861/1016 1020/860/1015 1115/932/1087 1064/931/1086
f 1020/860/1015 981/859/1014 1033/875/1030 1115/932/1087
f 1115/932/1087 1033/875/1030 990/830/985 1066/827/982
f 1064/931/1086 1115/932/1087 1066/827/982 1005/826/981
f 1010/886/1041 1070/933/1088 1116/934/1089 1084/935/1090
f 1070/933/1088 1006/936/1091 1083/937/1092 1116/934/1089
f 1116/934/1089 1083/937/1092 1012/938/1093 1080/939/1094
f 1084/935/1090 1116/934/1089 1080/939/1094 1014/940/1095
f 1007/880/1035 1067/941/1096 1117/942/1097 1069/881/1036
f 1067/941/1096 1008/943/1098 1072/944/1099 1117/942/1097
f 1117/942/1097 1072/944/1099 1011/888/1043 1073/945/1100
f 1069/881/1036 1117/942/1097 1073/945/1100 1009/882/1037
f 987/841/996 1024/840/995 1118/946/1101 1075/879/1034
f 1024/840/995 993/839/994 1077/947/1102 1118/946/1101
f 1118/946/1101 1077/947/1102 1008/943/1098 1067/941/1096
f 1075/879/1034 1118/946/1101 1067/941/1096 1007/880/1035
f 993/839/994 1044/891/1046 1119/948/1103 1077/947/1102
f 1044/891/1046 1000/871/1026 1074/884/1039 1119/948/1103
f 1119/948/1103 1074/884/1039 1011/888/1043 1072/944/1099
f 1077/947/1102 1119/948/1103 1072/944/1099 1008/943/1098
f 999/857/1012 1042/915/1070 1120/949/1104 1045/885/1040
f 1042/915/1070 985/850/1005 1078/950/1105 1120/949/1104
f 1120/949/1104 1078/950/1105 1006/936/1091 1070/933/1088
f 1045/885/1040 1120/949/1104 1070/933/1088 1010/886/1041
f 985/850/1005 1027/849/1004 1121/951/1106 1078/950/1105
f 1027/849/1004 996/848/1003 1076/878/1033 1121/951/1106
f 1121/951/1106 1076/878/1033 1009/882/1037 1068/952/1107
f 1078/950/1105 1121/951/1106 1068/952/1107 1006/936/1091
f 1013/953/1108 1082/954/1109 1122/955/1110 1079/956/1111
f 1082/954/1109 1015/957/1112 1081/958/1113 1122/955/1110
f 1122/955/1110 1081/958/1113 1014/940/1095 1080/939/1094
f 1079/956/1111 1122/955/1110 1080/939/1094 1012/938/1093
f 1006/936/1091 1068/952/1107 1123/959/1114 1083/937/1092
f 1068/952/1107 1009/882/1037 1085/960/1115 1123/959/1114
f 1123/959/1114 1085/960/1115 1013/953/1108 1079/956/1111
f 1083/937/1092 1123/959/1114 1079/956/1111 1012/938/1093
f 1009/882/1037 1073/945/1100 1124/961/1116 1085/960/1115
f 1073/945/1100 1011/888/1043 1086/962/1117 1124/961/1116
f 1124/961/1116 1086/962/1117 1015/963/1118 1082/964/1119
f 1085/960/1115 1124/961/1116 1082/964/1119 1013/953/1108
f 1011/888/1043 1071/887/1042 1125/965/1120 1086/962/1117
f 1071/887/1042 1010/886/1041 1084/935/1090 1125/965/1120
f 1125/965/1120 1084/935/1090 1014/940/1095 1081/966/1121
f 1086/962/1117 1125/965/1120 1081/966/1121 1015/963/1118
f 1013/967/1122 1082/968/1123 1126/969/1124 1090/970/1125
f 1082/968/1123 1015/971/1126 1089/972/1127 1126/969/1124
f 1126/969/1124 1089/972/1127 1018/973/1128 1088/974/1129
f 1090/970/1125 1126/969/1124 1088/974/1129 1016/975/1130
f 1015/971/1126 1081/976/1121 1127/977/1131 1089/972/1127
f 1081/976/1121 1014/978/1132 1091/979/1133 1127/977/1131
f 1127/977/1131 1091/979/1133 1017/980/1134 1087/981/1135
f 1089/972/1127 1127/977/1131 1087/981/1135 1018/973/1128
f 1153/826/1136 1211/829/1137 1240/828/1138 1214/827/1139
f 1214/827/1139 1240/828/1138 1169/831/1140 1138/830/1141
f 1240/828/1138 1182/833/1142 1131/832/1143 1169/831/1140
f 1211/829/1137 1139/834/1144 1182/833/1142 1240/828/1138
f 1152/835/1145 1207/838/1146 1241/837/1147 1210/836/1148
f 1210/836/1148 1241/837/1147 1172/840/1149 1141/839/1150
f 1241/837/1147 1185/842/1151 1135/841/1152 1172/840/1149
f 1207/838/1146 1142/843/1153 1185/842/1151 1241/837/1147
f 1151/844/1154 1203/847/1155 1242/846/1156 1206/845/1157
f 1206/845/1157 1242/846/1156 1175/849/1158 1144/848/1159
f 1242/846/1156 1188/851/1160 1133/850/1161 1175/849/1158
f 1203/847/1155 1145/852/1162 1188/851/1160 1242/846/1156
f 1150/853/1163 1199/856/1164 1243/855/1165 1202/854/1166
f 1202/854/1166 1243/855/1165 1178/858/1167 1147/857/1168
f 1243/855/1165 1168/860/1169 1129/859/1170 1178/858/1167
f 1199/856/1164 1137/861/1171 1168/860/1169 1243/855/1165
f 1149/862/1172 1195/865/1173 1244/864/1174 1198/863/1175
f 1198/863/1175 1244/864/1174 1186/867/1176 1143/866/1177
f 1244/864/1174 1177/869/1178 1132/868/1179 1186/867/1176
f 1195/865/1173 1146/870/1180 1177/869/1178 1244/864/1174
f 1148/871/1181 1191/874/1182 1245/873/1183 1194/872/1184
f 1194/872/1184 1245/873/1183 1181/875/1185 1138/830/1141
f 1245/873/1183 1178/858/1167 1129/859/1170 1181/875/1185
f 1191/874/1182 1147/857/1168 1178/858/1167 1245/873/1183
f 1144/848/1159 1224/878/1186 1246/877/1187 1187/876/1188
f 1187/876/1188 1246/877/1187 1223/879/1189 1135/841/1152
f 1246/877/1187 1217/881/1190 1155/880/1191 1223/879/1189
f 1224/878/1186 1157/882/1192 1217/881/1190 1246/877/1187
f 1148/871/1181 1222/884/1193 1247/883/1194 1191/874/1182
f 1191/874/1182 1247/883/1194 1193/885/1195 1147/857/1168
f 1247/883/1194 1219/887/1196 1158/886/1197 1193/885/1195
f 1222/884/1193 1159/888/1198 1219/887/1196 1247/883/1194
f 1141/839/1150 1192/891/1199 1248/890/1200 1184/889/1201
f 1184/889/1201 1248/890/1200 1169/831/1140 1131/832/1143
f 1248/890/1200 1194/872/1184 1138/830/1141 1169/831/1140
f 1192/891/1199 1148/871/1181 1194/872/1184 1248/890/1200
f 1136/892/1202 1167/895/1203 1249/894/1204 1197/893/1205
f 1197/893/1205 1249/894/1204 1195/865/1173 1149/862/1172
f 1249/894/1204 1189/896/1206 1146/870/1180 1195/865/1173
f 1167/895/1203 1128/897/1207 1189/896/1206 1249/894/1204
f 1130/898/1208 1179/901/1209 1250/900/1210 1171/899/1211
f 1171/899/1211 1250/900/1210 1196/903/1212 1140/902/1213
f 1250/900/1210 1197/893/1205 1149/862/1172 1196/903/1212
f 1179/901/1209 1136/892/1202 1197/893/1205 1250/900/1210
f 1140/902/1213 1196/903/1212 1251/905/1214 1183/904/1215
f 1183/904/1215 1251/905/1214 1174/907/1216 1134/906/1217
f 1251/905/1214 1198/863/1175 1143/866/1177 1174/907/1216
f 1196/903/1212 1149/862/1172 1198/863/1175 1251/905/1214
f 1146/870/1180 1189/896/1206 1252/909/1218 1201/908/1219
f 1201/908/1219 1252/909/1218 1199/856/1164 1150/853/1163
f 1252/909/1218 1180/910/1220 1137/861/1171 1199/856/1164
f 1189/896/1206 1128/897/1207 1180/910/1220 1252/909/1218
f 1132/868/1179 1177/869/1178 1253/912/1221 1176/911/1222
f 1176/911/1222 1253/912/1221 1200/913/1223 1145/852/1162
f 1253/912/1221 1201/908/1219 1150/853/1163 1200/913/1223
f 1177/869/1178 1146/870/1180 1201/908/1219 1253/912/1221
f 1145/852/1162 1200/913/1223 1254/914/1224 1188/851/1160
f 1188/851/1160 1254/914/1224 1190/915/1225 1133/850/1161
f 1254/914/1224 1202/854/1166 1147/857/1168 1190/915/1225
f 1200/913/1223 1150/853/1163 1202/854/1166 1254/914/1224
f 1143/866/1177 1186/867/1176 1255/917/1226 1205/916/1227
f 1205/916/1227 1255/917/1226 1203/847/1155 1151/844/1154
f 1255/917/1226 1176/911/1222 1145/852/1162 1203/847/1155
f 1186/867/1176 1132/868/1179 1176/911/1222 1255/917/1226
f 1134/906/1217 1174/907/1216 1256/919/1228 1173/918/1229
f 1173/918/1229 1256/919/1228 1204/920/1230 1142/843/1153
f 1256/919/1228 1205/916/1227 1151/844/1154 1204/920/1230
f 1174/907/1216 1143/866/1177 1205/916/1227 1256/919/1228
f 1142/843/1153 1204/920/1230 1257/921/1231 1185/842/1151
f 1185/842/1151 1257/921/1231 1187/876/1188 1135/841/1152
f 1257/921/1231 1206/845/1157 1144/848/1159 1187/876/1188
f 1204/920/1230 1151/844/1154 1206/845/1157 1257/921/1231
f 1140/902/1213 1183/904/1215 1258/923/1232 1209/922/1233
f 1209/922/1233 1258/923/1232 1207/838/1146 1152/835/1145
f 1258/923/1232 1173/918/1229 1142/843/1153 1207/838/1146
f 1183/904/1215 1134/906/1217 1173/918/1229 1258/923/1232
f 1130/898/1208 1171/899/1211 1259/925/1234 1170/924/1235
f 1170/924/1235 1259/925/1234 1208/926/1236 1139/834/1144
f 1259/925/1234 1209/922/1233 1152/835/1145 1208/926/1236
f 1171/899/1211 1140/902/1213 1209/922/1233 1259/925/1234
f 1139/834/1144 1208/926/1236 1260/927/1237 1182/833/1142
f 1182/833/1142 1260/927/1237 1184/889/1201 1131/832/1143
f 1260/927/1237 1210/836/1148 1141/839/1150 1184/889/1201
f 1208/926/1236 1152/835/1145 1210/836/1148 1260/927/1237
f 1136/892/1202 1179/901/1209 1261/929/1238 1213/928/1239
f 1213/928/1239 1261/929/1238 1211/829/1137 1153/826/1136
f 1261/929/1238 1170/924/1235 1139/834/1144 1211/829/1137
f 1179/901/1209 1130/898/1208 1170/924/1235 1261/929/1238
f 1128/897/1207 1167/895/1203 1262/930/1240 1180/910/1220
f 1180/910/1220 1262/930/1240 1212/931/1241 1137/861/1171
f 1262/930/1240 1213/928/1239 1153/826/1136 1212/931/1241
f 1167/895/1203 1136/892/1202 1213/928/1239 1262/930/1240
f 1137/861/1171 1212/931/1241 1263/932/1242 1168/860/1169
f 1168/860/1169 1263/932/1242 1181/875/1185 1129/859/1170
f 1263/932/1242 1214/827/1139 1138/830/1141 1181/875/1185
f 1212/931/1241 1153/826/1136 1214/827/1139 1263/932/1242
f 1158/886/1197 1232/935/1243 1264/934/1244 1218/933/1245
f 1218/933/1245 1264/934/1244 1231/937/1246 1154/936/1247
f 1264/934/1244 1228/939/1248 1160/938/1249 1231/937/1246
f 1232/935/1243 1162/940/1250 1228/939/1248 1264/934/1244
f 1155/880/1191 1217/881/1190 1265/942/1251 1215/941/1252
f 1215/941/1252 1265/942/1251 1220/944/1253 1156/943/1254
f 1265/942/1251 1221/945/1255 1159/888/1198 1220/944/1253
f 1217/881/1190 1157/882/1192 1221/945/1255 1265/942/1251
f 1135/841/1152 1223/879/1189 1266/946/1256 1172/840/1149
f 1172/840/1149 1266/946/1256 1225/947/1257 1141/839/1150
f 1266/946/1256 1215/941/1252 1156/943/1254 1225/947/1257
f 1223/879/1189 1155/880/1191 1215/941/1252 1266/946/1256
f 1141/839/1150 1225/947/1257 1267/948/1258 1192/891/1199
f 1192/891/1199 1267/948/1258 1222/884/1193 1148/871/1181
f 1267/948/1258 1220/944/1253 1159/888/1198 1222/884/1193
f 1225/947/1257 1156/943/1254 1220/944/1253 1267/948/1258
f 1147/857/1168 1193/885/1195 1268/949/1259 1190/915/1225
f 1190/915/1225 1268/949/1259 1226/950/1260 1133/850/1161
f 1268/949/1259 1218/933/1245 1154/936/1247 1226/950/1260
f 1193/885/1195 1158/886/1197 1218/933/1245 1268/949/1259
f 1133/850/1161 1226/950/1260 1269/951/1261 1175/849/1158
f 1175/849/1158 1269/951/1261 1224/878/1186 1144/848/1159
f 1269/951/1261 1216/952/1262 1157/882/1192 1224/878/1186
f 1226/950/1260 1154/936/1247 1216/952/1262 1269/951/1261
f 1161/953/1263 1227/956/1264 1270/955/1265 1230/954/1266
f 1230/954/1266 1270/955/1265 1229/958/1267 1163/957/1268
f 1270/955/1265 1228/939/1248 1162/940/1250 1229/958/1267
f 1227/956/1264 1160/938/1249 1228/939/1248 1270/955/1265
f 1154/936/1247 1231/937/1246 1271/959/1269 1216/952/1262
f 1216/952/1262 1271/959/1269 1233/960/1270 1157/882/1192
f 1271/959/1269 1227/956/1264 1161/953/1263 1233/960/1270
f 1231/937/1246 1160/938/1249 1227/956/1264 1271/959/1269
f 1157/882/1192 1233/960/1270 1272/961/1271 1221/945/1255
f 1221/945/1255 1272/961/1271 1234/962/1272 1159/888/1198
f 1272/961/1271 1230/964/1273 1163/963/1274 1234/962/1272
f 1233/960/1270 1161/953/1263 1230/964/1273 1272/961/1271
f 1159/888/1198 1234/962/1272 1273/965/1275 1219/887/1196
f 1219/887/1196 1273/965/1275 1232/935/1243 1158/886/1197
f 1273/965/1275 1229/966/1276 1162/940/1250 1232/935/1243
f 1234/962/1272 1163/963/1274 1229/966/1276 1273/965/1275
f 1161/967/1277 1238/970/1278 1274/969/1279 1230/968/1280
f 1230/968/1280 1274/969/1279 1237/972/1281 1163/971/1268
f 1274/969/1279 1236/974/1282 1166/973/1283 1237/972/1281
f 1238/970/1278 1164/975/1284 1236/974/1282 1274/969/1279
f 1163/971/1268 1237/972/1281 1275/977/1285 1229/976/1276
f 1229/976/1276 1275/977/1285 1239/979/1286 1162/978/1250
f 1275/977/1285 1235/981/1287 1165/980/1288 1239/979/1286
f 1237/972/1281 1166/973/1283 1235/981/1287 1275/977/1285
o head
v -0.451108 1.338670 0.357936
v -0.449320 2.281318 0.298527
v 0.451108 1.338670 0.357936
v 0.449320 2.281318 0.298527
v -0.564467 1.812043 0.416926
v 0.564467 1.812043 0.416926
v 0.000000 1.241316 0.417419
v -0.000000 2.402167 0.353217
v 0.000000 1.840536 0.580139
v -0.503539 1.262925 0.219227
v -0.523241 2.094232 0.370320
v 0.512228 2.320845 0.144995
v 0.526848 1.530803 0.405517
v 0.268783 1.274112 0.400526
v -0.265175 2.362735 0.337300
v -0.526848 1.530803 0.405517
v -0.512228 2.320845 0.144995
v 0.503539 1.262925 0.219227
v 0.523241 2.094232 0.370320
v -0.268783 1.274112 0.400526
v 0.265175 2.362735 0.337300
v -0.000000 2.522386 0.142202
v -0.000000 1.072455 0.236631
v -0.313141 1.832126 0.540395
v 0.313141 1.832126 0.540395
v 0.000000 1.513797 0.542196
v -0.000000 2.158546 0.509968
v 0.707699 1.787768 0.211569
v -0.707699 1.787768 0.211569
v 0.657807 2.080957 0.178891
v -0.290791 2.134737 0.477382
v 0.275306 1.120740 0.230056
v -0.280894 2.470723 0.139719
v 0.280894 2.470723 0.139719
v -0.275306 1.120740 0.230056
v -0.295613 1.524593 0.510133
v 0.295613 1.524593 0.510133
v 0.290791 2.134737 0.477382
v 0.652219 1.497371 0.220840
v -0.652219 1.497371 0.220840
v -0.657807 2.080957 0.178891
vn 0.7879 0.3375 0.5151
vn 0.6163 0.6436 0.4539
vn 0.5503 0.6020 0.5785
vn 0.6295 0.3516 0.6929
vn 0.8207 0.0321 0.5705
vn 0.6548 0.0467 0.7544
vn -0.0000 0.0548 0.9985
vn -0.0000 0.3853 0.9228
vn -0.2818 0.3686 0.8858
vn -0.2866 0.0556 0.9564
vn -0.0000 0.7316 0.6818
vn -0.2908 0.6980 0.6544
vn -0.5503 0.6020 0.5785
vn -0.6295 0.3516 0.6929
vn -0.6548 0.0467 0.7544
vn 0.2649 -0.7187 0.6429
vn 0.5721 -0.5814 0.5784
vn 0.5177 -0.5121 0.6854
vn 0.2586 -0.5754 0.7759
vn -0.0000 -0.7356 0.6774
vn -0.0000 -0.5925 0.8056
vn -0.3045 0.8307 0.4660
vn -0.6163 0.6436 0.4539
vn -0.0000 0.8704 0.4924
vn 0.3045 0.8307 0.4660
vn 0.2908 0.6980 0.6544
vn -0.2649 -0.7187 0.6429
vn -0.2586 -0.5754 0.7759
vn -0.5721 -0.5814 0.5784
vn -0.5177 -0.5121 0.6854
vn -0.0000 -0.2659 0.9640
vn -0.2583 -0.2536 0.9322
vn -0.6109 -0.2624 0.7470
vn 0.6109 -0.2624 0.7470
vn 0.2583 -0.2536 0.9322
vn 0.2866 0.0556 0.9564
vn 0.2818 0.3686 0.8858
vn 0.7739 -0.2822 0.5670
vn -0.7739 -0.2822 0.5670
vn -0.8207 0.0321 0.5705
vn -0.7879 0.3375 0.5151
vt 0.222549 0.941767
vt 0.191553 0.978654
vt 0.174733 0.957318
vt 0.187224 0.928546
vt 0.237325 0.892876
vt 0.198350 0.889264
vt 0.119839 0.879001
vt 0.112958 0.921161
vt 0.075005 0.912412
vt 0.079248 0.871627
vt 0.106533 0.960527
vt 0.069872 0.949230
vt 0.042892 0.935801
vt 0.040198 0.904551
vt 0.042138 0.863770
vt 0.183509 0.772562
vt 0.216826 0.802026
vt 0.197205 0.818857
vt 0.170953 0.806437
vt 0.139626 0.757758
vt 0.133509 0.795242
vt 0.054934 0.982078
vt 0.020162 0.950682
vt 0.100521 0.997366
vt 0.148604 0.997366
vt 0.144884 0.961472
vt 0.093314 0.757841
vt 0.094448 0.793951
vt 0.052357 0.775184
vt 0.065609 0.797380
vt 0.126811 0.836278
vt 0.087294 0.831376
vt 0.052717 0.825229
vt 0.200574 0.849360
vt 0.165836 0.844195
vt 0.160668 0.884915
vt 0.151724 0.924933
vt 0.234820 0.843855
vt 0.021998 0.809121
vt 0.004037 0.854802
vt 0.002503 0.905854
s 1
usemtl miku_plush
f 1305/982/1289 1287/983/1290 1279/984/1291 1294/985/1292
f 1303/986/1293 1305/982/1289 1294/985/1292 1281/987/1294
f 1284/988/1295 1302/989/1296 1306/990/1297 1299/991/1298
f 1302/989/1296 1283/992/1299 1290/993/1300 1306/990/1297
f 1306/990/1297 1290/993/1300 1277/994/1301 1286/995/1302
f 1299/991/1298 1306/990/1297 1286/995/1302 1280/996/1303
f 1307/997/1304 1293/998/1305 1278/999/1306 1289/1000/1307
f 1298/1001/1308 1307/997/1304 1289/1000/1307 1282/1002/1309
f 1308/1003/1310 1292/1004/1311 1277/994/1301 1290/993/1300
f 1297/1005/1312 1308/1003/1310 1290/993/1300 1283/992/1299
f 1309/1006/1313 1297/1005/1312 1283/992/1299 1296/1007/1314
f 1287/983/1290 1309/1006/1313 1296/1007/1314 1279/984/1291
f 1310/1008/1315 1298/1001/1308 1282/1002/1309 1295/1009/1316
f 1285/1010/1317 1310/1008/1315 1295/1009/1316 1276/1011/1318
f 1282/1002/1309 1301/1012/1319 1311/1013/1320 1295/1009/1316
f 1301/1012/1319 1284/988/1295 1299/991/1298 1311/1013/1320
f 1311/1013/1320 1299/991/1298 1280/996/1303 1291/1014/1321
f 1295/1009/1316 1311/1013/1320 1291/1014/1321 1276/1011/1318
f 1278/999/1306 1288/1015/1322 1312/1016/1323 1289/1000/1307
f 1288/1015/1322 1281/987/1294 1300/1017/1324 1312/1016/1323
f 1312/1016/1323 1300/1017/1324 1284/988/1295 1301/1012/1319
f 1289/1000/1307 1312/1016/1323 1301/1012/1319 1282/1002/1309
f 1281/987/1294 1294/985/1292 1313/1018/1325 1300/1017/1324
f 1294/985/1292 1279/984/1291 1296/1007/1314 1313/1018/1325
f 1313/1018/1325 1296/1007/1314 1283/992/1299 1302/989/1296
f 1300/1017/1324 1313/1018/1325 1302/989/1296 1284/988/1295
f 1314/1019/1326 1303/986/1293 1281/987/1294 1288/1015/1322
f 1293/998/1305 1314/1019/1326 1288/1015/1322 1278/999/1306
f 1276/1011/1318 1291/1014/1321 1315/1020/1327 1285/1010/1317
f 1291/1014/1321 1280/996/1303 1304/1021/1328 1315/1020/1327
f 1280/996/1303 1286/995/1302 1316/1022/1329 1304/1021/1328
f 1286/995/1302 1277/994/1301 1292/1004/1311 1316/1022/1329
